date,product_id,item_code,quantity,sales_value_sar
2026-05-29,1,SKU-10001,1,80.12
2026-05-30,1,SKU-10001,2,160.24
2026-05-31,1,SKU-10001,4,320.48
2026-06-01,1,SKU-10001,2,160.24
2026-06-02,1,SKU-10001,5,400.6
2026-06-03,1,SKU-10001,3,240.36
2026-06-04,1,SKU-10001,2,160.24
2026-06-05,1,SKU-10001,2,160.24
2026-06-06,1,SKU-10001,2,160.24
2026-06-07,1,SKU-10001,1,80.12
2026-06-08,1,SKU-10001,2,160.24
2026-06-09,1,SKU-10001,0,0.0
2026-06-10,1,SKU-10001,4,320.48
2026-06-11,1,SKU-10001,3,240.36
2026-06-12,1,SKU-10001,2,160.24
2026-06-13,1,SKU-10001,4,320.48
2026-06-14,1,SKU-10001,2,160.24
2026-06-15,1,SKU-10001,0,0.0
2026-06-16,1,SKU-10001,6,480.72
2026-06-17,1,SKU-10001,2,160.24
2026-06-18,1,SKU-10001,4,320.48
2026-06-19,1,SKU-10001,6,480.72
2026-06-20,1,SKU-10001,7,560.84
2026-06-21,1,SKU-10001,6,480.72
2026-06-22,1,SKU-10001,4,320.48
2026-06-23,1,SKU-10001,2,160.24
2026-06-24,1,SKU-10001,3,240.36
2026-06-25,1,SKU-10001,4,320.48
2026-06-26,1,SKU-10001,3,240.36
2026-06-27,1,SKU-10001,9,721.08
2026-06-28,1,SKU-10001,3,240.36
2026-06-29,1,SKU-10001,0,0.0
2026-06-30,1,SKU-10001,4,320.48
2026-07-01,1,SKU-10001,5,400.6
2026-07-02,1,SKU-10001,6,480.72
2026-07-03,1,SKU-10001,5,400.6
2026-07-04,1,SKU-10001,2,160.24
2026-07-05,1,SKU-10001,2,160.24
2026-07-06,1,SKU-10001,3,240.36
2026-07-07,1,SKU-10001,5,400.6
2026-07-08,1,SKU-10001,4,320.48
2026-07-09,1,SKU-10001,5,400.6
2026-07-10,1,SKU-10001,3,240.36
2026-07-11,1,SKU-10001,0,0.0
2026-07-12,1,SKU-10001,6,480.72
2026-07-13,1,SKU-10001,6,480.72
2026-07-14,1,SKU-10001,5,400.6
2026-07-15,1,SKU-10001,5,400.6
2026-07-16,1,SKU-10001,3,240.36
2026-07-17,1,SKU-10001,2,160.24
2026-07-18,1,SKU-10001,5,400.6
2026-07-19,1,SKU-10001,3,240.36
2026-07-20,1,SKU-10001,5,400.6
2026-07-21,1,SKU-10001,3,240.36
2026-07-22,1,SKU-10001,4,320.48
2026-07-23,1,SKU-10001,0,0.0
2026-07-24,1,SKU-10001,12,961.44
2026-07-25,1,SKU-10001,2,160.24
2026-07-26,1,SKU-10001,2,160.24
2026-07-27,1,SKU-10001,3,240.36
2026-07-28,1,SKU-10001,5,400.6
2026-07-29,1,SKU-10001,6,480.72
2026-07-30,1,SKU-10001,3,240.36
2026-07-31,1,SKU-10001,2,160.24
2026-08-01,1,SKU-10001,4,320.48
2026-08-02,1,SKU-10001,4,320.48
2026-08-03,1,SKU-10001,6,480.72
2026-08-04,1,SKU-10001,5,400.6
2026-08-05,1,SKU-10001,5,400.6
2026-08-06,1,SKU-10001,6,480.72
2026-08-07,1,SKU-10001,4,320.48
2026-08-08,1,SKU-10001,3,240.36
2026-08-09,1,SKU-10001,1,80.12
2026-08-10,1,SKU-10001,1,80.12
2026-08-11,1,SKU-10001,2,160.24
2026-08-12,1,SKU-10001,2,160.24
2026-08-13,1,SKU-10001,9,721.08
2026-08-14,1,SKU-10001,3,240.36
2026-08-15,1,SKU-10001,3,240.36
2026-08-16,1,SKU-10001,6,480.72
2026-08-17,1,SKU-10001,2,160.24
2026-08-18,1,SKU-10001,7,560.84
2026-08-19,1,SKU-10001,4,320.48
2026-08-20,1,SKU-10001,6,480.72
2026-08-21,1,SKU-10001,4,320.48
2026-08-22,1,SKU-10001,5,400.6
2026-08-23,1,SKU-10001,2,160.24
2026-08-24,1,SKU-10001,5,400.6
2026-08-25,1,SKU-10001,3,240.36
2026-08-26,1,SKU-10001,4,320.48
2026-05-29,2,SKU-10002,0,0.0
2026-05-30,2,SKU-10002,0,0.0
2026-05-31,2,SKU-10002,0,0.0
2026-06-01,2,SKU-10002,0,0.0
2026-06-02,2,SKU-10002,0,0.0
2026-06-03,2,SKU-10002,0,0.0
2026-06-04,2,SKU-10002,0,0.0
2026-06-05,2,SKU-10002,0,0.0
2026-06-06,2,SKU-10002,0,0.0
2026-06-07,2,SKU-10002,0,0.0
2026-06-08,2,SKU-10002,0,0.0
2026-06-09,2,SKU-10002,0,0.0
2026-06-10,2,SKU-10002,0,0.0
2026-06-11,2,SKU-10002,0,0.0
2026-06-12,2,SKU-10002,0,0.0
2026-06-13,2,SKU-10002,0,0.0
2026-06-14,2,SKU-10002,0,0.0
2026-06-15,2,SKU-10002,0,0.0
2026-06-16,2,SKU-10002,0,0.0
2026-06-17,2,SKU-10002,0,0.0
2026-06-18,2,SKU-10002,0,0.0
2026-06-19,2,SKU-10002,0,0.0
2026-06-20,2,SKU-10002,0,0.0
2026-06-21,2,SKU-10002,0,0.0
2026-06-22,2,SKU-10002,0,0.0
2026-06-23,2,SKU-10002,0,0.0
2026-06-24,2,SKU-10002,0,0.0
2026-06-25,2,SKU-10002,0,0.0
2026-06-26,2,SKU-10002,0,0.0
2026-06-27,2,SKU-10002,0,0.0
2026-06-28,2,SKU-10002,0,0.0
2026-06-29,2,SKU-10002,0,0.0
2026-06-30,2,SKU-10002,0,0.0
2026-07-01,2,SKU-10002,0,0.0
2026-07-02,2,SKU-10002,0,0.0
2026-07-03,2,SKU-10002,0,0.0
2026-07-04,2,SKU-10002,0,0.0
2026-07-05,2,SKU-10002,0,0.0
2026-07-06,2,SKU-10002,0,0.0
2026-07-07,2,SKU-10002,0,0.0
2026-07-08,2,SKU-10002,0,0.0
2026-07-09,2,SKU-10002,0,0.0
2026-07-10,2,SKU-10002,0,0.0
2026-07-11,2,SKU-10002,0,0.0
2026-07-12,2,SKU-10002,0,0.0
2026-07-13,2,SKU-10002,0,0.0
2026-07-14,2,SKU-10002,0,0.0
2026-07-15,2,SKU-10002,0,0.0
2026-07-16,2,SKU-10002,0,0.0
2026-07-17,2,SKU-10002,0,0.0
2026-07-18,2,SKU-10002,0,0.0
2026-07-19,2,SKU-10002,0,0.0
2026-07-20,2,SKU-10002,0,0.0
2026-07-21,2,SKU-10002,0,0.0
2026-07-22,2,SKU-10002,0,0.0
2026-07-23,2,SKU-10002,0,0.0
2026-07-24,2,SKU-10002,0,0.0
2026-07-25,2,SKU-10002,0,0.0
2026-07-26,2,SKU-10002,0,0.0
2026-07-27,2,SKU-10002,0,0.0
2026-07-28,2,SKU-10002,0,0.0
2026-07-29,2,SKU-10002,0,0.0
2026-07-30,2,SKU-10002,0,0.0
2026-07-31,2,SKU-10002,0,0.0
2026-08-01,2,SKU-10002,0,0.0
2026-08-02,2,SKU-10002,0,0.0
2026-08-03,2,SKU-10002,0,0.0
2026-08-04,2,SKU-10002,0,0.0
2026-08-05,2,SKU-10002,0,0.0
2026-08-06,2,SKU-10002,0,0.0
2026-08-07,2,SKU-10002,0,0.0
2026-08-08,2,SKU-10002,0,0.0
2026-08-09,2,SKU-10002,0,0.0
2026-08-10,2,SKU-10002,0,0.0
2026-08-11,2,SKU-10002,0,0.0
2026-08-12,2,SKU-10002,0,0.0
2026-08-13,2,SKU-10002,0,0.0
2026-08-14,2,SKU-10002,0,0.0
2026-08-15,2,SKU-10002,0,0.0
2026-08-16,2,SKU-10002,0,0.0
2026-08-17,2,SKU-10002,0,0.0
2026-08-18,2,SKU-10002,0,0.0
2026-08-19,2,SKU-10002,0,0.0
2026-08-20,2,SKU-10002,0,0.0
2026-08-21,2,SKU-10002,0,0.0
2026-08-22,2,SKU-10002,0,0.0
2026-08-23,2,SKU-10002,0,0.0
2026-08-24,2,SKU-10002,0,0.0
2026-08-25,2,SKU-10002,0,0.0
2026-08-26,2,SKU-10002,0,0.0
2026-05-29,3,SKU-10003,0,0.0
2026-05-30,3,SKU-10003,0,0.0
2026-05-31,3,SKU-10003,0,0.0
2026-06-01,3,SKU-10003,0,0.0
2026-06-02,3,SKU-10003,0,0.0
2026-06-03,3,SKU-10003,0,0.0
2026-06-04,3,SKU-10003,0,0.0
2026-06-05,3,SKU-10003,0,0.0
2026-06-06,3,SKU-10003,0,0.0
2026-06-07,3,SKU-10003,0,0.0
2026-06-08,3,SKU-10003,0,0.0
2026-06-09,3,SKU-10003,0,0.0
2026-06-10,3,SKU-10003,0,0.0
2026-06-11,3,SKU-10003,0,0.0
2026-06-12,3,SKU-10003,0,0.0
2026-06-13,3,SKU-10003,0,0.0
2026-06-14,3,SKU-10003,0,0.0
2026-06-15,3,SKU-10003,0,0.0
2026-06-16,3,SKU-10003,0,0.0
2026-06-17,3,SKU-10003,0,0.0
2026-06-18,3,SKU-10003,0,0.0
2026-06-19,3,SKU-10003,0,0.0
2026-06-20,3,SKU-10003,0,0.0
2026-06-21,3,SKU-10003,0,0.0
2026-06-22,3,SKU-10003,0,0.0
2026-06-23,3,SKU-10003,0,0.0
2026-06-24,3,SKU-10003,0,0.0
2026-06-25,3,SKU-10003,0,0.0
2026-06-26,3,SKU-10003,0,0.0
2026-06-27,3,SKU-10003,0,0.0
2026-06-28,3,SKU-10003,0,0.0
2026-06-29,3,SKU-10003,0,0.0
2026-06-30,3,SKU-10003,0,0.0
2026-07-01,3,SKU-10003,0,0.0
2026-07-02,3,SKU-10003,0,0.0
2026-07-03,3,SKU-10003,0,0.0
2026-07-04,3,SKU-10003,0,0.0
2026-07-05,3,SKU-10003,0,0.0
2026-07-06,3,SKU-10003,0,0.0
2026-07-07,3,SKU-10003,0,0.0
2026-07-08,3,SKU-10003,0,0.0
2026-07-09,3,SKU-10003,0,0.0
2026-07-10,3,SKU-10003,0,0.0
2026-07-11,3,SKU-10003,0,0.0
2026-07-12,3,SKU-10003,0,0.0
2026-07-13,3,SKU-10003,0,0.0
2026-07-14,3,SKU-10003,0,0.0
2026-07-15,3,SKU-10003,0,0.0
2026-07-16,3,SKU-10003,0,0.0
2026-07-17,3,SKU-10003,0,0.0
2026-07-18,3,SKU-10003,0,0.0
2026-07-19,3,SKU-10003,0,0.0
2026-07-20,3,SKU-10003,0,0.0
2026-07-21,3,SKU-10003,0,0.0
2026-07-22,3,SKU-10003,0,0.0
2026-07-23,3,SKU-10003,0,0.0
2026-07-24,3,SKU-10003,0,0.0
2026-07-25,3,SKU-10003,0,0.0
2026-07-26,3,SKU-10003,0,0.0
2026-07-27,3,SKU-10003,0,0.0
2026-07-28,3,SKU-10003,0,0.0
2026-07-29,3,SKU-10003,0,0.0
2026-07-30,3,SKU-10003,0,0.0
2026-07-31,3,SKU-10003,0,0.0
2026-08-01,3,SKU-10003,0,0.0
2026-08-02,3,SKU-10003,0,0.0
2026-08-03,3,SKU-10003,0,0.0
2026-08-04,3,SKU-10003,0,0.0
2026-08-05,3,SKU-10003,0,0.0
2026-08-06,3,SKU-10003,0,0.0
2026-08-07,3,SKU-10003,0,0.0
2026-08-08,3,SKU-10003,0,0.0
2026-08-09,3,SKU-10003,0,0.0
2026-08-10,3,SKU-10003,0,0.0
2026-08-11,3,SKU-10003,0,0.0
2026-08-12,3,SKU-10003,0,0.0
2026-08-13,3,SKU-10003,0,0.0
2026-08-14,3,SKU-10003,0,0.0
2026-08-15,3,SKU-10003,0,0.0
2026-08-16,3,SKU-10003,0,0.0
2026-08-17,3,SKU-10003,0,0.0
2026-08-18,3,SKU-10003,0,0.0
2026-08-19,3,SKU-10003,0,0.0
2026-08-20,3,SKU-10003,0,0.0
2026-08-21,3,SKU-10003,0,0.0
2026-08-22,3,SKU-10003,0,0.0
2026-08-23,3,SKU-10003,0,0.0
2026-08-24,3,SKU-10003,0,0.0
2026-08-25,3,SKU-10003,0,0.0
2026-08-26,3,SKU-10003,0,0.0
2026-05-29,4,SKU-10004,0,0.0
2026-05-30,4,SKU-10004,0,0.0
2026-05-31,4,SKU-10004,0,0.0
2026-06-01,4,SKU-10004,0,0.0
2026-06-02,4,SKU-10004,0,0.0
2026-06-03,4,SKU-10004,0,0.0
2026-06-04,4,SKU-10004,0,0.0
2026-06-05,4,SKU-10004,0,0.0
2026-06-06,4,SKU-10004,0,0.0
2026-06-07,4,SKU-10004,0,0.0
2026-06-08,4,SKU-10004,0,0.0
2026-06-09,4,SKU-10004,0,0.0
2026-06-10,4,SKU-10004,0,0.0
2026-06-11,4,SKU-10004,0,0.0
2026-06-12,4,SKU-10004,0,0.0
2026-06-13,4,SKU-10004,0,0.0
2026-06-14,4,SKU-10004,0,0.0
2026-06-15,4,SKU-10004,0,0.0
2026-06-16,4,SKU-10004,0,0.0
2026-06-17,4,SKU-10004,0,0.0
2026-06-18,4,SKU-10004,0,0.0
2026-06-19,4,SKU-10004,0,0.0
2026-06-20,4,SKU-10004,0,0.0
2026-06-21,4,SKU-10004,0,0.0
2026-06-22,4,SKU-10004,0,0.0
2026-06-23,4,SKU-10004,0,0.0
2026-06-24,4,SKU-10004,0,0.0
2026-06-25,4,SKU-10004,0,0.0
2026-06-26,4,SKU-10004,0,0.0
2026-06-27,4,SKU-10004,0,0.0
2026-06-28,4,SKU-10004,0,0.0
2026-06-29,4,SKU-10004,0,0.0
2026-06-30,4,SKU-10004,0,0.0
2026-07-01,4,SKU-10004,0,0.0
2026-07-02,4,SKU-10004,0,0.0
2026-07-03,4,SKU-10004,0,0.0
2026-07-04,4,SKU-10004,0,0.0
2026-07-05,4,SKU-10004,0,0.0
2026-07-06,4,SKU-10004,0,0.0
2026-07-07,4,SKU-10004,0,0.0
2026-07-08,4,SKU-10004,0,0.0
2026-07-09,4,SKU-10004,0,0.0
2026-07-10,4,SKU-10004,0,0.0
2026-07-11,4,SKU-10004,0,0.0
2026-07-12,4,SKU-10004,0,0.0
2026-07-13,4,SKU-10004,0,0.0
2026-07-14,4,SKU-10004,0,0.0
2026-07-15,4,SKU-10004,0,0.0
2026-07-16,4,SKU-10004,0,0.0
2026-07-17,4,SKU-10004,0,0.0
2026-07-18,4,SKU-10004,0,0.0
2026-07-19,4,SKU-10004,0,0.0
2026-07-20,4,SKU-10004,0,0.0
2026-07-21,4,SKU-10004,0,0.0
2026-07-22,4,SKU-10004,0,0.0
2026-07-23,4,SKU-10004,0,0.0
2026-07-24,4,SKU-10004,0,0.0
2026-07-25,4,SKU-10004,0,0.0
2026-07-26,4,SKU-10004,0,0.0
2026-07-27,4,SKU-10004,0,0.0
2026-07-28,4,SKU-10004,0,0.0
2026-07-29,4,SKU-10004,0,0.0
2026-07-30,4,SKU-10004,0,0.0
2026-07-31,4,SKU-10004,0,0.0
2026-08-01,4,SKU-10004,0,0.0
2026-08-02,4,SKU-10004,0,0.0
2026-08-03,4,SKU-10004,0,0.0
2026-08-04,4,SKU-10004,0,0.0
2026-08-05,4,SKU-10004,0,0.0
2026-08-06,4,SKU-10004,0,0.0
2026-08-07,4,SKU-10004,0,0.0
2026-08-08,4,SKU-10004,0,0.0
2026-08-09,4,SKU-10004,0,0.0
2026-08-10,4,SKU-10004,0,0.0
2026-08-11,4,SKU-10004,0,0.0
2026-08-12,4,SKU-10004,0,0.0
2026-08-13,4,SKU-10004,0,0.0
2026-08-14,4,SKU-10004,0,0.0
2026-08-15,4,SKU-10004,0,0.0
2026-08-16,4,SKU-10004,0,0.0
2026-08-17,4,SKU-10004,0,0.0
2026-08-18,4,SKU-10004,0,0.0
2026-08-19,4,SKU-10004,0,0.0
2026-08-20,4,SKU-10004,0,0.0
2026-08-21,4,SKU-10004,0,0.0
2026-08-22,4,SKU-10004,0,0.0
2026-08-23,4,SKU-10004,0,0.0
2026-08-24,4,SKU-10004,0,0.0
2026-08-25,4,SKU-10004,0,0.0
2026-08-26,4,SKU-10004,0,0.0
2026-05-29,5,SKU-10005,1,140.34
2026-05-30,5,SKU-10005,0,0.0
2026-05-31,5,SKU-10005,1,140.34
2026-06-01,5,SKU-10005,3,421.02
2026-06-02,5,SKU-10005,2,280.68
2026-06-03,5,SKU-10005,1,140.34
2026-06-04,5,SKU-10005,1,140.34
2026-06-05,5,SKU-10005,1,140.34
2026-06-06,5,SKU-10005,4,561.36
2026-06-07,5,SKU-10005,0,0.0
2026-06-08,5,SKU-10005,2,280.68
2026-06-09,5,SKU-10005,3,421.02
2026-06-10,5,SKU-10005,2,280.68
2026-06-11,5,SKU-10005,1,140.34
2026-06-12,5,SKU-10005,1,140.34
2026-06-13,5,SKU-10005,2,280.68
2026-06-14,5,SKU-10005,0,0.0
2026-06-15,5,SKU-10005,4,561.36
2026-06-16,5,SKU-10005,1,140.34
2026-06-17,5,SKU-10005,1,140.34
2026-06-18,5,SKU-10005,2,280.68
2026-06-19,5,SKU-10005,2,280.68
2026-06-20,5,SKU-10005,1,140.34
2026-06-21,5,SKU-10005,3,421.02
2026-06-22,5,SKU-10005,2,280.68
2026-06-23,5,SKU-10005,2,280.68
2026-06-24,5,SKU-10005,2,280.68
2026-06-25,5,SKU-10005,3,421.02
2026-06-26,5,SKU-10005,0,0.0
2026-06-27,5,SKU-10005,2,280.68
2026-06-28,5,SKU-10005,2,280.68
2026-06-29,5,SKU-10005,2,280.68
2026-06-30,5,SKU-10005,2,280.68
2026-07-01,5,SKU-10005,2,280.68
2026-07-02,5,SKU-10005,6,842.04
2026-07-03,5,SKU-10005,2,280.68
2026-07-04,5,SKU-10005,5,701.7
2026-07-05,5,SKU-10005,5,701.7
2026-07-06,5,SKU-10005,1,140.34
2026-07-07,5,SKU-10005,2,280.68
2026-07-08,5,SKU-10005,3,421.02
2026-07-09,5,SKU-10005,5,701.7
2026-07-10,5,SKU-10005,2,280.68
2026-07-11,5,SKU-10005,1,140.34
2026-07-12,5,SKU-10005,4,561.36
2026-07-13,5,SKU-10005,0,0.0
2026-07-14,5,SKU-10005,2,280.68
2026-07-15,5,SKU-10005,2,280.68
2026-07-16,5,SKU-10005,3,421.02
2026-07-17,5,SKU-10005,2,280.68
2026-07-18,5,SKU-10005,4,561.36
2026-07-19,5,SKU-10005,0,0.0
2026-07-20,5,SKU-10005,3,421.02
2026-07-21,5,SKU-10005,2,280.68
2026-07-22,5,SKU-10005,4,561.36
2026-07-23,5,SKU-10005,3,421.02
2026-07-24,5,SKU-10005,4,561.36
2026-07-25,5,SKU-10005,1,140.34
2026-07-26,5,SKU-10005,1,140.34
2026-07-27,5,SKU-10005,4,561.36
2026-07-28,5,SKU-10005,4,561.36
2026-07-29,5,SKU-10005,3,421.02
2026-07-30,5,SKU-10005,4,561.36
2026-07-31,5,SKU-10005,6,842.04
2026-08-01,5,SKU-10005,2,280.68
2026-08-02,5,SKU-10005,1,140.34
2026-08-03,5,SKU-10005,1,140.34
2026-08-04,5,SKU-10005,1,140.34
2026-08-05,5,SKU-10005,0,0.0
2026-08-06,5,SKU-10005,0,0.0
2026-08-07,5,SKU-10005,4,561.36
2026-08-08,5,SKU-10005,0,0.0
2026-08-09,5,SKU-10005,1,140.34
2026-08-10,5,SKU-10005,0,0.0
2026-08-11,5,SKU-10005,4,561.36
2026-08-12,5,SKU-10005,0,0.0
2026-08-13,5,SKU-10005,4,561.36
2026-08-14,5,SKU-10005,6,842.04
2026-08-15,5,SKU-10005,2,280.68
2026-08-16,5,SKU-10005,1,140.34
2026-08-17,5,SKU-10005,0,0.0
2026-08-18,5,SKU-10005,0,0.0
2026-08-19,5,SKU-10005,3,421.02
2026-08-20,5,SKU-10005,2,280.68
2026-08-21,5,SKU-10005,2,280.68
2026-08-22,5,SKU-10005,2,280.68
2026-08-23,5,SKU-10005,3,421.02
2026-08-24,5,SKU-10005,3,421.02
2026-08-25,5,SKU-10005,0,0.0
2026-08-26,5,SKU-10005,0,0.0
2026-05-29,6,SKU-10006,0,0.0
2026-05-30,6,SKU-10006,0,0.0
2026-05-31,6,SKU-10006,0,0.0
2026-06-01,6,SKU-10006,0,0.0
2026-06-02,6,SKU-10006,0,0.0
2026-06-03,6,SKU-10006,0,0.0
2026-06-04,6,SKU-10006,0,0.0
2026-06-05,6,SKU-10006,0,0.0
2026-06-06,6,SKU-10006,0,0.0
2026-06-07,6,SKU-10006,0,0.0
2026-06-08,6,SKU-10006,0,0.0
2026-06-09,6,SKU-10006,0,0.0
2026-06-10,6,SKU-10006,0,0.0
2026-06-11,6,SKU-10006,0,0.0
2026-06-12,6,SKU-10006,0,0.0
2026-06-13,6,SKU-10006,0,0.0
2026-06-14,6,SKU-10006,0,0.0
2026-06-15,6,SKU-10006,0,0.0
2026-06-16,6,SKU-10006,0,0.0
2026-06-17,6,SKU-10006,0,0.0
2026-06-18,6,SKU-10006,0,0.0
2026-06-19,6,SKU-10006,0,0.0
2026-06-20,6,SKU-10006,0,0.0
2026-06-21,6,SKU-10006,0,0.0
2026-06-22,6,SKU-10006,0,0.0
2026-06-23,6,SKU-10006,0,0.0
2026-06-24,6,SKU-10006,0,0.0
2026-06-25,6,SKU-10006,0,0.0
2026-06-26,6,SKU-10006,0,0.0
2026-06-27,6,SKU-10006,0,0.0
2026-06-28,6,SKU-10006,0,0.0
2026-06-29,6,SKU-10006,0,0.0
2026-06-30,6,SKU-10006,0,0.0
2026-07-01,6,SKU-10006,0,0.0
2026-07-02,6,SKU-10006,0,0.0
2026-07-03,6,SKU-10006,0,0.0
2026-07-04,6,SKU-10006,0,0.0
2026-07-05,6,SKU-10006,0,0.0
2026-07-06,6,SKU-10006,0,0.0
2026-07-07,6,SKU-10006,0,0.0
2026-07-08,6,SKU-10006,0,0.0
2026-07-09,6,SKU-10006,0,0.0
2026-07-10,6,SKU-10006,0,0.0
2026-07-11,6,SKU-10006,0,0.0
2026-07-12,6,SKU-10006,0,0.0
2026-07-13,6,SKU-10006,0,0.0
2026-07-14,6,SKU-10006,0,0.0
2026-07-15,6,SKU-10006,0,0.0
2026-07-16,6,SKU-10006,0,0.0
2026-07-17,6,SKU-10006,0,0.0
2026-07-18,6,SKU-10006,0,0.0
2026-07-19,6,SKU-10006,0,0.0
2026-07-20,6,SKU-10006,0,0.0
2026-07-21,6,SKU-10006,0,0.0
2026-07-22,6,SKU-10006,0,0.0
2026-07-23,6,SKU-10006,0,0.0
2026-07-24,6,SKU-10006,0,0.0
2026-07-25,6,SKU-10006,0,0.0
2026-07-26,6,SKU-10006,0,0.0
2026-07-27,6,SKU-10006,0,0.0
2026-07-28,6,SKU-10006,0,0.0
2026-07-29,6,SKU-10006,0,0.0
2026-07-30,6,SKU-10006,0,0.0
2026-07-31,6,SKU-10006,0,0.0
2026-08-01,6,SKU-10006,0,0.0
2026-08-02,6,SKU-10006,0,0.0
2026-08-03,6,SKU-10006,0,0.0
2026-08-04,6,SKU-10006,0,0.0
2026-08-05,6,SKU-10006,0,0.0
2026-08-06,6,SKU-10006,0,0.0
2026-08-07,6,SKU-10006,0,0.0
2026-08-08,6,SKU-10006,0,0.0
2026-08-09,6,SKU-10006,0,0.0
2026-08-10,6,SKU-10006,0,0.0
2026-08-11,6,SKU-10006,0,0.0
2026-08-12,6,SKU-10006,0,0.0
2026-08-13,6,SKU-10006,0,0.0
2026-08-14,6,SKU-10006,0,0.0
2026-08-15,6,SKU-10006,0,0.0
2026-08-16,6,SKU-10006,0,0.0
2026-08-17,6,SKU-10006,0,0.0
2026-08-18,6,SKU-10006,0,0.0
2026-08-19,6,SKU-10006,0,0.0
2026-08-20,6,SKU-10006,0,0.0
2026-08-21,6,SKU-10006,0,0.0
2026-08-22,6,SKU-10006,0,0.0
2026-08-23,6,SKU-10006,0,0.0
2026-08-24,6,SKU-10006,0,0.0
2026-08-25,6,SKU-10006,0,0.0
2026-08-26,6,SKU-10006,0,0.0
2026-05-29,7,SKU-10007,0,0.0
2026-05-30,7,SKU-10007,0,0.0
2026-05-31,7,SKU-10007,6,756.0
2026-06-01,7,SKU-10007,8,1008.0
2026-06-02,7,SKU-10007,4,504.0
2026-06-03,7,SKU-10007,3,378.0
2026-06-04,7,SKU-10007,5,630.0
2026-06-05,7,SKU-10007,1,126.0
2026-06-06,7,SKU-10007,4,504.0
2026-06-07,7,SKU-10007,2,252.0
2026-06-08,7,SKU-10007,5,630.0
2026-06-09,7,SKU-10007,4,504.0
2026-06-10,7,SKU-10007,1,126.0
2026-06-11,7,SKU-10007,1,126.0
2026-06-12,7,SKU-10007,5,630.0
2026-06-13,7,SKU-10007,5,630.0
2026-06-14,7,SKU-10007,1,126.0
2026-06-15,7,SKU-10007,2,252.0
2026-06-16,7,SKU-10007,3,378.0
2026-06-17,7,SKU-10007,6,756.0
2026-06-18,7,SKU-10007,8,1008.0
2026-06-19,7,SKU-10007,4,504.0
2026-06-20,7,SKU-10007,4,504.0
2026-06-21,7,SKU-10007,1,126.0
2026-06-22,7,SKU-10007,5,630.0
2026-06-23,7,SKU-10007,2,252.0
2026-06-24,7,SKU-10007,5,630.0
2026-06-25,7,SKU-10007,3,378.0
2026-06-26,7,SKU-10007,2,252.0
2026-06-27,7,SKU-10007,3,378.0
2026-06-28,7,SKU-10007,5,630.0
2026-06-29,7,SKU-10007,5,630.0
2026-06-30,7,SKU-10007,7,882.0
2026-07-01,7,SKU-10007,3,378.0
2026-07-02,7,SKU-10007,5,630.0
2026-07-03,7,SKU-10007,4,504.0
2026-07-04,7,SKU-10007,3,378.0
2026-07-05,7,SKU-10007,3,378.0
2026-07-06,7,SKU-10007,5,630.0
2026-07-07,7,SKU-10007,2,252.0
2026-07-08,7,SKU-10007,4,504.0
2026-07-09,7,SKU-10007,3,378.0
2026-07-10,7,SKU-10007,1,126.0
2026-07-11,7,SKU-10007,3,378.0
2026-07-12,7,SKU-10007,6,756.0
2026-07-13,7,SKU-10007,2,252.0
2026-07-14,7,SKU-10007,2,252.0
2026-07-15,7,SKU-10007,4,504.0
2026-07-16,7,SKU-10007,4,504.0
2026-07-17,7,SKU-10007,2,252.0
2026-07-18,7,SKU-10007,2,252.0
2026-07-19,7,SKU-10007,2,252.0
2026-07-20,7,SKU-10007,4,504.0
2026-07-21,7,SKU-10007,5,630.0
2026-07-22,7,SKU-10007,1,126.0
2026-07-23,7,SKU-10007,2,252.0
2026-07-24,7,SKU-10007,0,0.0
2026-07-25,7,SKU-10007,0,0.0
2026-07-26,7,SKU-10007,4,504.0
2026-07-27,7,SKU-10007,7,882.0
2026-07-28,7,SKU-10007,4,504.0
2026-07-29,7,SKU-10007,7,882.0
2026-07-30,7,SKU-10007,5,630.0
2026-07-31,7,SKU-10007,5,630.0
2026-08-01,7,SKU-10007,6,756.0
2026-08-02,7,SKU-10007,3,378.0
2026-08-03,7,SKU-10007,1,126.0
2026-08-04,7,SKU-10007,6,756.0
2026-08-05,7,SKU-10007,2,252.0
2026-08-06,7,SKU-10007,2,252.0
2026-08-07,7,SKU-10007,2,252.0
2026-08-08,7,SKU-10007,2,252.0
2026-08-09,7,SKU-10007,1,126.0
2026-08-10,7,SKU-10007,4,504.0
2026-08-11,7,SKU-10007,3,378.0
2026-08-12,7,SKU-10007,0,0.0
2026-08-13,7,SKU-10007,2,252.0
2026-08-14,7,SKU-10007,3,378.0
2026-08-15,7,SKU-10007,7,882.0
2026-08-16,7,SKU-10007,2,252.0
2026-08-17,7,SKU-10007,2,252.0
2026-08-18,7,SKU-10007,3,378.0
2026-08-19,7,SKU-10007,8,1008.0
2026-08-20,7,SKU-10007,5,630.0
2026-08-21,7,SKU-10007,3,378.0
2026-08-22,7,SKU-10007,4,504.0
2026-08-23,7,SKU-10007,1,126.0
2026-08-24,7,SKU-10007,8,1008.0
2026-08-25,7,SKU-10007,2,252.0
2026-08-26,7,SKU-10007,5,630.0
2026-05-29,8,SKU-10008,5,792.0
2026-05-30,8,SKU-10008,6,950.4
2026-05-31,8,SKU-10008,3,475.2
2026-06-01,8,SKU-10008,1,158.4
2026-06-02,8,SKU-10008,9,1425.6
2026-06-03,8,SKU-10008,4,633.6
2026-06-04,8,SKU-10008,3,475.2
2026-06-05,8,SKU-10008,5,792.0
2026-06-06,8,SKU-10008,5,792.0
2026-06-07,8,SKU-10008,4,633.6
2026-06-08,8,SKU-10008,0,0.0
2026-06-09,8,SKU-10008,5,792.0
2026-06-10,8,SKU-10008,11,1742.4
2026-06-11,8,SKU-10008,5,792.0
2026-06-12,8,SKU-10008,4,633.6
2026-06-13,8,SKU-10008,2,316.8
2026-06-14,8,SKU-10008,4,633.6
2026-06-15,8,SKU-10008,4,633.6
2026-06-16,8,SKU-10008,2,316.8
2026-06-17,8,SKU-10008,6,950.4
2026-06-18,8,SKU-10008,4,633.6
2026-06-19,8,SKU-10008,2,316.8
2026-06-20,8,SKU-10008,3,475.2
2026-06-21,8,SKU-10008,3,475.2
2026-06-22,8,SKU-10008,3,475.2
2026-06-23,8,SKU-10008,5,792.0
2026-06-24,8,SKU-10008,1,158.4
2026-06-25,8,SKU-10008,8,1267.2
2026-06-26,8,SKU-10008,6,950.4
2026-06-27,8,SKU-10008,6,950.4
2026-06-28,8,SKU-10008,2,316.8
2026-06-29,8,SKU-10008,1,158.4
2026-06-30,8,SKU-10008,3,475.2
2026-07-01,8,SKU-10008,5,792.0
2026-07-02,8,SKU-10008,3,475.2
2026-07-03,8,SKU-10008,7,1108.8
2026-07-04,8,SKU-10008,6,950.4
2026-07-05,8,SKU-10008,5,792.0
2026-07-06,8,SKU-10008,2,316.8
2026-07-07,8,SKU-10008,4,633.6
2026-07-08,8,SKU-10008,4,633.6
2026-07-09,8,SKU-10008,7,1108.8
2026-07-10,8,SKU-10008,5,792.0
2026-07-11,8,SKU-10008,5,792.0
2026-07-12,8,SKU-10008,3,475.2
2026-07-13,8,SKU-10008,5,792.0
2026-07-14,8,SKU-10008,4,633.6
2026-07-15,8,SKU-10008,1,158.4
2026-07-16,8,SKU-10008,4,633.6
2026-07-17,8,SKU-10008,6,950.4
2026-07-18,8,SKU-10008,4,633.6
2026-07-19,8,SKU-10008,6,950.4
2026-07-20,8,SKU-10008,3,475.2
2026-07-21,8,SKU-10008,3,475.2
2026-07-22,8,SKU-10008,6,950.4
2026-07-23,8,SKU-10008,5,792.0
2026-07-24,8,SKU-10008,7,1108.8
2026-07-25,8,SKU-10008,7,1108.8
2026-07-26,8,SKU-10008,1,158.4
2026-07-27,8,SKU-10008,2,316.8
2026-07-28,8,SKU-10008,5,792.0
2026-07-29,8,SKU-10008,5,792.0
2026-07-30,8,SKU-10008,2,316.8
2026-07-31,8,SKU-10008,10,1584.0
2026-08-01,8,SKU-10008,6,950.4
2026-08-02,8,SKU-10008,6,950.4
2026-08-03,8,SKU-10008,5,792.0
2026-08-04,8,SKU-10008,2,316.8
2026-08-05,8,SKU-10008,4,633.6
2026-08-06,8,SKU-10008,1,158.4
2026-08-07,8,SKU-10008,3,475.2
2026-08-08,8,SKU-10008,8,1267.2
2026-08-09,8,SKU-10008,4,633.6
2026-08-10,8,SKU-10008,5,792.0
2026-08-11,8,SKU-10008,2,316.8
2026-08-12,8,SKU-10008,2,316.8
2026-08-13,8,SKU-10008,1,158.4
2026-08-14,8,SKU-10008,5,792.0
2026-08-15,8,SKU-10008,2,316.8
2026-08-16,8,SKU-10008,2,316.8
2026-08-17,8,SKU-10008,3,475.2
2026-08-18,8,SKU-10008,0,0.0
2026-08-19,8,SKU-10008,1,158.4
2026-08-20,8,SKU-10008,4,633.6
2026-08-21,8,SKU-10008,5,792.0
2026-08-22,8,SKU-10008,2,316.8
2026-08-23,8,SKU-10008,2,316.8
2026-08-24,8,SKU-10008,5,792.0
2026-08-25,8,SKU-10008,5,792.0
2026-08-26,8,SKU-10008,6,950.4
2026-05-29,9,SKU-10009,1,89.72
2026-05-30,9,SKU-10009,6,538.32
2026-05-31,9,SKU-10009,2,179.44
2026-06-01,9,SKU-10009,2,179.44
2026-06-02,9,SKU-10009,1,89.72
2026-06-03,9,SKU-10009,1,89.72
2026-06-04,9,SKU-10009,2,179.44
2026-06-05,9,SKU-10009,2,179.44
2026-06-06,9,SKU-10009,3,269.16
2026-06-07,9,SKU-10009,5,448.6
2026-06-08,9,SKU-10009,2,179.44
2026-06-09,9,SKU-10009,1,89.72
2026-06-10,9,SKU-10009,6,538.32
2026-06-11,9,SKU-10009,0,0.0
2026-06-12,9,SKU-10009,1,89.72
2026-06-13,9,SKU-10009,4,358.88
2026-06-14,9,SKU-10009,2,179.44
2026-06-15,9,SKU-10009,4,358.88
2026-06-16,9,SKU-10009,0,0.0
2026-06-17,9,SKU-10009,2,179.44
2026-06-18,9,SKU-10009,2,179.44
2026-06-19,9,SKU-10009,2,179.44
2026-06-20,9,SKU-10009,0,0.0
2026-06-21,9,SKU-10009,2,179.44
2026-06-22,9,SKU-10009,4,358.88
2026-06-23,9,SKU-10009,0,0.0
2026-06-24,9,SKU-10009,2,179.44
2026-06-25,9,SKU-10009,3,269.16
2026-06-26,9,SKU-10009,2,179.44
2026-06-27,9,SKU-10009,4,358.88
2026-06-28,9,SKU-10009,2,179.44
2026-06-29,9,SKU-10009,1,89.72
2026-06-30,9,SKU-10009,1,89.72
2026-07-01,9,SKU-10009,3,269.16
2026-07-02,9,SKU-10009,3,269.16
2026-07-03,9,SKU-10009,3,269.16
2026-07-04,9,SKU-10009,0,0.0
2026-07-05,9,SKU-10009,1,89.72
2026-07-06,9,SKU-10009,4,358.88
2026-07-07,9,SKU-10009,2,179.44
2026-07-08,9,SKU-10009,2,179.44
2026-07-09,9,SKU-10009,2,179.44
2026-07-10,9,SKU-10009,2,179.44
2026-07-11,9,SKU-10009,3,269.16
2026-07-12,9,SKU-10009,4,358.88
2026-07-13,9,SKU-10009,0,0.0
2026-07-14,9,SKU-10009,2,179.44
2026-07-15,9,SKU-10009,2,179.44
2026-07-16,9,SKU-10009,1,89.72
2026-07-17,9,SKU-10009,2,179.44
2026-07-18,9,SKU-10009,5,448.6
2026-07-19,9,SKU-10009,5,448.6
2026-07-20,9,SKU-10009,4,358.88
2026-07-21,9,SKU-10009,2,179.44
2026-07-22,9,SKU-10009,1,89.72
2026-07-23,9,SKU-10009,1,89.72
2026-07-24,9,SKU-10009,5,448.6
2026-07-25,9,SKU-10009,1,89.72
2026-07-26,9,SKU-10009,3,269.16
2026-07-27,9,SKU-10009,3,269.16
2026-07-28,9,SKU-10009,2,179.44
2026-07-29,9,SKU-10009,3,269.16
2026-07-30,9,SKU-10009,3,269.16
2026-07-31,9,SKU-10009,2,179.44
2026-08-01,9,SKU-10009,2,179.44
2026-08-02,9,SKU-10009,1,89.72
2026-08-03,9,SKU-10009,1,89.72
2026-08-04,9,SKU-10009,0,0.0
2026-08-05,9,SKU-10009,3,269.16
2026-08-06,9,SKU-10009,3,269.16
2026-08-07,9,SKU-10009,3,269.16
2026-08-08,9,SKU-10009,1,89.72
2026-08-09,9,SKU-10009,1,89.72
2026-08-10,9,SKU-10009,2,179.44
2026-08-11,9,SKU-10009,3,269.16
2026-08-12,9,SKU-10009,7,628.04
2026-08-13,9,SKU-10009,3,269.16
2026-08-14,9,SKU-10009,0,0.0
2026-08-15,9,SKU-10009,3,269.16
2026-08-16,9,SKU-10009,0,0.0
2026-08-17,9,SKU-10009,0,0.0
2026-08-18,9,SKU-10009,1,89.72
2026-08-19,9,SKU-10009,2,179.44
2026-08-20,9,SKU-10009,3,269.16
2026-08-21,9,SKU-10009,2,179.44
2026-08-22,9,SKU-10009,4,358.88
2026-08-23,9,SKU-10009,3,269.16
2026-08-24,9,SKU-10009,5,448.6
2026-08-25,9,SKU-10009,4,358.88
2026-08-26,9,SKU-10009,0,0.0
2026-05-29,10,SKU-10010,0,0.0
2026-05-30,10,SKU-10010,1,87.61
2026-05-31,10,SKU-10010,1,87.61
2026-06-01,10,SKU-10010,2,175.22
2026-06-02,10,SKU-10010,0,0.0
2026-06-03,10,SKU-10010,0,0.0
2026-06-04,10,SKU-10010,0,0.0
2026-06-05,10,SKU-10010,1,87.61
2026-06-06,10,SKU-10010,2,175.22
2026-06-07,10,SKU-10010,1,87.61
2026-06-08,10,SKU-10010,0,0.0
2026-06-09,10,SKU-10010,0,0.0
2026-06-10,10,SKU-10010,0,0.0
2026-06-11,10,SKU-10010,1,87.61
2026-06-12,10,SKU-10010,3,262.83
2026-06-13,10,SKU-10010,1,87.61
2026-06-14,10,SKU-10010,1,87.61
2026-06-15,10,SKU-10010,0,0.0
2026-06-16,10,SKU-10010,0,0.0
2026-06-17,10,SKU-10010,1,87.61
2026-06-18,10,SKU-10010,0,0.0
2026-06-19,10,SKU-10010,0,0.0
2026-06-20,10,SKU-10010,1,87.61
2026-06-21,10,SKU-10010,3,262.83
2026-06-22,10,SKU-10010,1,87.61
2026-06-23,10,SKU-10010,0,0.0
2026-06-24,10,SKU-10010,1,87.61
2026-06-25,10,SKU-10010,1,87.61
2026-06-26,10,SKU-10010,0,0.0
2026-06-27,10,SKU-10010,1,87.61
2026-06-28,10,SKU-10010,0,0.0
2026-06-29,10,SKU-10010,0,0.0
2026-06-30,10,SKU-10010,0,0.0
2026-07-01,10,SKU-10010,0,0.0
2026-07-02,10,SKU-10010,0,0.0
2026-07-03,10,SKU-10010,3,262.83
2026-07-04,10,SKU-10010,3,262.83
2026-07-05,10,SKU-10010,0,0.0
2026-07-06,10,SKU-10010,1,87.61
2026-07-07,10,SKU-10010,0,0.0
2026-07-08,10,SKU-10010,0,0.0
2026-07-09,10,SKU-10010,1,87.61
2026-07-10,10,SKU-10010,0,0.0
2026-07-11,10,SKU-10010,0,0.0
2026-07-12,10,SKU-10010,1,87.61
2026-07-13,10,SKU-10010,0,0.0
2026-07-14,10,SKU-10010,0,0.0
2026-07-15,10,SKU-10010,0,0.0
2026-07-16,10,SKU-10010,0,0.0
2026-07-17,10,SKU-10010,1,87.61
2026-07-18,10,SKU-10010,0,0.0
2026-07-19,10,SKU-10010,1,87.61
2026-07-20,10,SKU-10010,1,87.61
2026-07-21,10,SKU-10010,1,87.61
2026-07-22,10,SKU-10010,0,0.0
2026-07-23,10,SKU-10010,2,175.22
2026-07-24,10,SKU-10010,1,87.61
2026-07-25,10,SKU-10010,1,87.61
2026-07-26,10,SKU-10010,1,87.61
2026-07-27,10,SKU-10010,0,0.0
2026-07-28,10,SKU-10010,0,0.0
2026-07-29,10,SKU-10010,0,0.0
2026-07-30,10,SKU-10010,1,87.61
2026-07-31,10,SKU-10010,2,175.22
2026-08-01,10,SKU-10010,0,0.0
2026-08-02,10,SKU-10010,0,0.0
2026-08-03,10,SKU-10010,1,87.61
2026-08-04,10,SKU-10010,0,0.0
2026-08-05,10,SKU-10010,0,0.0
2026-08-06,10,SKU-10010,3,262.83
2026-08-07,10,SKU-10010,0,0.0
2026-08-08,10,SKU-10010,0,0.0
2026-08-09,10,SKU-10010,2,175.22
2026-08-10,10,SKU-10010,2,175.22
2026-08-11,10,SKU-10010,1,87.61
2026-08-12,10,SKU-10010,0,0.0
2026-08-13,10,SKU-10010,0,0.0
2026-08-14,10,SKU-10010,1,87.61
2026-08-15,10,SKU-10010,5,438.05
2026-08-16,10,SKU-10010,0,0.0
2026-08-17,10,SKU-10010,0,0.0
2026-08-18,10,SKU-10010,0,0.0
2026-08-19,10,SKU-10010,0,0.0
2026-08-20,10,SKU-10010,2,175.22
2026-08-21,10,SKU-10010,0,0.0
2026-08-22,10,SKU-10010,0,0.0
2026-08-23,10,SKU-10010,1,87.61
2026-08-24,10,SKU-10010,1,87.61
2026-08-25,10,SKU-10010,1,87.61
2026-08-26,10,SKU-10010,0,0.0
2026-05-29,11,SKU-10011,0,0.0
2026-05-30,11,SKU-10011,2,296.88
2026-05-31,11,SKU-10011,1,148.44
2026-06-01,11,SKU-10011,1,148.44
2026-06-02,11,SKU-10011,1,148.44
2026-06-03,11,SKU-10011,0,0.0
2026-06-04,11,SKU-10011,1,148.44
2026-06-05,11,SKU-10011,0,0.0
2026-06-06,11,SKU-10011,0,0.0
2026-06-07,11,SKU-10011,0,0.0
2026-06-08,11,SKU-10011,1,148.44
2026-06-09,11,SKU-10011,1,148.44
2026-06-10,11,SKU-10011,1,148.44
2026-06-11,11,SKU-10011,1,148.44
2026-06-12,11,SKU-10011,1,148.44
2026-06-13,11,SKU-10011,1,148.44
2026-06-14,11,SKU-10011,0,0.0
2026-06-15,11,SKU-10011,1,148.44
2026-06-16,11,SKU-10011,0,0.0
2026-06-17,11,SKU-10011,0,0.0
2026-06-18,11,SKU-10011,1,148.44
2026-06-19,11,SKU-10011,0,0.0
2026-06-20,11,SKU-10011,2,296.88
2026-06-21,11,SKU-10011,1,148.44
2026-06-22,11,SKU-10011,0,0.0
2026-06-23,11,SKU-10011,2,296.88
2026-06-24,11,SKU-10011,0,0.0
2026-06-25,11,SKU-10011,1,148.44
2026-06-26,11,SKU-10011,0,0.0
2026-06-27,11,SKU-10011,0,0.0
2026-06-28,11,SKU-10011,0,0.0
2026-06-29,11,SKU-10011,2,296.88
2026-06-30,11,SKU-10011,2,296.88
2026-07-01,11,SKU-10011,0,0.0
2026-07-02,11,SKU-10011,0,0.0
2026-07-03,11,SKU-10011,1,148.44
2026-07-04,11,SKU-10011,0,0.0
2026-07-05,11,SKU-10011,1,148.44
2026-07-06,11,SKU-10011,0,0.0
2026-07-07,11,SKU-10011,2,296.88
2026-07-08,11,SKU-10011,1,148.44
2026-07-09,11,SKU-10011,0,0.0
2026-07-10,11,SKU-10011,0,0.0
2026-07-11,11,SKU-10011,0,0.0
2026-07-12,11,SKU-10011,0,0.0
2026-07-13,11,SKU-10011,0,0.0
2026-07-14,11,SKU-10011,1,148.44
2026-07-15,11,SKU-10011,0,0.0
2026-07-16,11,SKU-10011,0,0.0
2026-07-17,11,SKU-10011,1,148.44
2026-07-18,11,SKU-10011,2,296.88
2026-07-19,11,SKU-10011,0,0.0
2026-07-20,11,SKU-10011,0,0.0
2026-07-21,11,SKU-10011,2,296.88
2026-07-22,11,SKU-10011,2,296.88
2026-07-23,11,SKU-10011,1,148.44
2026-07-24,11,SKU-10011,1,148.44
2026-07-25,11,SKU-10011,0,0.0
2026-07-26,11,SKU-10011,1,148.44
2026-07-27,11,SKU-10011,1,148.44
2026-07-28,11,SKU-10011,2,296.88
2026-07-29,11,SKU-10011,1,148.44
2026-07-30,11,SKU-10011,0,0.0
2026-07-31,11,SKU-10011,1,148.44
2026-08-01,11,SKU-10011,3,445.32
2026-08-02,11,SKU-10011,1,148.44
2026-08-03,11,SKU-10011,0,0.0
2026-08-04,11,SKU-10011,1,148.44
2026-08-05,11,SKU-10011,1,148.44
2026-08-06,11,SKU-10011,1,148.44
2026-08-07,11,SKU-10011,0,0.0
2026-08-08,11,SKU-10011,0,0.0
2026-08-09,11,SKU-10011,0,0.0
2026-08-10,11,SKU-10011,2,296.88
2026-08-11,11,SKU-10011,0,0.0
2026-08-12,11,SKU-10011,1,148.44
2026-08-13,11,SKU-10011,1,148.44
2026-08-14,11,SKU-10011,1,148.44
2026-08-15,11,SKU-10011,1,148.44
2026-08-16,11,SKU-10011,0,0.0
2026-08-17,11,SKU-10011,0,0.0
2026-08-18,11,SKU-10011,1,148.44
2026-08-19,11,SKU-10011,0,0.0
2026-08-20,11,SKU-10011,0,0.0
2026-08-21,11,SKU-10011,3,445.32
2026-08-22,11,SKU-10011,1,148.44
2026-08-23,11,SKU-10011,0,0.0
2026-08-24,11,SKU-10011,1,148.44
2026-08-25,11,SKU-10011,1,148.44
2026-08-26,11,SKU-10011,0,0.0
2026-05-29,12,SKU-10012,0,0.0
2026-05-30,12,SKU-10012,0,0.0
2026-05-31,12,SKU-10012,1,135.4
2026-06-01,12,SKU-10012,0,0.0
2026-06-02,12,SKU-10012,1,135.4
2026-06-03,12,SKU-10012,0,0.0
2026-06-04,12,SKU-10012,0,0.0
2026-06-05,12,SKU-10012,1,135.4
2026-06-06,12,SKU-10012,0,0.0
2026-06-07,12,SKU-10012,1,135.4
2026-06-08,12,SKU-10012,0,0.0
2026-06-09,12,SKU-10012,0,0.0
2026-06-10,12,SKU-10012,0,0.0
2026-06-11,12,SKU-10012,0,0.0
2026-06-12,12,SKU-10012,0,0.0
2026-06-13,12,SKU-10012,0,0.0
2026-06-14,12,SKU-10012,0,0.0
2026-06-15,12,SKU-10012,0,0.0
2026-06-16,12,SKU-10012,0,0.0
2026-06-17,12,SKU-10012,0,0.0
2026-06-18,12,SKU-10012,0,0.0
2026-06-19,12,SKU-10012,0,0.0
2026-06-20,12,SKU-10012,0,0.0
2026-06-21,12,SKU-10012,0,0.0
2026-06-22,12,SKU-10012,2,270.8
2026-06-23,12,SKU-10012,0,0.0
2026-06-24,12,SKU-10012,0,0.0
2026-06-25,12,SKU-10012,0,0.0
2026-06-26,12,SKU-10012,1,135.4
2026-06-27,12,SKU-10012,1,135.4
2026-06-28,12,SKU-10012,0,0.0
2026-06-29,12,SKU-10012,0,0.0
2026-06-30,12,SKU-10012,0,0.0
2026-07-01,12,SKU-10012,1,135.4
2026-07-02,12,SKU-10012,1,135.4
2026-07-03,12,SKU-10012,0,0.0
2026-07-04,12,SKU-10012,0,0.0
2026-07-05,12,SKU-10012,0,0.0
2026-07-06,12,SKU-10012,0,0.0
2026-07-07,12,SKU-10012,0,0.0
2026-07-08,12,SKU-10012,0,0.0
2026-07-09,12,SKU-10012,1,135.4
2026-07-10,12,SKU-10012,0,0.0
2026-07-11,12,SKU-10012,2,270.8
2026-07-12,12,SKU-10012,0,0.0
2026-07-13,12,SKU-10012,0,0.0
2026-07-14,12,SKU-10012,1,135.4
2026-07-15,12,SKU-10012,0,0.0
2026-07-16,12,SKU-10012,0,0.0
2026-07-17,12,SKU-10012,1,135.4
2026-07-18,12,SKU-10012,0,0.0
2026-07-19,12,SKU-10012,0,0.0
2026-07-20,12,SKU-10012,0,0.0
2026-07-21,12,SKU-10012,0,0.0
2026-07-22,12,SKU-10012,0,0.0
2026-07-23,12,SKU-10012,0,0.0
2026-07-24,12,SKU-10012,0,0.0
2026-07-25,12,SKU-10012,0,0.0
2026-07-26,12,SKU-10012,0,0.0
2026-07-27,12,SKU-10012,1,135.4
2026-07-28,12,SKU-10012,0,0.0
2026-07-29,12,SKU-10012,0,0.0
2026-07-30,12,SKU-10012,0,0.0
2026-07-31,12,SKU-10012,1,135.4
2026-08-01,12,SKU-10012,0,0.0
2026-08-02,12,SKU-10012,0,0.0
2026-08-03,12,SKU-10012,0,0.0
2026-08-04,12,SKU-10012,1,135.4
2026-08-05,12,SKU-10012,0,0.0
2026-08-06,12,SKU-10012,1,135.4
2026-08-07,12,SKU-10012,0,0.0
2026-08-08,12,SKU-10012,0,0.0
2026-08-09,12,SKU-10012,1,135.4
2026-08-10,12,SKU-10012,0,0.0
2026-08-11,12,SKU-10012,0,0.0
2026-08-12,12,SKU-10012,0,0.0
2026-08-13,12,SKU-10012,0,0.0
2026-08-14,12,SKU-10012,1,135.4
2026-08-15,12,SKU-10012,0,0.0
2026-08-16,12,SKU-10012,0,0.0
2026-08-17,12,SKU-10012,0,0.0
2026-08-18,12,SKU-10012,1,135.4
2026-08-19,12,SKU-10012,0,0.0
2026-08-20,12,SKU-10012,1,135.4
2026-08-21,12,SKU-10012,3,406.2
2026-08-22,12,SKU-10012,0,0.0
2026-08-23,12,SKU-10012,0,0.0
2026-08-24,12,SKU-10012,0,0.0
2026-08-25,12,SKU-10012,0,0.0
2026-08-26,12,SKU-10012,0,0.0
2026-05-29,13,SKU-10013,6,625.68
2026-05-30,13,SKU-10013,1,104.28
2026-05-31,13,SKU-10013,1,104.28
2026-06-01,13,SKU-10013,3,312.84
2026-06-02,13,SKU-10013,3,312.84
2026-06-03,13,SKU-10013,1,104.28
2026-06-04,13,SKU-10013,2,208.56
2026-06-05,13,SKU-10013,4,417.12
2026-06-06,13,SKU-10013,1,104.28
2026-06-07,13,SKU-10013,2,208.56
2026-06-08,13,SKU-10013,3,312.84
2026-06-09,13,SKU-10013,2,208.56
2026-06-10,13,SKU-10013,1,104.28
2026-06-11,13,SKU-10013,4,417.12
2026-06-12,13,SKU-10013,1,104.28
2026-06-13,13,SKU-10013,3,312.84
2026-06-14,13,SKU-10013,3,312.84
2026-06-15,13,SKU-10013,1,104.28
2026-06-16,13,SKU-10013,2,208.56
2026-06-17,13,SKU-10013,4,417.12
2026-06-18,13,SKU-10013,3,312.84
2026-06-19,13,SKU-10013,5,521.4
2026-06-20,13,SKU-10013,4,417.12
2026-06-21,13,SKU-10013,2,208.56
2026-06-22,13,SKU-10013,0,0.0
2026-06-23,13,SKU-10013,3,312.84
2026-06-24,13,SKU-10013,1,104.28
2026-06-25,13,SKU-10013,2,208.56
2026-06-26,13,SKU-10013,4,417.12
2026-06-27,13,SKU-10013,3,312.84
2026-06-28,13,SKU-10013,1,104.28
2026-06-29,13,SKU-10013,2,208.56
2026-06-30,13,SKU-10013,6,625.68
2026-07-01,13,SKU-10013,3,312.84
2026-07-02,13,SKU-10013,5,521.4
2026-07-03,13,SKU-10013,7,729.96
2026-07-04,13,SKU-10013,2,208.56
2026-07-05,13,SKU-10013,3,312.84
2026-07-06,13,SKU-10013,3,312.84
2026-07-07,13,SKU-10013,4,417.12
2026-07-08,13,SKU-10013,1,104.28
2026-07-09,13,SKU-10013,1,104.28
2026-07-10,13,SKU-10013,3,312.84
2026-07-11,13,SKU-10013,7,729.96
2026-07-12,13,SKU-10013,6,625.68
2026-07-13,13,SKU-10013,1,104.28
2026-07-14,13,SKU-10013,3,312.84
2026-07-15,13,SKU-10013,5,521.4
2026-07-16,13,SKU-10013,4,417.12
2026-07-17,13,SKU-10013,7,729.96
2026-07-18,13,SKU-10013,3,312.84
2026-07-19,13,SKU-10013,3,312.84
2026-07-20,13,SKU-10013,3,312.84
2026-07-21,13,SKU-10013,3,312.84
2026-07-22,13,SKU-10013,4,417.12
2026-07-23,13,SKU-10013,3,312.84
2026-07-24,13,SKU-10013,4,417.12
2026-07-25,13,SKU-10013,1,104.28
2026-07-26,13,SKU-10013,3,312.84
2026-07-27,13,SKU-10013,0,0.0
2026-07-28,13,SKU-10013,1,104.28
2026-07-29,13,SKU-10013,5,521.4
2026-07-30,13,SKU-10013,4,417.12
2026-07-31,13,SKU-10013,4,417.12
2026-08-01,13,SKU-10013,2,208.56
2026-08-02,13,SKU-10013,2,208.56
2026-08-03,13,SKU-10013,2,208.56
2026-08-04,13,SKU-10013,4,417.12
2026-08-05,13,SKU-10013,3,312.84
2026-08-06,13,SKU-10013,4,417.12
2026-08-07,13,SKU-10013,1,104.28
2026-08-08,13,SKU-10013,3,312.84
2026-08-09,13,SKU-10013,2,208.56
2026-08-10,13,SKU-10013,3,312.84
2026-08-11,13,SKU-10013,4,417.12
2026-08-12,13,SKU-10013,2,208.56
2026-08-13,13,SKU-10013,2,208.56
2026-08-14,13,SKU-10013,3,312.84
2026-08-15,13,SKU-10013,1,104.28
2026-08-16,13,SKU-10013,3,312.84
2026-08-17,13,SKU-10013,3,312.84
2026-08-18,13,SKU-10013,2,208.56
2026-08-19,13,SKU-10013,1,104.28
2026-08-20,13,SKU-10013,1,104.28
2026-08-21,13,SKU-10013,4,417.12
2026-08-22,13,SKU-10013,2,208.56
2026-08-23,13,SKU-10013,5,521.4
2026-08-24,13,SKU-10013,2,208.56
2026-08-25,13,SKU-10013,6,625.68
2026-08-26,13,SKU-10013,2,208.56
2026-05-29,14,SKU-10014,1,116.41
2026-05-30,14,SKU-10014,0,0.0
2026-05-31,14,SKU-10014,0,0.0
2026-06-01,14,SKU-10014,0,0.0
2026-06-02,14,SKU-10014,2,232.82
2026-06-03,14,SKU-10014,1,116.41
2026-06-04,14,SKU-10014,1,116.41
2026-06-05,14,SKU-10014,2,232.82
2026-06-06,14,SKU-10014,2,232.82
2026-06-07,14,SKU-10014,1,116.41
2026-06-08,14,SKU-10014,4,465.64
2026-06-09,14,SKU-10014,0,0.0
2026-06-10,14,SKU-10014,1,116.41
2026-06-11,14,SKU-10014,3,349.23
2026-06-12,14,SKU-10014,2,232.82
2026-06-13,14,SKU-10014,1,116.41
2026-06-14,14,SKU-10014,0,0.0
2026-06-15,14,SKU-10014,1,116.41
2026-06-16,14,SKU-10014,2,232.82
2026-06-17,14,SKU-10014,0,0.0
2026-06-18,14,SKU-10014,0,0.0
2026-06-19,14,SKU-10014,1,116.41
2026-06-20,14,SKU-10014,1,116.41
2026-06-21,14,SKU-10014,1,116.41
2026-06-22,14,SKU-10014,0,0.0
2026-06-23,14,SKU-10014,1,116.41
2026-06-24,14,SKU-10014,4,465.64
2026-06-25,14,SKU-10014,3,349.23
2026-06-26,14,SKU-10014,0,0.0
2026-06-27,14,SKU-10014,2,232.82
2026-06-28,14,SKU-10014,0,0.0
2026-06-29,14,SKU-10014,1,116.41
2026-06-30,14,SKU-10014,3,349.23
2026-07-01,14,SKU-10014,0,0.0
2026-07-02,14,SKU-10014,2,232.82
2026-07-03,14,SKU-10014,0,0.0
2026-07-04,14,SKU-10014,1,116.41
2026-07-05,14,SKU-10014,1,116.41
2026-07-06,14,SKU-10014,3,349.23
2026-07-07,14,SKU-10014,3,349.23
2026-07-08,14,SKU-10014,0,0.0
2026-07-09,14,SKU-10014,0,0.0
2026-07-10,14,SKU-10014,1,116.41
2026-07-11,14,SKU-10014,3,349.23
2026-07-12,14,SKU-10014,1,116.41
2026-07-13,14,SKU-10014,1,116.41
2026-07-14,14,SKU-10014,2,232.82
2026-07-15,14,SKU-10014,2,232.82
2026-07-16,14,SKU-10014,2,232.82
2026-07-17,14,SKU-10014,0,0.0
2026-07-18,14,SKU-10014,2,232.82
2026-07-19,14,SKU-10014,3,349.23
2026-07-20,14,SKU-10014,1,116.41
2026-07-21,14,SKU-10014,0,0.0
2026-07-22,14,SKU-10014,0,0.0
2026-07-23,14,SKU-10014,1,116.41
2026-07-24,14,SKU-10014,1,116.41
2026-07-25,14,SKU-10014,1,116.41
2026-07-26,14,SKU-10014,3,349.23
2026-07-27,14,SKU-10014,2,232.82
2026-07-28,14,SKU-10014,2,232.82
2026-07-29,14,SKU-10014,0,0.0
2026-07-30,14,SKU-10014,1,116.41
2026-07-31,14,SKU-10014,2,232.82
2026-08-01,14,SKU-10014,0,0.0
2026-08-02,14,SKU-10014,1,116.41
2026-08-03,14,SKU-10014,1,116.41
2026-08-04,14,SKU-10014,1,116.41
2026-08-05,14,SKU-10014,0,0.0
2026-08-06,14,SKU-10014,0,0.0
2026-08-07,14,SKU-10014,2,232.82
2026-08-08,14,SKU-10014,1,116.41
2026-08-09,14,SKU-10014,1,116.41
2026-08-10,14,SKU-10014,2,232.82
2026-08-11,14,SKU-10014,1,116.41
2026-08-12,14,SKU-10014,0,0.0
2026-08-13,14,SKU-10014,2,232.82
2026-08-14,14,SKU-10014,2,232.82
2026-08-15,14,SKU-10014,0,0.0
2026-08-16,14,SKU-10014,1,116.41
2026-08-17,14,SKU-10014,3,349.23
2026-08-18,14,SKU-10014,2,232.82
2026-08-19,14,SKU-10014,0,0.0
2026-08-20,14,SKU-10014,2,232.82
2026-08-21,14,SKU-10014,3,349.23
2026-08-22,14,SKU-10014,4,465.64
2026-08-23,14,SKU-10014,1,116.41
2026-08-24,14,SKU-10014,1,116.41
2026-08-25,14,SKU-10014,0,0.0
2026-08-26,14,SKU-10014,0,0.0
2026-05-29,15,SKU-10015,0,0.0
2026-05-30,15,SKU-10015,0,0.0
2026-05-31,15,SKU-10015,2,159.02
2026-06-01,15,SKU-10015,1,79.51
2026-06-02,15,SKU-10015,1,79.51
2026-06-03,15,SKU-10015,0,0.0
2026-06-04,15,SKU-10015,1,79.51
2026-06-05,15,SKU-10015,0,0.0
2026-06-06,15,SKU-10015,1,79.51
2026-06-07,15,SKU-10015,0,0.0
2026-06-08,15,SKU-10015,0,0.0
2026-06-09,15,SKU-10015,0,0.0
2026-06-10,15,SKU-10015,0,0.0
2026-06-11,15,SKU-10015,0,0.0
2026-06-12,15,SKU-10015,1,79.51
2026-06-13,15,SKU-10015,0,0.0
2026-06-14,15,SKU-10015,0,0.0
2026-06-15,15,SKU-10015,0,0.0
2026-06-16,15,SKU-10015,0,0.0
2026-06-17,15,SKU-10015,0,0.0
2026-06-18,15,SKU-10015,0,0.0
2026-06-19,15,SKU-10015,0,0.0
2026-06-20,15,SKU-10015,0,0.0
2026-06-21,15,SKU-10015,0,0.0
2026-06-22,15,SKU-10015,0,0.0
2026-06-23,15,SKU-10015,0,0.0
2026-06-24,15,SKU-10015,0,0.0
2026-06-25,15,SKU-10015,1,79.51
2026-06-26,15,SKU-10015,0,0.0
2026-06-27,15,SKU-10015,0,0.0
2026-06-28,15,SKU-10015,1,79.51
2026-06-29,15,SKU-10015,0,0.0
2026-06-30,15,SKU-10015,0,0.0
2026-07-01,15,SKU-10015,0,0.0
2026-07-02,15,SKU-10015,0,0.0
2026-07-03,15,SKU-10015,1,79.51
2026-07-04,15,SKU-10015,0,0.0
2026-07-05,15,SKU-10015,0,0.0
2026-07-06,15,SKU-10015,0,0.0
2026-07-07,15,SKU-10015,2,159.02
2026-07-08,15,SKU-10015,0,0.0
2026-07-09,15,SKU-10015,0,0.0
2026-07-10,15,SKU-10015,0,0.0
2026-07-11,15,SKU-10015,1,79.51
2026-07-12,15,SKU-10015,1,79.51
2026-07-13,15,SKU-10015,0,0.0
2026-07-14,15,SKU-10015,0,0.0
2026-07-15,15,SKU-10015,1,79.51
2026-07-16,15,SKU-10015,0,0.0
2026-07-17,15,SKU-10015,1,79.51
2026-07-18,15,SKU-10015,0,0.0
2026-07-19,15,SKU-10015,0,0.0
2026-07-20,15,SKU-10015,0,0.0
2026-07-21,15,SKU-10015,0,0.0
2026-07-22,15,SKU-10015,0,0.0
2026-07-23,15,SKU-10015,0,0.0
2026-07-24,15,SKU-10015,0,0.0
2026-07-25,15,SKU-10015,0,0.0
2026-07-26,15,SKU-10015,0,0.0
2026-07-27,15,SKU-10015,0,0.0
2026-07-28,15,SKU-10015,0,0.0
2026-07-29,15,SKU-10015,0,0.0
2026-07-30,15,SKU-10015,0,0.0
2026-07-31,15,SKU-10015,0,0.0
2026-08-01,15,SKU-10015,0,0.0
2026-08-02,15,SKU-10015,0,0.0
2026-08-03,15,SKU-10015,1,79.51
2026-08-04,15,SKU-10015,2,159.02
2026-08-05,15,SKU-10015,1,79.51
2026-08-06,15,SKU-10015,0,0.0
2026-08-07,15,SKU-10015,1,79.51
2026-08-08,15,SKU-10015,0,0.0
2026-08-09,15,SKU-10015,1,79.51
2026-08-10,15,SKU-10015,0,0.0
2026-08-11,15,SKU-10015,1,79.51
2026-08-12,15,SKU-10015,0,0.0
2026-08-13,15,SKU-10015,0,0.0
2026-08-14,15,SKU-10015,1,79.51
2026-08-15,15,SKU-10015,2,159.02
2026-08-16,15,SKU-10015,0,0.0
2026-08-17,15,SKU-10015,0,0.0
2026-08-18,15,SKU-10015,0,0.0
2026-08-19,15,SKU-10015,1,79.51
2026-08-20,15,SKU-10015,1,79.51
2026-08-21,15,SKU-10015,1,79.51
2026-08-22,15,SKU-10015,0,0.0
2026-08-23,15,SKU-10015,2,159.02
2026-08-24,15,SKU-10015,1,79.51
2026-08-25,15,SKU-10015,1,79.51
2026-08-26,15,SKU-10015,0,0.0
2026-05-29,16,SKU-10016,1,34.04
2026-05-30,16,SKU-10016,2,68.08
2026-05-31,16,SKU-10016,0,0.0
2026-06-01,16,SKU-10016,0,0.0
2026-06-02,16,SKU-10016,0,0.0
2026-06-03,16,SKU-10016,1,34.04
2026-06-04,16,SKU-10016,0,0.0
2026-06-05,16,SKU-10016,1,34.04
2026-06-06,16,SKU-10016,0,0.0
2026-06-07,16,SKU-10016,2,68.08
2026-06-08,16,SKU-10016,0,0.0
2026-06-09,16,SKU-10016,2,68.08
2026-06-10,16,SKU-10016,1,34.04
2026-06-11,16,SKU-10016,0,0.0
2026-06-12,16,SKU-10016,1,34.04
2026-06-13,16,SKU-10016,1,34.04
2026-06-14,16,SKU-10016,0,0.0
2026-06-15,16,SKU-10016,1,34.04
2026-06-16,16,SKU-10016,0,0.0
2026-06-17,16,SKU-10016,0,0.0
2026-06-18,16,SKU-10016,1,34.04
2026-06-19,16,SKU-10016,1,34.04
2026-06-20,16,SKU-10016,5,170.2
2026-06-21,16,SKU-10016,1,34.04
2026-06-22,16,SKU-10016,0,0.0
2026-06-23,16,SKU-10016,0,0.0
2026-06-24,16,SKU-10016,1,34.04
2026-06-25,16,SKU-10016,3,102.12
2026-06-26,16,SKU-10016,0,0.0
2026-06-27,16,SKU-10016,1,34.04
2026-06-28,16,SKU-10016,1,34.04
2026-06-29,16,SKU-10016,0,0.0
2026-06-30,16,SKU-10016,0,0.0
2026-07-01,16,SKU-10016,1,34.04
2026-07-02,16,SKU-10016,2,68.08
2026-07-03,16,SKU-10016,1,34.04
2026-07-04,16,SKU-10016,1,34.04
2026-07-05,16,SKU-10016,0,0.0
2026-07-06,16,SKU-10016,1,34.04
2026-07-07,16,SKU-10016,2,68.08
2026-07-08,16,SKU-10016,1,34.04
2026-07-09,16,SKU-10016,1,34.04
2026-07-10,16,SKU-10016,1,34.04
2026-07-11,16,SKU-10016,1,34.04
2026-07-12,16,SKU-10016,2,68.08
2026-07-13,16,SKU-10016,3,102.12
2026-07-14,16,SKU-10016,0,0.0
2026-07-15,16,SKU-10016,0,0.0
2026-07-16,16,SKU-10016,1,34.04
2026-07-17,16,SKU-10016,1,34.04
2026-07-18,16,SKU-10016,1,34.04
2026-07-19,16,SKU-10016,1,34.04
2026-07-20,16,SKU-10016,2,68.08
2026-07-21,16,SKU-10016,0,0.0
2026-07-22,16,SKU-10016,1,34.04
2026-07-23,16,SKU-10016,0,0.0
2026-07-24,16,SKU-10016,1,34.04
2026-07-25,16,SKU-10016,2,68.08
2026-07-26,16,SKU-10016,2,68.08
2026-07-27,16,SKU-10016,0,0.0
2026-07-28,16,SKU-10016,2,68.08
2026-07-29,16,SKU-10016,0,0.0
2026-07-30,16,SKU-10016,1,34.04
2026-07-31,16,SKU-10016,1,34.04
2026-08-01,16,SKU-10016,0,0.0
2026-08-02,16,SKU-10016,1,34.04
2026-08-03,16,SKU-10016,2,68.08
2026-08-04,16,SKU-10016,4,136.16
2026-08-05,16,SKU-10016,2,68.08
2026-08-06,16,SKU-10016,2,68.08
2026-08-07,16,SKU-10016,3,102.12
2026-08-08,16,SKU-10016,1,34.04
2026-08-09,16,SKU-10016,2,68.08
2026-08-10,16,SKU-10016,0,0.0
2026-08-11,16,SKU-10016,4,136.16
2026-08-12,16,SKU-10016,2,68.08
2026-08-13,16,SKU-10016,1,34.04
2026-08-14,16,SKU-10016,2,68.08
2026-08-15,16,SKU-10016,3,102.12
2026-08-16,16,SKU-10016,2,68.08
2026-08-17,16,SKU-10016,1,34.04
2026-08-18,16,SKU-10016,1,34.04
2026-08-19,16,SKU-10016,1,34.04
2026-08-20,16,SKU-10016,0,0.0
2026-08-21,16,SKU-10016,1,34.04
2026-08-22,16,SKU-10016,1,34.04
2026-08-23,16,SKU-10016,1,34.04
2026-08-24,16,SKU-10016,1,34.04
2026-08-25,16,SKU-10016,2,68.08
2026-08-26,16,SKU-10016,1,34.04
2026-05-29,17,SKU-10017,2,66.82
2026-05-30,17,SKU-10017,1,33.41
2026-05-31,17,SKU-10017,1,33.41
2026-06-01,17,SKU-10017,2,66.82
2026-06-02,17,SKU-10017,1,33.41
2026-06-03,17,SKU-10017,1,33.41
2026-06-04,17,SKU-10017,1,33.41
2026-06-05,17,SKU-10017,2,66.82
2026-06-06,17,SKU-10017,1,33.41
2026-06-07,17,SKU-10017,0,0.0
2026-06-08,17,SKU-10017,1,33.41
2026-06-09,17,SKU-10017,2,66.82
2026-06-10,17,SKU-10017,1,33.41
2026-06-11,17,SKU-10017,2,66.82
2026-06-12,17,SKU-10017,1,33.41
2026-06-13,17,SKU-10017,2,66.82
2026-06-14,17,SKU-10017,0,0.0
2026-06-15,17,SKU-10017,2,66.82
2026-06-16,17,SKU-10017,0,0.0
2026-06-17,17,SKU-10017,1,33.41
2026-06-18,17,SKU-10017,0,0.0
2026-06-19,17,SKU-10017,0,0.0
2026-06-20,17,SKU-10017,2,66.82
2026-06-21,17,SKU-10017,2,66.82
2026-06-22,17,SKU-10017,2,66.82
2026-06-23,17,SKU-10017,2,66.82
2026-06-24,17,SKU-10017,0,0.0
2026-06-25,17,SKU-10017,2,66.82
2026-06-26,17,SKU-10017,1,33.41
2026-06-27,17,SKU-10017,1,33.41
2026-06-28,17,SKU-10017,0,0.0
2026-06-29,17,SKU-10017,0,0.0
2026-06-30,17,SKU-10017,1,33.41
2026-07-01,17,SKU-10017,2,66.82
2026-07-02,17,SKU-10017,0,0.0
2026-07-03,17,SKU-10017,1,33.41
2026-07-04,17,SKU-10017,0,0.0
2026-07-05,17,SKU-10017,3,100.23
2026-07-06,17,SKU-10017,0,0.0
2026-07-07,17,SKU-10017,2,66.82
2026-07-08,17,SKU-10017,1,33.41
2026-07-09,17,SKU-10017,1,33.41
2026-07-10,17,SKU-10017,1,33.41
2026-07-11,17,SKU-10017,1,33.41
2026-07-12,17,SKU-10017,1,33.41
2026-07-13,17,SKU-10017,7,233.87
2026-07-14,17,SKU-10017,2,66.82
2026-07-15,17,SKU-10017,1,33.41
2026-07-16,17,SKU-10017,1,33.41
2026-07-17,17,SKU-10017,1,33.41
2026-07-18,17,SKU-10017,1,33.41
2026-07-19,17,SKU-10017,0,0.0
2026-07-20,17,SKU-10017,0,0.0
2026-07-21,17,SKU-10017,2,66.82
2026-07-22,17,SKU-10017,0,0.0
2026-07-23,17,SKU-10017,1,33.41
2026-07-24,17,SKU-10017,2,66.82
2026-07-25,17,SKU-10017,4,133.64
2026-07-26,17,SKU-10017,1,33.41
2026-07-27,17,SKU-10017,2,66.82
2026-07-28,17,SKU-10017,1,33.41
2026-07-29,17,SKU-10017,1,33.41
2026-07-30,17,SKU-10017,0,0.0
2026-07-31,17,SKU-10017,1,33.41
2026-08-01,17,SKU-10017,0,0.0
2026-08-02,17,SKU-10017,0,0.0
2026-08-03,17,SKU-10017,0,0.0
2026-08-04,17,SKU-10017,1,33.41
2026-08-05,17,SKU-10017,2,66.82
2026-08-06,17,SKU-10017,0,0.0
2026-08-07,17,SKU-10017,1,33.41
2026-08-08,17,SKU-10017,2,66.82
2026-08-09,17,SKU-10017,4,133.64
2026-08-10,17,SKU-10017,1,33.41
2026-08-11,17,SKU-10017,2,66.82
2026-08-12,17,SKU-10017,2,66.82
2026-08-13,17,SKU-10017,1,33.41
2026-08-14,17,SKU-10017,2,66.82
2026-08-15,17,SKU-10017,1,33.41
2026-08-16,17,SKU-10017,2,66.82
2026-08-17,17,SKU-10017,1,33.41
2026-08-18,17,SKU-10017,0,0.0
2026-08-19,17,SKU-10017,1,33.41
2026-08-20,17,SKU-10017,1,33.41
2026-08-21,17,SKU-10017,2,66.82
2026-08-22,17,SKU-10017,1,33.41
2026-08-23,17,SKU-10017,3,100.23
2026-08-24,17,SKU-10017,1,33.41
2026-08-25,17,SKU-10017,0,0.0
2026-08-26,17,SKU-10017,1,33.41
2026-05-29,18,SKU-10018,1,11.51
2026-05-30,18,SKU-10018,1,11.51
2026-05-31,18,SKU-10018,1,11.51
2026-06-01,18,SKU-10018,2,23.02
2026-06-02,18,SKU-10018,4,46.04
2026-06-03,18,SKU-10018,1,11.51
2026-06-04,18,SKU-10018,2,23.02
2026-06-05,18,SKU-10018,1,11.51
2026-06-06,18,SKU-10018,1,11.51
2026-06-07,18,SKU-10018,1,11.51
2026-06-08,18,SKU-10018,0,0.0
2026-06-09,18,SKU-10018,1,11.51
2026-06-10,18,SKU-10018,3,34.53
2026-06-11,18,SKU-10018,4,46.04
2026-06-12,18,SKU-10018,0,0.0
2026-06-13,18,SKU-10018,1,11.51
2026-06-14,18,SKU-10018,0,0.0
2026-06-15,18,SKU-10018,2,23.02
2026-06-16,18,SKU-10018,1,11.51
2026-06-17,18,SKU-10018,1,11.51
2026-06-18,18,SKU-10018,1,11.51
2026-06-19,18,SKU-10018,1,11.51
2026-06-20,18,SKU-10018,3,34.53
2026-06-21,18,SKU-10018,2,23.02
2026-06-22,18,SKU-10018,0,0.0
2026-06-23,18,SKU-10018,2,23.02
2026-06-24,18,SKU-10018,1,11.51
2026-06-25,18,SKU-10018,2,23.02
2026-06-26,18,SKU-10018,2,23.02
2026-06-27,18,SKU-10018,1,11.51
2026-06-28,18,SKU-10018,4,46.04
2026-06-29,18,SKU-10018,1,11.51
2026-06-30,18,SKU-10018,2,23.02
2026-07-01,18,SKU-10018,0,0.0
2026-07-02,18,SKU-10018,2,23.02
2026-07-03,18,SKU-10018,0,0.0
2026-07-04,18,SKU-10018,3,34.53
2026-07-05,18,SKU-10018,1,11.51
2026-07-06,18,SKU-10018,1,11.51
2026-07-07,18,SKU-10018,2,23.02
2026-07-08,18,SKU-10018,0,0.0
2026-07-09,18,SKU-10018,4,46.04
2026-07-10,18,SKU-10018,0,0.0
2026-07-11,18,SKU-10018,1,11.51
2026-07-12,18,SKU-10018,3,34.53
2026-07-13,18,SKU-10018,3,34.53
2026-07-14,18,SKU-10018,3,34.53
2026-07-15,18,SKU-10018,1,11.51
2026-07-16,18,SKU-10018,1,11.51
2026-07-17,18,SKU-10018,0,0.0
2026-07-18,18,SKU-10018,0,0.0
2026-07-19,18,SKU-10018,1,11.51
2026-07-20,18,SKU-10018,1,11.51
2026-07-21,18,SKU-10018,2,23.02
2026-07-22,18,SKU-10018,2,23.02
2026-07-23,18,SKU-10018,1,11.51
2026-07-24,18,SKU-10018,1,11.51
2026-07-25,18,SKU-10018,2,23.02
2026-07-26,18,SKU-10018,1,11.51
2026-07-27,18,SKU-10018,1,11.51
2026-07-28,18,SKU-10018,5,57.55
2026-07-29,18,SKU-10018,0,0.0
2026-07-30,18,SKU-10018,5,57.55
2026-07-31,18,SKU-10018,3,34.53
2026-08-01,18,SKU-10018,1,11.51
2026-08-02,18,SKU-10018,1,11.51
2026-08-03,18,SKU-10018,1,11.51
2026-08-04,18,SKU-10018,0,0.0
2026-08-05,18,SKU-10018,3,34.53
2026-08-06,18,SKU-10018,2,23.02
2026-08-07,18,SKU-10018,1,11.51
2026-08-08,18,SKU-10018,0,0.0
2026-08-09,18,SKU-10018,1,11.51
2026-08-10,18,SKU-10018,0,0.0
2026-08-11,18,SKU-10018,1,11.51
2026-08-12,18,SKU-10018,2,23.02
2026-08-13,18,SKU-10018,4,46.04
2026-08-14,18,SKU-10018,0,0.0
2026-08-15,18,SKU-10018,1,11.51
2026-08-16,18,SKU-10018,3,34.53
2026-08-17,18,SKU-10018,2,23.02
2026-08-18,18,SKU-10018,2,23.02
2026-08-19,18,SKU-10018,2,23.02
2026-08-20,18,SKU-10018,1,11.51
2026-08-21,18,SKU-10018,1,11.51
2026-08-22,18,SKU-10018,1,11.51
2026-08-23,18,SKU-10018,1,11.51
2026-08-24,18,SKU-10018,1,11.51
2026-08-25,18,SKU-10018,1,11.51
2026-08-26,18,SKU-10018,0,0.0
2026-05-29,19,SKU-10019,2,92.94
2026-05-30,19,SKU-10019,2,92.94
2026-05-31,19,SKU-10019,1,46.47
2026-06-01,19,SKU-10019,1,46.47
2026-06-02,19,SKU-10019,1,46.47
2026-06-03,19,SKU-10019,1,46.47
2026-06-04,19,SKU-10019,1,46.47
2026-06-05,19,SKU-10019,0,0.0
2026-06-06,19,SKU-10019,3,139.41
2026-06-07,19,SKU-10019,2,92.94
2026-06-08,19,SKU-10019,3,139.41
2026-06-09,19,SKU-10019,0,0.0
2026-06-10,19,SKU-10019,1,46.47
2026-06-11,19,SKU-10019,0,0.0
2026-06-12,19,SKU-10019,1,46.47
2026-06-13,19,SKU-10019,1,46.47
2026-06-14,19,SKU-10019,0,0.0
2026-06-15,19,SKU-10019,0,0.0
2026-06-16,19,SKU-10019,0,0.0
2026-06-17,19,SKU-10019,1,46.47
2026-06-18,19,SKU-10019,0,0.0
2026-06-19,19,SKU-10019,1,46.47
2026-06-20,19,SKU-10019,0,0.0
2026-06-21,19,SKU-10019,2,92.94
2026-06-22,19,SKU-10019,0,0.0
2026-06-23,19,SKU-10019,3,139.41
2026-06-24,19,SKU-10019,2,92.94
2026-06-25,19,SKU-10019,1,46.47
2026-06-26,19,SKU-10019,1,46.47
2026-06-27,19,SKU-10019,1,46.47
2026-06-28,19,SKU-10019,0,0.0
2026-06-29,19,SKU-10019,1,46.47
2026-06-30,19,SKU-10019,1,46.47
2026-07-01,19,SKU-10019,0,0.0
2026-07-02,19,SKU-10019,0,0.0
2026-07-03,19,SKU-10019,0,0.0
2026-07-04,19,SKU-10019,1,46.47
2026-07-05,19,SKU-10019,0,0.0
2026-07-06,19,SKU-10019,2,92.94
2026-07-07,19,SKU-10019,1,46.47
2026-07-08,19,SKU-10019,0,0.0
2026-07-09,19,SKU-10019,1,46.47
2026-07-10,19,SKU-10019,1,46.47
2026-07-11,19,SKU-10019,3,139.41
2026-07-12,19,SKU-10019,1,46.47
2026-07-13,19,SKU-10019,0,0.0
2026-07-14,19,SKU-10019,1,46.47
2026-07-15,19,SKU-10019,2,92.94
2026-07-16,19,SKU-10019,1,46.47
2026-07-17,19,SKU-10019,0,0.0
2026-07-18,19,SKU-10019,0,0.0
2026-07-19,19,SKU-10019,1,46.47
2026-07-20,19,SKU-10019,3,139.41
2026-07-21,19,SKU-10019,0,0.0
2026-07-22,19,SKU-10019,1,46.47
2026-07-23,19,SKU-10019,2,92.94
2026-07-24,19,SKU-10019,0,0.0
2026-07-25,19,SKU-10019,0,0.0
2026-07-26,19,SKU-10019,1,46.47
2026-07-27,19,SKU-10019,0,0.0
2026-07-28,19,SKU-10019,3,139.41
2026-07-29,19,SKU-10019,3,139.41
2026-07-30,19,SKU-10019,1,46.47
2026-07-31,19,SKU-10019,2,92.94
2026-08-01,19,SKU-10019,2,92.94
2026-08-02,19,SKU-10019,2,92.94
2026-08-03,19,SKU-10019,2,92.94
2026-08-04,19,SKU-10019,1,46.47
2026-08-05,19,SKU-10019,0,0.0
2026-08-06,19,SKU-10019,2,92.94
2026-08-07,19,SKU-10019,0,0.0
2026-08-08,19,SKU-10019,0,0.0
2026-08-09,19,SKU-10019,1,46.47
2026-08-10,19,SKU-10019,0,0.0
2026-08-11,19,SKU-10019,0,0.0
2026-08-12,19,SKU-10019,2,92.94
2026-08-13,19,SKU-10019,4,185.88
2026-08-14,19,SKU-10019,1,46.47
2026-08-15,19,SKU-10019,2,92.94
2026-08-16,19,SKU-10019,0,0.0
2026-08-17,19,SKU-10019,3,139.41
2026-08-18,19,SKU-10019,1,46.47
2026-08-19,19,SKU-10019,0,0.0
2026-08-20,19,SKU-10019,4,185.88
2026-08-21,19,SKU-10019,0,0.0
2026-08-22,19,SKU-10019,1,46.47
2026-08-23,19,SKU-10019,1,46.47
2026-08-24,19,SKU-10019,1,46.47
2026-08-25,19,SKU-10019,1,46.47
2026-08-26,19,SKU-10019,1,46.47
2026-05-29,20,SKU-10020,2,172.54
2026-05-30,20,SKU-10020,1,86.27
2026-05-31,20,SKU-10020,5,431.35
2026-06-01,20,SKU-10020,1,86.27
2026-06-02,20,SKU-10020,2,172.54
2026-06-03,20,SKU-10020,3,258.81
2026-06-04,20,SKU-10020,0,0.0
2026-06-05,20,SKU-10020,2,172.54
2026-06-06,20,SKU-10020,1,86.27
2026-06-07,20,SKU-10020,1,86.27
2026-06-08,20,SKU-10020,1,86.27
2026-06-09,20,SKU-10020,2,172.54
2026-06-10,20,SKU-10020,1,86.27
2026-06-11,20,SKU-10020,1,86.27
2026-06-12,20,SKU-10020,0,0.0
2026-06-13,20,SKU-10020,1,86.27
2026-06-14,20,SKU-10020,1,86.27
2026-06-15,20,SKU-10020,1,86.27
2026-06-16,20,SKU-10020,2,172.54
2026-06-17,20,SKU-10020,0,0.0
2026-06-18,20,SKU-10020,1,86.27
2026-06-19,20,SKU-10020,1,86.27
2026-06-20,20,SKU-10020,0,0.0
2026-06-21,20,SKU-10020,1,86.27
2026-06-22,20,SKU-10020,1,86.27
2026-06-23,20,SKU-10020,0,0.0
2026-06-24,20,SKU-10020,0,0.0
2026-06-25,20,SKU-10020,2,172.54
2026-06-26,20,SKU-10020,0,0.0
2026-06-27,20,SKU-10020,1,86.27
2026-06-28,20,SKU-10020,1,86.27
2026-06-29,20,SKU-10020,1,86.27
2026-06-30,20,SKU-10020,2,172.54
2026-07-01,20,SKU-10020,1,86.27
2026-07-02,20,SKU-10020,0,0.0
2026-07-03,20,SKU-10020,1,86.27
2026-07-04,20,SKU-10020,0,0.0
2026-07-05,20,SKU-10020,0,0.0
2026-07-06,20,SKU-10020,0,0.0
2026-07-07,20,SKU-10020,1,86.27
2026-07-08,20,SKU-10020,3,258.81
2026-07-09,20,SKU-10020,0,0.0
2026-07-10,20,SKU-10020,0,0.0
2026-07-11,20,SKU-10020,3,258.81
2026-07-12,20,SKU-10020,2,172.54
2026-07-13,20,SKU-10020,2,172.54
2026-07-14,20,SKU-10020,1,86.27
2026-07-15,20,SKU-10020,2,172.54
2026-07-16,20,SKU-10020,0,0.0
2026-07-17,20,SKU-10020,3,258.81
2026-07-18,20,SKU-10020,0,0.0
2026-07-19,20,SKU-10020,0,0.0
2026-07-20,20,SKU-10020,2,172.54
2026-07-21,20,SKU-10020,1,86.27
2026-07-22,20,SKU-10020,1,86.27
2026-07-23,20,SKU-10020,1,86.27
2026-07-24,20,SKU-10020,0,0.0
2026-07-25,20,SKU-10020,1,86.27
2026-07-26,20,SKU-10020,1,86.27
2026-07-27,20,SKU-10020,1,86.27
2026-07-28,20,SKU-10020,1,86.27
2026-07-29,20,SKU-10020,2,172.54
2026-07-30,20,SKU-10020,0,0.0
2026-07-31,20,SKU-10020,5,431.35
2026-08-01,20,SKU-10020,2,172.54
2026-08-02,20,SKU-10020,4,345.08
2026-08-03,20,SKU-10020,0,0.0
2026-08-04,20,SKU-10020,1,86.27
2026-08-05,20,SKU-10020,1,86.27
2026-08-06,20,SKU-10020,3,258.81
2026-08-07,20,SKU-10020,0,0.0
2026-08-08,20,SKU-10020,0,0.0
2026-08-09,20,SKU-10020,4,345.08
2026-08-10,20,SKU-10020,0,0.0
2026-08-11,20,SKU-10020,1,86.27
2026-08-12,20,SKU-10020,1,86.27
2026-08-13,20,SKU-10020,0,0.0
2026-08-14,20,SKU-10020,0,0.0
2026-08-15,20,SKU-10020,1,86.27
2026-08-16,20,SKU-10020,1,86.27
2026-08-17,20,SKU-10020,0,0.0
2026-08-18,20,SKU-10020,2,172.54
2026-08-19,20,SKU-10020,2,172.54
2026-08-20,20,SKU-10020,1,86.27
2026-08-21,20,SKU-10020,0,0.0
2026-08-22,20,SKU-10020,1,86.27
2026-08-23,20,SKU-10020,1,86.27
2026-08-24,20,SKU-10020,0,0.0
2026-08-25,20,SKU-10020,1,86.27
2026-08-26,20,SKU-10020,0,0.0
2026-05-29,21,SKU-10021,1,51.47
2026-05-30,21,SKU-10021,2,102.94
2026-05-31,21,SKU-10021,0,0.0
2026-06-01,21,SKU-10021,3,154.41
2026-06-02,21,SKU-10021,1,51.47
2026-06-03,21,SKU-10021,0,0.0
2026-06-04,21,SKU-10021,2,102.94
2026-06-05,21,SKU-10021,3,154.41
2026-06-06,21,SKU-10021,5,257.35
2026-06-07,21,SKU-10021,3,154.41
2026-06-08,21,SKU-10021,2,102.94
2026-06-09,21,SKU-10021,2,102.94
2026-06-10,21,SKU-10021,2,102.94
2026-06-11,21,SKU-10021,2,102.94
2026-06-12,21,SKU-10021,7,360.29
2026-06-13,21,SKU-10021,1,51.47
2026-06-14,21,SKU-10021,1,51.47
2026-06-15,21,SKU-10021,0,0.0
2026-06-16,21,SKU-10021,2,102.94
2026-06-17,21,SKU-10021,3,154.41
2026-06-18,21,SKU-10021,3,154.41
2026-06-19,21,SKU-10021,1,51.47
2026-06-20,21,SKU-10021,4,205.88
2026-06-21,21,SKU-10021,2,102.94
2026-06-22,21,SKU-10021,0,0.0
2026-06-23,21,SKU-10021,0,0.0
2026-06-24,21,SKU-10021,2,102.94
2026-06-25,21,SKU-10021,0,0.0
2026-06-26,21,SKU-10021,3,154.41
2026-06-27,21,SKU-10021,1,51.47
2026-06-28,21,SKU-10021,3,154.41
2026-06-29,21,SKU-10021,1,51.47
2026-06-30,21,SKU-10021,3,154.41
2026-07-01,21,SKU-10021,2,102.94
2026-07-02,21,SKU-10021,1,51.47
2026-07-03,21,SKU-10021,4,205.88
2026-07-04,21,SKU-10021,3,154.41
2026-07-05,21,SKU-10021,2,102.94
2026-07-06,21,SKU-10021,2,102.94
2026-07-07,21,SKU-10021,2,102.94
2026-07-08,21,SKU-10021,2,102.94
2026-07-09,21,SKU-10021,2,102.94
2026-07-10,21,SKU-10021,7,360.29
2026-07-11,21,SKU-10021,2,102.94
2026-07-12,21,SKU-10021,2,102.94
2026-07-13,21,SKU-10021,2,102.94
2026-07-14,21,SKU-10021,1,51.47
2026-07-15,21,SKU-10021,1,51.47
2026-07-16,21,SKU-10021,1,51.47
2026-07-17,21,SKU-10021,5,257.35
2026-07-18,21,SKU-10021,1,51.47
2026-07-19,21,SKU-10021,1,51.47
2026-07-20,21,SKU-10021,1,51.47
2026-07-21,21,SKU-10021,1,51.47
2026-07-22,21,SKU-10021,1,51.47
2026-07-23,21,SKU-10021,6,308.82
2026-07-24,21,SKU-10021,1,51.47
2026-07-25,21,SKU-10021,1,51.47
2026-07-26,21,SKU-10021,1,51.47
2026-07-27,21,SKU-10021,3,154.41
2026-07-28,21,SKU-10021,4,205.88
2026-07-29,21,SKU-10021,2,102.94
2026-07-30,21,SKU-10021,1,51.47
2026-07-31,21,SKU-10021,2,102.94
2026-08-01,21,SKU-10021,2,102.94
2026-08-02,21,SKU-10021,3,154.41
2026-08-03,21,SKU-10021,1,51.47
2026-08-04,21,SKU-10021,1,51.47
2026-08-05,21,SKU-10021,4,205.88
2026-08-06,21,SKU-10021,3,154.41
2026-08-07,21,SKU-10021,2,102.94
2026-08-08,21,SKU-10021,2,102.94
2026-08-09,21,SKU-10021,2,102.94
2026-08-10,21,SKU-10021,0,0.0
2026-08-11,21,SKU-10021,3,154.41
2026-08-12,21,SKU-10021,2,102.94
2026-08-13,21,SKU-10021,2,102.94
2026-08-14,21,SKU-10021,1,51.47
2026-08-15,21,SKU-10021,7,360.29
2026-08-16,21,SKU-10021,2,102.94
2026-08-17,21,SKU-10021,4,205.88
2026-08-18,21,SKU-10021,2,102.94
2026-08-19,21,SKU-10021,4,205.88
2026-08-20,21,SKU-10021,3,154.41
2026-08-21,21,SKU-10021,1,51.47
2026-08-22,21,SKU-10021,5,257.35
2026-08-23,21,SKU-10021,0,0.0
2026-08-24,21,SKU-10021,1,51.47
2026-08-25,21,SKU-10021,4,205.88
2026-08-26,21,SKU-10021,8,411.76
2026-05-29,22,SKU-10022,1,12.43
2026-05-30,22,SKU-10022,0,0.0
2026-05-31,22,SKU-10022,1,12.43
2026-06-01,22,SKU-10022,0,0.0
2026-06-02,22,SKU-10022,0,0.0
2026-06-03,22,SKU-10022,1,12.43
2026-06-04,22,SKU-10022,0,0.0
2026-06-05,22,SKU-10022,0,0.0
2026-06-06,22,SKU-10022,0,0.0
2026-06-07,22,SKU-10022,0,0.0
2026-06-08,22,SKU-10022,2,24.86
2026-06-09,22,SKU-10022,0,0.0
2026-06-10,22,SKU-10022,0,0.0
2026-06-11,22,SKU-10022,0,0.0
2026-06-12,22,SKU-10022,0,0.0
2026-06-13,22,SKU-10022,1,12.43
2026-06-14,22,SKU-10022,1,12.43
2026-06-15,22,SKU-10022,5,62.15
2026-06-16,22,SKU-10022,2,24.86
2026-06-17,22,SKU-10022,2,24.86
2026-06-18,22,SKU-10022,3,37.29
2026-06-19,22,SKU-10022,1,12.43
2026-06-20,22,SKU-10022,3,37.29
2026-06-21,22,SKU-10022,3,37.29
2026-06-22,22,SKU-10022,0,0.0
2026-06-23,22,SKU-10022,1,12.43
2026-06-24,22,SKU-10022,2,24.86
2026-06-25,22,SKU-10022,0,0.0
2026-06-26,22,SKU-10022,1,12.43
2026-06-27,22,SKU-10022,0,0.0
2026-06-28,22,SKU-10022,1,12.43
2026-06-29,22,SKU-10022,1,12.43
2026-06-30,22,SKU-10022,2,24.86
2026-07-01,22,SKU-10022,0,0.0
2026-07-02,22,SKU-10022,2,24.86
2026-07-03,22,SKU-10022,1,12.43
2026-07-04,22,SKU-10022,0,0.0
2026-07-05,22,SKU-10022,2,24.86
2026-07-06,22,SKU-10022,1,12.43
2026-07-07,22,SKU-10022,1,12.43
2026-07-08,22,SKU-10022,1,12.43
2026-07-09,22,SKU-10022,1,12.43
2026-07-10,22,SKU-10022,2,24.86
2026-07-11,22,SKU-10022,1,12.43
2026-07-12,22,SKU-10022,2,24.86
2026-07-13,22,SKU-10022,0,0.0
2026-07-14,22,SKU-10022,0,0.0
2026-07-15,22,SKU-10022,2,24.86
2026-07-16,22,SKU-10022,0,0.0
2026-07-17,22,SKU-10022,0,0.0
2026-07-18,22,SKU-10022,0,0.0
2026-07-19,22,SKU-10022,1,12.43
2026-07-20,22,SKU-10022,2,24.86
2026-07-21,22,SKU-10022,1,12.43
2026-07-22,22,SKU-10022,2,24.86
2026-07-23,22,SKU-10022,1,12.43
2026-07-24,22,SKU-10022,0,0.0
2026-07-25,22,SKU-10022,1,12.43
2026-07-26,22,SKU-10022,0,0.0
2026-07-27,22,SKU-10022,2,24.86
2026-07-28,22,SKU-10022,1,12.43
2026-07-29,22,SKU-10022,1,12.43
2026-07-30,22,SKU-10022,2,24.86
2026-07-31,22,SKU-10022,0,0.0
2026-08-01,22,SKU-10022,0,0.0
2026-08-02,22,SKU-10022,0,0.0
2026-08-03,22,SKU-10022,2,24.86
2026-08-04,22,SKU-10022,3,37.29
2026-08-05,22,SKU-10022,1,12.43
2026-08-06,22,SKU-10022,0,0.0
2026-08-07,22,SKU-10022,0,0.0
2026-08-08,22,SKU-10022,0,0.0
2026-08-09,22,SKU-10022,1,12.43
2026-08-10,22,SKU-10022,1,12.43
2026-08-11,22,SKU-10022,2,24.86
2026-08-12,22,SKU-10022,1,12.43
2026-08-13,22,SKU-10022,1,12.43
2026-08-14,22,SKU-10022,0,0.0
2026-08-15,22,SKU-10022,1,12.43
2026-08-16,22,SKU-10022,1,12.43
2026-08-17,22,SKU-10022,2,24.86
2026-08-18,22,SKU-10022,1,12.43
2026-08-19,22,SKU-10022,1,12.43
2026-08-20,22,SKU-10022,1,12.43
2026-08-21,22,SKU-10022,4,49.72
2026-08-22,22,SKU-10022,0,0.0
2026-08-23,22,SKU-10022,0,0.0
2026-08-24,22,SKU-10022,2,24.86
2026-08-25,22,SKU-10022,1,12.43
2026-08-26,22,SKU-10022,0,0.0
2026-05-29,23,SKU-10023,1,60.83
2026-05-30,23,SKU-10023,1,60.83
2026-05-31,23,SKU-10023,3,182.49
2026-06-01,23,SKU-10023,0,0.0
2026-06-02,23,SKU-10023,1,60.83
2026-06-03,23,SKU-10023,2,121.66
2026-06-04,23,SKU-10023,1,60.83
2026-06-05,23,SKU-10023,2,121.66
2026-06-06,23,SKU-10023,1,60.83
2026-06-07,23,SKU-10023,0,0.0
2026-06-08,23,SKU-10023,0,0.0
2026-06-09,23,SKU-10023,1,60.83
2026-06-10,23,SKU-10023,1,60.83
2026-06-11,23,SKU-10023,1,60.83
2026-06-12,23,SKU-10023,1,60.83
2026-06-13,23,SKU-10023,2,121.66
2026-06-14,23,SKU-10023,0,0.0
2026-06-15,23,SKU-10023,1,60.83
2026-06-16,23,SKU-10023,0,0.0
2026-06-17,23,SKU-10023,2,121.66
2026-06-18,23,SKU-10023,1,60.83
2026-06-19,23,SKU-10023,1,60.83
2026-06-20,23,SKU-10023,1,60.83
2026-06-21,23,SKU-10023,0,0.0
2026-06-22,23,SKU-10023,3,182.49
2026-06-23,23,SKU-10023,1,60.83
2026-06-24,23,SKU-10023,1,60.83
2026-06-25,23,SKU-10023,4,243.32
2026-06-26,23,SKU-10023,1,60.83
2026-06-27,23,SKU-10023,2,121.66
2026-06-28,23,SKU-10023,3,182.49
2026-06-29,23,SKU-10023,3,182.49
2026-06-30,23,SKU-10023,0,0.0
2026-07-01,23,SKU-10023,3,182.49
2026-07-02,23,SKU-10023,2,121.66
2026-07-03,23,SKU-10023,1,60.83
2026-07-04,23,SKU-10023,3,182.49
2026-07-05,23,SKU-10023,2,121.66
2026-07-06,23,SKU-10023,3,182.49
2026-07-07,23,SKU-10023,2,121.66
2026-07-08,23,SKU-10023,1,60.83
2026-07-09,23,SKU-10023,1,60.83
2026-07-10,23,SKU-10023,1,60.83
2026-07-11,23,SKU-10023,2,121.66
2026-07-12,23,SKU-10023,2,121.66
2026-07-13,23,SKU-10023,1,60.83
2026-07-14,23,SKU-10023,1,60.83
2026-07-15,23,SKU-10023,0,0.0
2026-07-16,23,SKU-10023,1,60.83
2026-07-17,23,SKU-10023,1,60.83
2026-07-18,23,SKU-10023,3,182.49
2026-07-19,23,SKU-10023,0,0.0
2026-07-20,23,SKU-10023,2,121.66
2026-07-21,23,SKU-10023,0,0.0
2026-07-22,23,SKU-10023,3,182.49
2026-07-23,23,SKU-10023,1,60.83
2026-07-24,23,SKU-10023,0,0.0
2026-07-25,23,SKU-10023,0,0.0
2026-07-26,23,SKU-10023,0,0.0
2026-07-27,23,SKU-10023,4,243.32
2026-07-28,23,SKU-10023,0,0.0
2026-07-29,23,SKU-10023,1,60.83
2026-07-30,23,SKU-10023,2,121.66
2026-07-31,23,SKU-10023,2,121.66
2026-08-01,23,SKU-10023,1,60.83
2026-08-02,23,SKU-10023,1,60.83
2026-08-03,23,SKU-10023,1,60.83
2026-08-04,23,SKU-10023,3,182.49
2026-08-05,23,SKU-10023,2,121.66
2026-08-06,23,SKU-10023,0,0.0
2026-08-07,23,SKU-10023,2,121.66
2026-08-08,23,SKU-10023,3,182.49
2026-08-09,23,SKU-10023,2,121.66
2026-08-10,23,SKU-10023,1,60.83
2026-08-11,23,SKU-10023,1,60.83
2026-08-12,23,SKU-10023,3,182.49
2026-08-13,23,SKU-10023,4,243.32
2026-08-14,23,SKU-10023,3,182.49
2026-08-15,23,SKU-10023,3,182.49
2026-08-16,23,SKU-10023,4,243.32
2026-08-17,23,SKU-10023,1,60.83
2026-08-18,23,SKU-10023,0,0.0
2026-08-19,23,SKU-10023,1,60.83
2026-08-20,23,SKU-10023,0,0.0
2026-08-21,23,SKU-10023,2,121.66
2026-08-22,23,SKU-10023,1,60.83
2026-08-23,23,SKU-10023,0,0.0
2026-08-24,23,SKU-10023,2,121.66
2026-08-25,23,SKU-10023,1,60.83
2026-08-26,23,SKU-10023,1,60.83
2026-05-29,24,SKU-10024,1,111.71
2026-05-30,24,SKU-10024,0,0.0
2026-05-31,24,SKU-10024,1,111.71
2026-06-01,24,SKU-10024,1,111.71
2026-06-02,24,SKU-10024,0,0.0
2026-06-03,24,SKU-10024,0,0.0
2026-06-04,24,SKU-10024,0,0.0
2026-06-05,24,SKU-10024,1,111.71
2026-06-06,24,SKU-10024,0,0.0
2026-06-07,24,SKU-10024,0,0.0
2026-06-08,24,SKU-10024,1,111.71
2026-06-09,24,SKU-10024,1,111.71
2026-06-10,24,SKU-10024,0,0.0
2026-06-11,24,SKU-10024,1,111.71
2026-06-12,24,SKU-10024,1,111.71
2026-06-13,24,SKU-10024,0,0.0
2026-06-14,24,SKU-10024,0,0.0
2026-06-15,24,SKU-10024,0,0.0
2026-06-16,24,SKU-10024,0,0.0
2026-06-17,24,SKU-10024,1,111.71
2026-06-18,24,SKU-10024,0,0.0
2026-06-19,24,SKU-10024,1,111.71
2026-06-20,24,SKU-10024,0,0.0
2026-06-21,24,SKU-10024,0,0.0
2026-06-22,24,SKU-10024,0,0.0
2026-06-23,24,SKU-10024,1,111.71
2026-06-24,24,SKU-10024,0,0.0
2026-06-25,24,SKU-10024,0,0.0
2026-06-26,24,SKU-10024,1,111.71
2026-06-27,24,SKU-10024,0,0.0
2026-06-28,24,SKU-10024,0,0.0
2026-06-29,24,SKU-10024,1,111.71
2026-06-30,24,SKU-10024,1,111.71
2026-07-01,24,SKU-10024,0,0.0
2026-07-02,24,SKU-10024,0,0.0
2026-07-03,24,SKU-10024,0,0.0
2026-07-04,24,SKU-10024,2,223.42
2026-07-05,24,SKU-10024,0,0.0
2026-07-06,24,SKU-10024,3,335.13
2026-07-07,24,SKU-10024,0,0.0
2026-07-08,24,SKU-10024,0,0.0
2026-07-09,24,SKU-10024,3,335.13
2026-07-10,24,SKU-10024,0,0.0
2026-07-11,24,SKU-10024,0,0.0
2026-07-12,24,SKU-10024,0,0.0
2026-07-13,24,SKU-10024,0,0.0
2026-07-14,24,SKU-10024,0,0.0
2026-07-15,24,SKU-10024,0,0.0
2026-07-16,24,SKU-10024,1,111.71
2026-07-17,24,SKU-10024,1,111.71
2026-07-18,24,SKU-10024,1,111.71
2026-07-19,24,SKU-10024,1,111.71
2026-07-20,24,SKU-10024,0,0.0
2026-07-21,24,SKU-10024,1,111.71
2026-07-22,24,SKU-10024,0,0.0
2026-07-23,24,SKU-10024,1,111.71
2026-07-24,24,SKU-10024,0,0.0
2026-07-25,24,SKU-10024,1,111.71
2026-07-26,24,SKU-10024,1,111.71
2026-07-27,24,SKU-10024,1,111.71
2026-07-28,24,SKU-10024,0,0.0
2026-07-29,24,SKU-10024,2,223.42
2026-07-30,24,SKU-10024,0,0.0
2026-07-31,24,SKU-10024,0,0.0
2026-08-01,24,SKU-10024,1,111.71
2026-08-02,24,SKU-10024,0,0.0
2026-08-03,24,SKU-10024,2,223.42
2026-08-04,24,SKU-10024,1,111.71
2026-08-05,24,SKU-10024,0,0.0
2026-08-06,24,SKU-10024,2,223.42
2026-08-07,24,SKU-10024,2,223.42
2026-08-08,24,SKU-10024,1,111.71
2026-08-09,24,SKU-10024,0,0.0
2026-08-10,24,SKU-10024,0,0.0
2026-08-11,24,SKU-10024,0,0.0
2026-08-12,24,SKU-10024,2,223.42
2026-08-13,24,SKU-10024,0,0.0
2026-08-14,24,SKU-10024,1,111.71
2026-08-15,24,SKU-10024,1,111.71
2026-08-16,24,SKU-10024,0,0.0
2026-08-17,24,SKU-10024,0,0.0
2026-08-18,24,SKU-10024,1,111.71
2026-08-19,24,SKU-10024,0,0.0
2026-08-20,24,SKU-10024,0,0.0
2026-08-21,24,SKU-10024,0,0.0
2026-08-22,24,SKU-10024,0,0.0
2026-08-23,24,SKU-10024,0,0.0
2026-08-24,24,SKU-10024,1,111.71
2026-08-25,24,SKU-10024,0,0.0
2026-08-26,24,SKU-10024,3,335.13
2026-05-29,25,SKU-10025,7,781.9
2026-05-30,25,SKU-10025,3,335.1
2026-05-31,25,SKU-10025,3,335.1
2026-06-01,25,SKU-10025,9,1005.3
2026-06-02,25,SKU-10025,7,781.9
2026-06-03,25,SKU-10025,12,1340.4
2026-06-04,25,SKU-10025,6,670.2
2026-06-05,25,SKU-10025,9,1005.3
2026-06-06,25,SKU-10025,9,1005.3
2026-06-07,25,SKU-10025,12,1340.4
2026-06-08,25,SKU-10025,8,893.6
2026-06-09,25,SKU-10025,3,335.1
2026-06-10,25,SKU-10025,5,558.5
2026-06-11,25,SKU-10025,6,670.2
2026-06-12,25,SKU-10025,8,893.6
2026-06-13,25,SKU-10025,8,893.6
2026-06-14,25,SKU-10025,8,893.6
2026-06-15,25,SKU-10025,14,1563.8
2026-06-16,25,SKU-10025,9,1005.3
2026-06-17,25,SKU-10025,5,558.5
2026-06-18,25,SKU-10025,8,893.6
2026-06-19,25,SKU-10025,5,558.5
2026-06-20,25,SKU-10025,15,1675.5
2026-06-21,25,SKU-10025,7,781.9
2026-06-22,25,SKU-10025,7,781.9
2026-06-23,25,SKU-10025,8,893.6
2026-06-24,25,SKU-10025,7,781.9
2026-06-25,25,SKU-10025,15,1675.5
2026-06-26,25,SKU-10025,8,893.6
2026-06-27,25,SKU-10025,7,781.9
2026-06-28,25,SKU-10025,3,335.1
2026-06-29,25,SKU-10025,10,1117.0
2026-06-30,25,SKU-10025,7,781.9
2026-07-01,25,SKU-10025,2,223.4
2026-07-02,25,SKU-10025,5,558.5
2026-07-03,25,SKU-10025,9,1005.3
2026-07-04,25,SKU-10025,7,781.9
2026-07-05,25,SKU-10025,8,893.6
2026-07-06,25,SKU-10025,11,1228.7
2026-07-07,25,SKU-10025,5,558.5
2026-07-08,25,SKU-10025,5,558.5
2026-07-09,25,SKU-10025,8,893.6
2026-07-10,25,SKU-10025,9,1005.3
2026-07-11,25,SKU-10025,10,1117.0
2026-07-12,25,SKU-10025,5,558.5
2026-07-13,25,SKU-10025,9,1005.3
2026-07-14,25,SKU-10025,9,1005.3
2026-07-15,25,SKU-10025,9,1005.3
2026-07-16,25,SKU-10025,14,1563.8
2026-07-17,25,SKU-10025,9,1005.3
2026-07-18,25,SKU-10025,10,1117.0
2026-07-19,25,SKU-10025,7,781.9
2026-07-20,25,SKU-10025,8,893.6
2026-07-21,25,SKU-10025,7,781.9
2026-07-22,25,SKU-10025,8,893.6
2026-07-23,25,SKU-10025,7,781.9
2026-07-24,25,SKU-10025,13,1452.1
2026-07-25,25,SKU-10025,7,781.9
2026-07-26,25,SKU-10025,10,1117.0
2026-07-27,25,SKU-10025,8,893.6
2026-07-28,25,SKU-10025,7,781.9
2026-07-29,25,SKU-10025,9,1005.3
2026-07-30,25,SKU-10025,10,1117.0
2026-07-31,25,SKU-10025,9,1005.3
2026-08-01,25,SKU-10025,5,558.5
2026-08-02,25,SKU-10025,7,781.9
2026-08-03,25,SKU-10025,3,335.1
2026-08-04,25,SKU-10025,9,1005.3
2026-08-05,25,SKU-10025,10,1117.0
2026-08-06,25,SKU-10025,5,558.5
2026-08-07,25,SKU-10025,5,558.5
2026-08-08,25,SKU-10025,7,781.9
2026-08-09,25,SKU-10025,7,781.9
2026-08-10,25,SKU-10025,5,558.5
2026-08-11,25,SKU-10025,13,1452.1
2026-08-12,25,SKU-10025,5,558.5
2026-08-13,25,SKU-10025,6,670.2
2026-08-14,25,SKU-10025,7,781.9
2026-08-15,25,SKU-10025,10,1117.0
2026-08-16,25,SKU-10025,12,1340.4
2026-08-17,25,SKU-10025,7,781.9
2026-08-18,25,SKU-10025,11,1228.7
2026-08-19,25,SKU-10025,10,1117.0
2026-08-20,25,SKU-10025,9,1005.3
2026-08-21,25,SKU-10025,9,1005.3
2026-08-22,25,SKU-10025,9,1005.3
2026-08-23,25,SKU-10025,8,893.6
2026-08-24,25,SKU-10025,9,1005.3
2026-08-25,25,SKU-10025,7,781.9
2026-08-26,25,SKU-10025,9,1005.3
2026-05-29,26,SKU-10026,2,90.56
2026-05-30,26,SKU-10026,1,45.28
2026-05-31,26,SKU-10026,2,90.56
2026-06-01,26,SKU-10026,3,135.84
2026-06-02,26,SKU-10026,2,90.56
2026-06-03,26,SKU-10026,3,135.84
2026-06-04,26,SKU-10026,2,90.56
2026-06-05,26,SKU-10026,1,45.28
2026-06-06,26,SKU-10026,1,45.28
2026-06-07,26,SKU-10026,1,45.28
2026-06-08,26,SKU-10026,0,0.0
2026-06-09,26,SKU-10026,3,135.84
2026-06-10,26,SKU-10026,0,0.0
2026-06-11,26,SKU-10026,1,45.28
2026-06-12,26,SKU-10026,0,0.0
2026-06-13,26,SKU-10026,1,45.28
2026-06-14,26,SKU-10026,2,90.56
2026-06-15,26,SKU-10026,1,45.28
2026-06-16,26,SKU-10026,2,90.56
2026-06-17,26,SKU-10026,1,45.28
2026-06-18,26,SKU-10026,0,0.0
2026-06-19,26,SKU-10026,0,0.0
2026-06-20,26,SKU-10026,1,45.28
2026-06-21,26,SKU-10026,3,135.84
2026-06-22,26,SKU-10026,1,45.28
2026-06-23,26,SKU-10026,1,45.28
2026-06-24,26,SKU-10026,1,45.28
2026-06-25,26,SKU-10026,2,90.56
2026-06-26,26,SKU-10026,1,45.28
2026-06-27,26,SKU-10026,2,90.56
2026-06-28,26,SKU-10026,1,45.28
2026-06-29,26,SKU-10026,0,0.0
2026-06-30,26,SKU-10026,1,45.28
2026-07-01,26,SKU-10026,1,45.28
2026-07-02,26,SKU-10026,1,45.28
2026-07-03,26,SKU-10026,3,135.84
2026-07-04,26,SKU-10026,3,135.84
2026-07-05,26,SKU-10026,2,90.56
2026-07-06,26,SKU-10026,1,45.28
2026-07-07,26,SKU-10026,1,45.28
2026-07-08,26,SKU-10026,3,135.84
2026-07-09,26,SKU-10026,0,0.0
2026-07-10,26,SKU-10026,1,45.28
2026-07-11,26,SKU-10026,0,0.0
2026-07-12,26,SKU-10026,1,45.28
2026-07-13,26,SKU-10026,1,45.28
2026-07-14,26,SKU-10026,2,90.56
2026-07-15,26,SKU-10026,3,135.84
2026-07-16,26,SKU-10026,1,45.28
2026-07-17,26,SKU-10026,3,135.84
2026-07-18,26,SKU-10026,1,45.28
2026-07-19,26,SKU-10026,1,45.28
2026-07-20,26,SKU-10026,1,45.28
2026-07-21,26,SKU-10026,1,45.28
2026-07-22,26,SKU-10026,2,90.56
2026-07-23,26,SKU-10026,1,45.28
2026-07-24,26,SKU-10026,1,45.28
2026-07-25,26,SKU-10026,2,90.56
2026-07-26,26,SKU-10026,2,90.56
2026-07-27,26,SKU-10026,3,135.84
2026-07-28,26,SKU-10026,0,0.0
2026-07-29,26,SKU-10026,1,45.28
2026-07-30,26,SKU-10026,1,45.28
2026-07-31,26,SKU-10026,0,0.0
2026-08-01,26,SKU-10026,0,0.0
2026-08-02,26,SKU-10026,1,45.28
2026-08-03,26,SKU-10026,0,0.0
2026-08-04,26,SKU-10026,1,45.28
2026-08-05,26,SKU-10026,0,0.0
2026-08-06,26,SKU-10026,4,181.12
2026-08-07,26,SKU-10026,0,0.0
2026-08-08,26,SKU-10026,1,45.28
2026-08-09,26,SKU-10026,3,135.84
2026-08-10,26,SKU-10026,3,135.84
2026-08-11,26,SKU-10026,2,90.56
2026-08-12,26,SKU-10026,0,0.0
2026-08-13,26,SKU-10026,0,0.0
2026-08-14,26,SKU-10026,2,90.56
2026-08-15,26,SKU-10026,3,135.84
2026-08-16,26,SKU-10026,0,0.0
2026-08-17,26,SKU-10026,2,90.56
2026-08-18,26,SKU-10026,4,181.12
2026-08-19,26,SKU-10026,0,0.0
2026-08-20,26,SKU-10026,1,45.28
2026-08-21,26,SKU-10026,0,0.0
2026-08-22,26,SKU-10026,1,45.28
2026-08-23,26,SKU-10026,0,0.0
2026-08-24,26,SKU-10026,5,226.4
2026-08-25,26,SKU-10026,2,90.56
2026-08-26,26,SKU-10026,1,45.28
2026-05-29,27,SKU-10027,0,0.0
2026-05-30,27,SKU-10027,0,0.0
2026-05-31,27,SKU-10027,0,0.0
2026-06-01,27,SKU-10027,0,0.0
2026-06-02,27,SKU-10027,0,0.0
2026-06-03,27,SKU-10027,0,0.0
2026-06-04,27,SKU-10027,0,0.0
2026-06-05,27,SKU-10027,0,0.0
2026-06-06,27,SKU-10027,0,0.0
2026-06-07,27,SKU-10027,0,0.0
2026-06-08,27,SKU-10027,0,0.0
2026-06-09,27,SKU-10027,0,0.0
2026-06-10,27,SKU-10027,0,0.0
2026-06-11,27,SKU-10027,0,0.0
2026-06-12,27,SKU-10027,0,0.0
2026-06-13,27,SKU-10027,0,0.0
2026-06-14,27,SKU-10027,0,0.0
2026-06-15,27,SKU-10027,0,0.0
2026-06-16,27,SKU-10027,0,0.0
2026-06-17,27,SKU-10027,0,0.0
2026-06-18,27,SKU-10027,0,0.0
2026-06-19,27,SKU-10027,0,0.0
2026-06-20,27,SKU-10027,0,0.0
2026-06-21,27,SKU-10027,0,0.0
2026-06-22,27,SKU-10027,0,0.0
2026-06-23,27,SKU-10027,0,0.0
2026-06-24,27,SKU-10027,0,0.0
2026-06-25,27,SKU-10027,0,0.0
2026-06-26,27,SKU-10027,0,0.0
2026-06-27,27,SKU-10027,0,0.0
2026-06-28,27,SKU-10027,0,0.0
2026-06-29,27,SKU-10027,0,0.0
2026-06-30,27,SKU-10027,0,0.0
2026-07-01,27,SKU-10027,0,0.0
2026-07-02,27,SKU-10027,0,0.0
2026-07-03,27,SKU-10027,0,0.0
2026-07-04,27,SKU-10027,0,0.0
2026-07-05,27,SKU-10027,0,0.0
2026-07-06,27,SKU-10027,0,0.0
2026-07-07,27,SKU-10027,0,0.0
2026-07-08,27,SKU-10027,0,0.0
2026-07-09,27,SKU-10027,0,0.0
2026-07-10,27,SKU-10027,0,0.0
2026-07-11,27,SKU-10027,0,0.0
2026-07-12,27,SKU-10027,0,0.0
2026-07-13,27,SKU-10027,0,0.0
2026-07-14,27,SKU-10027,0,0.0
2026-07-15,27,SKU-10027,0,0.0
2026-07-16,27,SKU-10027,0,0.0
2026-07-17,27,SKU-10027,0,0.0
2026-07-18,27,SKU-10027,0,0.0
2026-07-19,27,SKU-10027,0,0.0
2026-07-20,27,SKU-10027,0,0.0
2026-07-21,27,SKU-10027,0,0.0
2026-07-22,27,SKU-10027,0,0.0
2026-07-23,27,SKU-10027,0,0.0
2026-07-24,27,SKU-10027,0,0.0
2026-07-25,27,SKU-10027,0,0.0
2026-07-26,27,SKU-10027,0,0.0
2026-07-27,27,SKU-10027,0,0.0
2026-07-28,27,SKU-10027,0,0.0
2026-07-29,27,SKU-10027,0,0.0
2026-07-30,27,SKU-10027,0,0.0
2026-07-31,27,SKU-10027,0,0.0
2026-08-01,27,SKU-10027,0,0.0
2026-08-02,27,SKU-10027,0,0.0
2026-08-03,27,SKU-10027,0,0.0
2026-08-04,27,SKU-10027,0,0.0
2026-08-05,27,SKU-10027,0,0.0
2026-08-06,27,SKU-10027,0,0.0
2026-08-07,27,SKU-10027,0,0.0
2026-08-08,27,SKU-10027,0,0.0
2026-08-09,27,SKU-10027,0,0.0
2026-08-10,27,SKU-10027,0,0.0
2026-08-11,27,SKU-10027,0,0.0
2026-08-12,27,SKU-10027,0,0.0
2026-08-13,27,SKU-10027,0,0.0
2026-08-14,27,SKU-10027,0,0.0
2026-08-15,27,SKU-10027,0,0.0
2026-08-16,27,SKU-10027,0,0.0
2026-08-17,27,SKU-10027,0,0.0
2026-08-18,27,SKU-10027,0,0.0
2026-08-19,27,SKU-10027,0,0.0
2026-08-20,27,SKU-10027,0,0.0
2026-08-21,27,SKU-10027,0,0.0
2026-08-22,27,SKU-10027,0,0.0
2026-08-23,27,SKU-10027,0,0.0
2026-08-24,27,SKU-10027,0,0.0
2026-08-25,27,SKU-10027,0,0.0
2026-08-26,27,SKU-10027,0,0.0
2026-05-29,28,SKU-10028,0,0.0
2026-05-30,28,SKU-10028,0,0.0
2026-05-31,28,SKU-10028,0,0.0
2026-06-01,28,SKU-10028,0,0.0
2026-06-02,28,SKU-10028,0,0.0
2026-06-03,28,SKU-10028,2,152.22
2026-06-04,28,SKU-10028,0,0.0
2026-06-05,28,SKU-10028,0,0.0
2026-06-06,28,SKU-10028,1,76.11
2026-06-07,28,SKU-10028,0,0.0
2026-06-08,28,SKU-10028,0,0.0
2026-06-09,28,SKU-10028,0,0.0
2026-06-10,28,SKU-10028,0,0.0
2026-06-11,28,SKU-10028,0,0.0
2026-06-12,28,SKU-10028,0,0.0
2026-06-13,28,SKU-10028,0,0.0
2026-06-14,28,SKU-10028,0,0.0
2026-06-15,28,SKU-10028,0,0.0
2026-06-16,28,SKU-10028,0,0.0
2026-06-17,28,SKU-10028,0,0.0
2026-06-18,28,SKU-10028,0,0.0
2026-06-19,28,SKU-10028,1,76.11
2026-06-20,28,SKU-10028,3,228.33
2026-06-21,28,SKU-10028,0,0.0
2026-06-22,28,SKU-10028,0,0.0
2026-06-23,28,SKU-10028,1,76.11
2026-06-24,28,SKU-10028,0,0.0
2026-06-25,28,SKU-10028,0,0.0
2026-06-26,28,SKU-10028,0,0.0
2026-06-27,28,SKU-10028,0,0.0
2026-06-28,28,SKU-10028,1,76.11
2026-06-29,28,SKU-10028,0,0.0
2026-06-30,28,SKU-10028,0,0.0
2026-07-01,28,SKU-10028,1,76.11
2026-07-02,28,SKU-10028,0,0.0
2026-07-03,28,SKU-10028,0,0.0
2026-07-04,28,SKU-10028,0,0.0
2026-07-05,28,SKU-10028,0,0.0
2026-07-06,28,SKU-10028,0,0.0
2026-07-07,28,SKU-10028,0,0.0
2026-07-08,28,SKU-10028,0,0.0
2026-07-09,28,SKU-10028,1,76.11
2026-07-10,28,SKU-10028,0,0.0
2026-07-11,28,SKU-10028,1,76.11
2026-07-12,28,SKU-10028,0,0.0
2026-07-13,28,SKU-10028,0,0.0
2026-07-14,28,SKU-10028,1,76.11
2026-07-15,28,SKU-10028,1,76.11
2026-07-16,28,SKU-10028,0,0.0
2026-07-17,28,SKU-10028,0,0.0
2026-07-18,28,SKU-10028,0,0.0
2026-07-19,28,SKU-10028,0,0.0
2026-07-20,28,SKU-10028,0,0.0
2026-07-21,28,SKU-10028,1,76.11
2026-07-22,28,SKU-10028,1,76.11
2026-07-23,28,SKU-10028,1,76.11
2026-07-24,28,SKU-10028,1,76.11
2026-07-25,28,SKU-10028,1,76.11
2026-07-26,28,SKU-10028,1,76.11
2026-07-27,28,SKU-10028,0,0.0
2026-07-28,28,SKU-10028,2,152.22
2026-07-29,28,SKU-10028,1,76.11
2026-07-30,28,SKU-10028,0,0.0
2026-07-31,28,SKU-10028,0,0.0
2026-08-01,28,SKU-10028,1,76.11
2026-08-02,28,SKU-10028,1,76.11
2026-08-03,28,SKU-10028,0,0.0
2026-08-04,28,SKU-10028,0,0.0
2026-08-05,28,SKU-10028,0,0.0
2026-08-06,28,SKU-10028,0,0.0
2026-08-07,28,SKU-10028,0,0.0
2026-08-08,28,SKU-10028,1,76.11
2026-08-09,28,SKU-10028,1,76.11
2026-08-10,28,SKU-10028,1,76.11
2026-08-11,28,SKU-10028,0,0.0
2026-08-12,28,SKU-10028,0,0.0
2026-08-13,28,SKU-10028,0,0.0
2026-08-14,28,SKU-10028,0,0.0
2026-08-15,28,SKU-10028,0,0.0
2026-08-16,28,SKU-10028,0,0.0
2026-08-17,28,SKU-10028,0,0.0
2026-08-18,28,SKU-10028,0,0.0
2026-08-19,28,SKU-10028,0,0.0
2026-08-20,28,SKU-10028,0,0.0
2026-08-21,28,SKU-10028,0,0.0
2026-08-22,28,SKU-10028,0,0.0
2026-08-23,28,SKU-10028,0,0.0
2026-08-24,28,SKU-10028,1,76.11
2026-08-25,28,SKU-10028,0,0.0
2026-08-26,28,SKU-10028,0,0.0
2026-05-29,29,SKU-10029,1,42.14
2026-05-30,29,SKU-10029,0,0.0
2026-05-31,29,SKU-10029,1,42.14
2026-06-01,29,SKU-10029,1,42.14
2026-06-02,29,SKU-10029,0,0.0
2026-06-03,29,SKU-10029,0,0.0
2026-06-04,29,SKU-10029,1,42.14
2026-06-05,29,SKU-10029,1,42.14
2026-06-06,29,SKU-10029,0,0.0
2026-06-07,29,SKU-10029,0,0.0
2026-06-08,29,SKU-10029,0,0.0
2026-06-09,29,SKU-10029,0,0.0
2026-06-10,29,SKU-10029,1,42.14
2026-06-11,29,SKU-10029,1,42.14
2026-06-12,29,SKU-10029,1,42.14
2026-06-13,29,SKU-10029,0,0.0
2026-06-14,29,SKU-10029,1,42.14
2026-06-15,29,SKU-10029,2,84.28
2026-06-16,29,SKU-10029,0,0.0
2026-06-17,29,SKU-10029,1,42.14
2026-06-18,29,SKU-10029,2,84.28
2026-06-19,29,SKU-10029,1,42.14
2026-06-20,29,SKU-10029,2,84.28
2026-06-21,29,SKU-10029,0,0.0
2026-06-22,29,SKU-10029,2,84.28
2026-06-23,29,SKU-10029,1,42.14
2026-06-24,29,SKU-10029,1,42.14
2026-06-25,29,SKU-10029,1,42.14
2026-06-26,29,SKU-10029,0,0.0
2026-06-27,29,SKU-10029,1,42.14
2026-06-28,29,SKU-10029,0,0.0
2026-06-29,29,SKU-10029,0,0.0
2026-06-30,29,SKU-10029,1,42.14
2026-07-01,29,SKU-10029,0,0.0
2026-07-02,29,SKU-10029,0,0.0
2026-07-03,29,SKU-10029,0,0.0
2026-07-04,29,SKU-10029,0,0.0
2026-07-05,29,SKU-10029,2,84.28
2026-07-06,29,SKU-10029,1,42.14
2026-07-07,29,SKU-10029,1,42.14
2026-07-08,29,SKU-10029,1,42.14
2026-07-09,29,SKU-10029,2,84.28
2026-07-10,29,SKU-10029,0,0.0
2026-07-11,29,SKU-10029,2,84.28
2026-07-12,29,SKU-10029,0,0.0
2026-07-13,29,SKU-10029,1,42.14
2026-07-14,29,SKU-10029,0,0.0
2026-07-15,29,SKU-10029,0,0.0
2026-07-16,29,SKU-10029,2,84.28
2026-07-17,29,SKU-10029,4,168.56
2026-07-18,29,SKU-10029,0,0.0
2026-07-19,29,SKU-10029,0,0.0
2026-07-20,29,SKU-10029,1,42.14
2026-07-21,29,SKU-10029,1,42.14
2026-07-22,29,SKU-10029,0,0.0
2026-07-23,29,SKU-10029,1,42.14
2026-07-24,29,SKU-10029,0,0.0
2026-07-25,29,SKU-10029,0,0.0
2026-07-26,29,SKU-10029,1,42.14
2026-07-27,29,SKU-10029,0,0.0
2026-07-28,29,SKU-10029,0,0.0
2026-07-29,29,SKU-10029,0,0.0
2026-07-30,29,SKU-10029,1,42.14
2026-07-31,29,SKU-10029,0,0.0
2026-08-01,29,SKU-10029,0,0.0
2026-08-02,29,SKU-10029,0,0.0
2026-08-03,29,SKU-10029,0,0.0
2026-08-04,29,SKU-10029,0,0.0
2026-08-05,29,SKU-10029,1,42.14
2026-08-06,29,SKU-10029,0,0.0
2026-08-07,29,SKU-10029,0,0.0
2026-08-08,29,SKU-10029,1,42.14
2026-08-09,29,SKU-10029,0,0.0
2026-08-10,29,SKU-10029,0,0.0
2026-08-11,29,SKU-10029,1,42.14
2026-08-12,29,SKU-10029,0,0.0
2026-08-13,29,SKU-10029,0,0.0
2026-08-14,29,SKU-10029,0,0.0
2026-08-15,29,SKU-10029,1,42.14
2026-08-16,29,SKU-10029,0,0.0
2026-08-17,29,SKU-10029,0,0.0
2026-08-18,29,SKU-10029,1,42.14
2026-08-19,29,SKU-10029,0,0.0
2026-08-20,29,SKU-10029,1,42.14
2026-08-21,29,SKU-10029,1,42.14
2026-08-22,29,SKU-10029,1,42.14
2026-08-23,29,SKU-10029,1,42.14
2026-08-24,29,SKU-10029,0,0.0
2026-08-25,29,SKU-10029,0,0.0
2026-08-26,29,SKU-10029,1,42.14
2026-05-29,30,SKU-10030,0,0.0
2026-05-30,30,SKU-10030,0,0.0
2026-05-31,30,SKU-10030,2,77.16
2026-06-01,30,SKU-10030,0,0.0
2026-06-02,30,SKU-10030,0,0.0
2026-06-03,30,SKU-10030,0,0.0
2026-06-04,30,SKU-10030,1,38.58
2026-06-05,30,SKU-10030,1,38.58
2026-06-06,30,SKU-10030,2,77.16
2026-06-07,30,SKU-10030,0,0.0
2026-06-08,30,SKU-10030,0,0.0
2026-06-09,30,SKU-10030,1,38.58
2026-06-10,30,SKU-10030,1,38.58
2026-06-11,30,SKU-10030,1,38.58
2026-06-12,30,SKU-10030,1,38.58
2026-06-13,30,SKU-10030,0,0.0
2026-06-14,30,SKU-10030,0,0.0
2026-06-15,30,SKU-10030,1,38.58
2026-06-16,30,SKU-10030,2,77.16
2026-06-17,30,SKU-10030,1,38.58
2026-06-18,30,SKU-10030,1,38.58
2026-06-19,30,SKU-10030,1,38.58
2026-06-20,30,SKU-10030,0,0.0
2026-06-21,30,SKU-10030,0,0.0
2026-06-22,30,SKU-10030,1,38.58
2026-06-23,30,SKU-10030,0,0.0
2026-06-24,30,SKU-10030,1,38.58
2026-06-25,30,SKU-10030,0,0.0
2026-06-26,30,SKU-10030,2,77.16
2026-06-27,30,SKU-10030,1,38.58
2026-06-28,30,SKU-10030,0,0.0
2026-06-29,30,SKU-10030,1,38.58
2026-06-30,30,SKU-10030,0,0.0
2026-07-01,30,SKU-10030,1,38.58
2026-07-02,30,SKU-10030,0,0.0
2026-07-03,30,SKU-10030,1,38.58
2026-07-04,30,SKU-10030,0,0.0
2026-07-05,30,SKU-10030,0,0.0
2026-07-06,30,SKU-10030,2,77.16
2026-07-07,30,SKU-10030,0,0.0
2026-07-08,30,SKU-10030,0,0.0
2026-07-09,30,SKU-10030,0,0.0
2026-07-10,30,SKU-10030,1,38.58
2026-07-11,30,SKU-10030,0,0.0
2026-07-12,30,SKU-10030,2,77.16
2026-07-13,30,SKU-10030,1,38.58
2026-07-14,30,SKU-10030,3,115.74
2026-07-15,30,SKU-10030,1,38.58
2026-07-16,30,SKU-10030,0,0.0
2026-07-17,30,SKU-10030,0,0.0
2026-07-18,30,SKU-10030,1,38.58
2026-07-19,30,SKU-10030,2,77.16
2026-07-20,30,SKU-10030,0,0.0
2026-07-21,30,SKU-10030,0,0.0
2026-07-22,30,SKU-10030,1,38.58
2026-07-23,30,SKU-10030,1,38.58
2026-07-24,30,SKU-10030,0,0.0
2026-07-25,30,SKU-10030,0,0.0
2026-07-26,30,SKU-10030,0,0.0
2026-07-27,30,SKU-10030,0,0.0
2026-07-28,30,SKU-10030,0,0.0
2026-07-29,30,SKU-10030,1,38.58
2026-07-30,30,SKU-10030,1,38.58
2026-07-31,30,SKU-10030,1,38.58
2026-08-01,30,SKU-10030,0,0.0
2026-08-02,30,SKU-10030,0,0.0
2026-08-03,30,SKU-10030,0,0.0
2026-08-04,30,SKU-10030,1,38.58
2026-08-05,30,SKU-10030,0,0.0
2026-08-06,30,SKU-10030,0,0.0
2026-08-07,30,SKU-10030,1,38.58
2026-08-08,30,SKU-10030,2,77.16
2026-08-09,30,SKU-10030,1,38.58
2026-08-10,30,SKU-10030,1,38.58
2026-08-11,30,SKU-10030,1,38.58
2026-08-12,30,SKU-10030,0,0.0
2026-08-13,30,SKU-10030,0,0.0
2026-08-14,30,SKU-10030,0,0.0
2026-08-15,30,SKU-10030,0,0.0
2026-08-16,30,SKU-10030,1,38.58
2026-08-17,30,SKU-10030,0,0.0
2026-08-18,30,SKU-10030,1,38.58
2026-08-19,30,SKU-10030,0,0.0
2026-08-20,30,SKU-10030,1,38.58
2026-08-21,30,SKU-10030,0,0.0
2026-08-22,30,SKU-10030,0,0.0
2026-08-23,30,SKU-10030,0,0.0
2026-08-24,30,SKU-10030,0,0.0
2026-08-25,30,SKU-10030,2,77.16
2026-08-26,30,SKU-10030,0,0.0
2026-05-29,31,SKU-10031,1,89.18
2026-05-30,31,SKU-10031,0,0.0
2026-05-31,31,SKU-10031,1,89.18
2026-06-01,31,SKU-10031,2,178.36
2026-06-02,31,SKU-10031,3,267.54
2026-06-03,31,SKU-10031,2,178.36
2026-06-04,31,SKU-10031,0,0.0
2026-06-05,31,SKU-10031,1,89.18
2026-06-06,31,SKU-10031,0,0.0
2026-06-07,31,SKU-10031,1,89.18
2026-06-08,31,SKU-10031,2,178.36
2026-06-09,31,SKU-10031,2,178.36
2026-06-10,31,SKU-10031,0,0.0
2026-06-11,31,SKU-10031,1,89.18
2026-06-12,31,SKU-10031,0,0.0
2026-06-13,31,SKU-10031,4,356.72
2026-06-14,31,SKU-10031,1,89.18
2026-06-15,31,SKU-10031,4,356.72
2026-06-16,31,SKU-10031,0,0.0
2026-06-17,31,SKU-10031,4,356.72
2026-06-18,31,SKU-10031,1,89.18
2026-06-19,31,SKU-10031,2,178.36
2026-06-20,31,SKU-10031,0,0.0
2026-06-21,31,SKU-10031,2,178.36
2026-06-22,31,SKU-10031,0,0.0
2026-06-23,31,SKU-10031,1,89.18
2026-06-24,31,SKU-10031,1,89.18
2026-06-25,31,SKU-10031,1,89.18
2026-06-26,31,SKU-10031,1,89.18
2026-06-27,31,SKU-10031,3,267.54
2026-06-28,31,SKU-10031,1,89.18
2026-06-29,31,SKU-10031,2,178.36
2026-06-30,31,SKU-10031,1,89.18
2026-07-01,31,SKU-10031,2,178.36
2026-07-02,31,SKU-10031,2,178.36
2026-07-03,31,SKU-10031,2,178.36
2026-07-04,31,SKU-10031,0,0.0
2026-07-05,31,SKU-10031,2,178.36
2026-07-06,31,SKU-10031,1,89.18
2026-07-07,31,SKU-10031,3,267.54
2026-07-08,31,SKU-10031,5,445.9
2026-07-09,31,SKU-10031,2,178.36
2026-07-10,31,SKU-10031,1,89.18
2026-07-11,31,SKU-10031,2,178.36
2026-07-12,31,SKU-10031,1,89.18
2026-07-13,31,SKU-10031,0,0.0
2026-07-14,31,SKU-10031,1,89.18
2026-07-15,31,SKU-10031,2,178.36
2026-07-16,31,SKU-10031,1,89.18
2026-07-17,31,SKU-10031,0,0.0
2026-07-18,31,SKU-10031,4,356.72
2026-07-19,31,SKU-10031,1,89.18
2026-07-20,31,SKU-10031,0,0.0
2026-07-21,31,SKU-10031,0,0.0
2026-07-22,31,SKU-10031,3,267.54
2026-07-23,31,SKU-10031,1,89.18
2026-07-24,31,SKU-10031,0,0.0
2026-07-25,31,SKU-10031,1,89.18
2026-07-26,31,SKU-10031,2,178.36
2026-07-27,31,SKU-10031,2,178.36
2026-07-28,31,SKU-10031,0,0.0
2026-07-29,31,SKU-10031,0,0.0
2026-07-30,31,SKU-10031,1,89.18
2026-07-31,31,SKU-10031,0,0.0
2026-08-01,31,SKU-10031,3,267.54
2026-08-02,31,SKU-10031,1,89.18
2026-08-03,31,SKU-10031,0,0.0
2026-08-04,31,SKU-10031,1,89.18
2026-08-05,31,SKU-10031,1,89.18
2026-08-06,31,SKU-10031,2,178.36
2026-08-07,31,SKU-10031,1,89.18
2026-08-08,31,SKU-10031,2,178.36
2026-08-09,31,SKU-10031,0,0.0
2026-08-10,31,SKU-10031,0,0.0
2026-08-11,31,SKU-10031,1,89.18
2026-08-12,31,SKU-10031,1,89.18
2026-08-13,31,SKU-10031,1,89.18
2026-08-14,31,SKU-10031,0,0.0
2026-08-15,31,SKU-10031,2,178.36
2026-08-16,31,SKU-10031,1,89.18
2026-08-17,31,SKU-10031,0,0.0
2026-08-18,31,SKU-10031,0,0.0
2026-08-19,31,SKU-10031,1,89.18
2026-08-20,31,SKU-10031,2,178.36
2026-08-21,31,SKU-10031,2,178.36
2026-08-22,31,SKU-10031,0,0.0
2026-08-23,31,SKU-10031,1,89.18
2026-08-24,31,SKU-10031,0,0.0
2026-08-25,31,SKU-10031,2,178.36
2026-08-26,31,SKU-10031,1,89.18
2026-05-29,32,SKU-10032,2,273.2
2026-05-30,32,SKU-10032,1,136.6
2026-05-31,32,SKU-10032,1,136.6
2026-06-01,32,SKU-10032,1,136.6
2026-06-02,32,SKU-10032,0,0.0
2026-06-03,32,SKU-10032,0,0.0
2026-06-04,32,SKU-10032,1,136.6
2026-06-05,32,SKU-10032,1,136.6
2026-06-06,32,SKU-10032,1,136.6
2026-06-07,32,SKU-10032,2,273.2
2026-06-08,32,SKU-10032,1,136.6
2026-06-09,32,SKU-10032,0,0.0
2026-06-10,32,SKU-10032,3,409.8
2026-06-11,32,SKU-10032,1,136.6
2026-06-12,32,SKU-10032,1,136.6
2026-06-13,32,SKU-10032,1,136.6
2026-06-14,32,SKU-10032,1,136.6
2026-06-15,32,SKU-10032,0,0.0
2026-06-16,32,SKU-10032,0,0.0
2026-06-17,32,SKU-10032,0,0.0
2026-06-18,32,SKU-10032,1,136.6
2026-06-19,32,SKU-10032,4,546.4
2026-06-20,32,SKU-10032,0,0.0
2026-06-21,32,SKU-10032,0,0.0
2026-06-22,32,SKU-10032,1,136.6
2026-06-23,32,SKU-10032,1,136.6
2026-06-24,32,SKU-10032,3,409.8
2026-06-25,32,SKU-10032,0,0.0
2026-06-26,32,SKU-10032,2,273.2
2026-06-27,32,SKU-10032,1,136.6
2026-06-28,32,SKU-10032,1,136.6
2026-06-29,32,SKU-10032,0,0.0
2026-06-30,32,SKU-10032,3,409.8
2026-07-01,32,SKU-10032,0,0.0
2026-07-02,32,SKU-10032,1,136.6
2026-07-03,32,SKU-10032,0,0.0
2026-07-04,32,SKU-10032,2,273.2
2026-07-05,32,SKU-10032,2,273.2
2026-07-06,32,SKU-10032,0,0.0
2026-07-07,32,SKU-10032,1,136.6
2026-07-08,32,SKU-10032,0,0.0
2026-07-09,32,SKU-10032,1,136.6
2026-07-10,32,SKU-10032,0,0.0
2026-07-11,32,SKU-10032,1,136.6
2026-07-12,32,SKU-10032,3,409.8
2026-07-13,32,SKU-10032,0,0.0
2026-07-14,32,SKU-10032,2,273.2
2026-07-15,32,SKU-10032,3,409.8
2026-07-16,32,SKU-10032,0,0.0
2026-07-17,32,SKU-10032,2,273.2
2026-07-18,32,SKU-10032,2,273.2
2026-07-19,32,SKU-10032,2,273.2
2026-07-20,32,SKU-10032,0,0.0
2026-07-21,32,SKU-10032,2,273.2
2026-07-22,32,SKU-10032,1,136.6
2026-07-23,32,SKU-10032,0,0.0
2026-07-24,32,SKU-10032,2,273.2
2026-07-25,32,SKU-10032,0,0.0
2026-07-26,32,SKU-10032,1,136.6
2026-07-27,32,SKU-10032,0,0.0
2026-07-28,32,SKU-10032,0,0.0
2026-07-29,32,SKU-10032,1,136.6
2026-07-30,32,SKU-10032,0,0.0
2026-07-31,32,SKU-10032,2,273.2
2026-08-01,32,SKU-10032,1,136.6
2026-08-02,32,SKU-10032,1,136.6
2026-08-03,32,SKU-10032,1,136.6
2026-08-04,32,SKU-10032,2,273.2
2026-08-05,32,SKU-10032,1,136.6
2026-08-06,32,SKU-10032,0,0.0
2026-08-07,32,SKU-10032,0,0.0
2026-08-08,32,SKU-10032,0,0.0
2026-08-09,32,SKU-10032,1,136.6
2026-08-10,32,SKU-10032,0,0.0
2026-08-11,32,SKU-10032,3,409.8
2026-08-12,32,SKU-10032,0,0.0
2026-08-13,32,SKU-10032,3,409.8
2026-08-14,32,SKU-10032,1,136.6
2026-08-15,32,SKU-10032,2,273.2
2026-08-16,32,SKU-10032,0,0.0
2026-08-17,32,SKU-10032,4,546.4
2026-08-18,32,SKU-10032,0,0.0
2026-08-19,32,SKU-10032,1,136.6
2026-08-20,32,SKU-10032,3,409.8
2026-08-21,32,SKU-10032,3,409.8
2026-08-22,32,SKU-10032,1,136.6
2026-08-23,32,SKU-10032,3,409.8
2026-08-24,32,SKU-10032,2,273.2
2026-08-25,32,SKU-10032,1,136.6
2026-08-26,32,SKU-10032,1,136.6
2026-05-29,33,SKU-10033,0,0.0
2026-05-30,33,SKU-10033,3,246.09
2026-05-31,33,SKU-10033,0,0.0
2026-06-01,33,SKU-10033,0,0.0
2026-06-02,33,SKU-10033,2,164.06
2026-06-03,33,SKU-10033,0,0.0
2026-06-04,33,SKU-10033,3,246.09
2026-06-05,33,SKU-10033,1,82.03
2026-06-06,33,SKU-10033,2,164.06
2026-06-07,33,SKU-10033,3,246.09
2026-06-08,33,SKU-10033,0,0.0
2026-06-09,33,SKU-10033,0,0.0
2026-06-10,33,SKU-10033,3,246.09
2026-06-11,33,SKU-10033,1,82.03
2026-06-12,33,SKU-10033,1,82.03
2026-06-13,33,SKU-10033,0,0.0
2026-06-14,33,SKU-10033,0,0.0
2026-06-15,33,SKU-10033,2,164.06
2026-06-16,33,SKU-10033,0,0.0
2026-06-17,33,SKU-10033,0,0.0
2026-06-18,33,SKU-10033,1,82.03
2026-06-19,33,SKU-10033,4,328.12
2026-06-20,33,SKU-10033,1,82.03
2026-06-21,33,SKU-10033,2,164.06
2026-06-22,33,SKU-10033,0,0.0
2026-06-23,33,SKU-10033,0,0.0
2026-06-24,33,SKU-10033,1,82.03
2026-06-25,33,SKU-10033,0,0.0
2026-06-26,33,SKU-10033,0,0.0
2026-06-27,33,SKU-10033,2,164.06
2026-06-28,33,SKU-10033,4,328.12
2026-06-29,33,SKU-10033,0,0.0
2026-06-30,33,SKU-10033,0,0.0
2026-07-01,33,SKU-10033,0,0.0
2026-07-02,33,SKU-10033,2,164.06
2026-07-03,33,SKU-10033,0,0.0
2026-07-04,33,SKU-10033,1,82.03
2026-07-05,33,SKU-10033,1,82.03
2026-07-06,33,SKU-10033,4,328.12
2026-07-07,33,SKU-10033,1,82.03
2026-07-08,33,SKU-10033,0,0.0
2026-07-09,33,SKU-10033,0,0.0
2026-07-10,33,SKU-10033,0,0.0
2026-07-11,33,SKU-10033,1,82.03
2026-07-12,33,SKU-10033,0,0.0
2026-07-13,33,SKU-10033,0,0.0
2026-07-14,33,SKU-10033,1,82.03
2026-07-15,33,SKU-10033,1,82.03
2026-07-16,33,SKU-10033,1,82.03
2026-07-17,33,SKU-10033,1,82.03
2026-07-18,33,SKU-10033,4,328.12
2026-07-19,33,SKU-10033,1,82.03
2026-07-20,33,SKU-10033,1,82.03
2026-07-21,33,SKU-10033,1,82.03
2026-07-22,33,SKU-10033,0,0.0
2026-07-23,33,SKU-10033,0,0.0
2026-07-24,33,SKU-10033,1,82.03
2026-07-25,33,SKU-10033,0,0.0
2026-07-26,33,SKU-10033,0,0.0
2026-07-27,33,SKU-10033,1,82.03
2026-07-28,33,SKU-10033,0,0.0
2026-07-29,33,SKU-10033,1,82.03
2026-07-30,33,SKU-10033,0,0.0
2026-07-31,33,SKU-10033,0,0.0
2026-08-01,33,SKU-10033,0,0.0
2026-08-02,33,SKU-10033,2,164.06
2026-08-03,33,SKU-10033,2,164.06
2026-08-04,33,SKU-10033,1,82.03
2026-08-05,33,SKU-10033,0,0.0
2026-08-06,33,SKU-10033,1,82.03
2026-08-07,33,SKU-10033,2,164.06
2026-08-08,33,SKU-10033,0,0.0
2026-08-09,33,SKU-10033,0,0.0
2026-08-10,33,SKU-10033,2,164.06
2026-08-11,33,SKU-10033,2,164.06
2026-08-12,33,SKU-10033,0,0.0
2026-08-13,33,SKU-10033,0,0.0
2026-08-14,33,SKU-10033,1,82.03
2026-08-15,33,SKU-10033,1,82.03
2026-08-16,33,SKU-10033,0,0.0
2026-08-17,33,SKU-10033,0,0.0
2026-08-18,33,SKU-10033,3,246.09
2026-08-19,33,SKU-10033,2,164.06
2026-08-20,33,SKU-10033,0,0.0
2026-08-21,33,SKU-10033,1,82.03
2026-08-22,33,SKU-10033,2,164.06
2026-08-23,33,SKU-10033,2,164.06
2026-08-24,33,SKU-10033,0,0.0
2026-08-25,33,SKU-10033,2,164.06
2026-08-26,33,SKU-10033,1,82.03
2026-05-29,34,SKU-10034,1,145.8
2026-05-30,34,SKU-10034,0,0.0
2026-05-31,34,SKU-10034,0,0.0
2026-06-01,34,SKU-10034,0,0.0
2026-06-02,34,SKU-10034,0,0.0
2026-06-03,34,SKU-10034,0,0.0
2026-06-04,34,SKU-10034,0,0.0
2026-06-05,34,SKU-10034,1,145.8
2026-06-06,34,SKU-10034,1,145.8
2026-06-07,34,SKU-10034,0,0.0
2026-06-08,34,SKU-10034,1,145.8
2026-06-09,34,SKU-10034,0,0.0
2026-06-10,34,SKU-10034,1,145.8
2026-06-11,34,SKU-10034,0,0.0
2026-06-12,34,SKU-10034,2,291.6
2026-06-13,34,SKU-10034,0,0.0
2026-06-14,34,SKU-10034,1,145.8
2026-06-15,34,SKU-10034,1,145.8
2026-06-16,34,SKU-10034,0,0.0
2026-06-17,34,SKU-10034,0,0.0
2026-06-18,34,SKU-10034,2,291.6
2026-06-19,34,SKU-10034,2,291.6
2026-06-20,34,SKU-10034,0,0.0
2026-06-21,34,SKU-10034,1,145.8
2026-06-22,34,SKU-10034,2,291.6
2026-06-23,34,SKU-10034,2,291.6
2026-06-24,34,SKU-10034,3,437.4
2026-06-25,34,SKU-10034,0,0.0
2026-06-26,34,SKU-10034,2,291.6
2026-06-27,34,SKU-10034,1,145.8
2026-06-28,34,SKU-10034,1,145.8
2026-06-29,34,SKU-10034,0,0.0
2026-06-30,34,SKU-10034,2,291.6
2026-07-01,34,SKU-10034,0,0.0
2026-07-02,34,SKU-10034,2,291.6
2026-07-03,34,SKU-10034,1,145.8
2026-07-04,34,SKU-10034,0,0.0
2026-07-05,34,SKU-10034,0,0.0
2026-07-06,34,SKU-10034,0,0.0
2026-07-07,34,SKU-10034,1,145.8
2026-07-08,34,SKU-10034,1,145.8
2026-07-09,34,SKU-10034,1,145.8
2026-07-10,34,SKU-10034,0,0.0
2026-07-11,34,SKU-10034,1,145.8
2026-07-12,34,SKU-10034,0,0.0
2026-07-13,34,SKU-10034,2,291.6
2026-07-14,34,SKU-10034,0,0.0
2026-07-15,34,SKU-10034,0,0.0
2026-07-16,34,SKU-10034,1,145.8
2026-07-17,34,SKU-10034,2,291.6
2026-07-18,34,SKU-10034,2,291.6
2026-07-19,34,SKU-10034,1,145.8
2026-07-20,34,SKU-10034,0,0.0
2026-07-21,34,SKU-10034,2,291.6
2026-07-22,34,SKU-10034,1,145.8
2026-07-23,34,SKU-10034,2,291.6
2026-07-24,34,SKU-10034,1,145.8
2026-07-25,34,SKU-10034,1,145.8
2026-07-26,34,SKU-10034,0,0.0
2026-07-27,34,SKU-10034,1,145.8
2026-07-28,34,SKU-10034,0,0.0
2026-07-29,34,SKU-10034,1,145.8
2026-07-30,34,SKU-10034,0,0.0
2026-07-31,34,SKU-10034,3,437.4
2026-08-01,34,SKU-10034,1,145.8
2026-08-02,34,SKU-10034,0,0.0
2026-08-03,34,SKU-10034,1,145.8
2026-08-04,34,SKU-10034,2,291.6
2026-08-05,34,SKU-10034,1,145.8
2026-08-06,34,SKU-10034,2,291.6
2026-08-07,34,SKU-10034,2,291.6
2026-08-08,34,SKU-10034,0,0.0
2026-08-09,34,SKU-10034,0,0.0
2026-08-10,34,SKU-10034,2,291.6
2026-08-11,34,SKU-10034,1,145.8
2026-08-12,34,SKU-10034,2,291.6
2026-08-13,34,SKU-10034,3,437.4
2026-08-14,34,SKU-10034,2,291.6
2026-08-15,34,SKU-10034,2,291.6
2026-08-16,34,SKU-10034,1,145.8
2026-08-17,34,SKU-10034,0,0.0
2026-08-18,34,SKU-10034,2,291.6
2026-08-19,34,SKU-10034,1,145.8
2026-08-20,34,SKU-10034,1,145.8
2026-08-21,34,SKU-10034,4,583.2
2026-08-22,34,SKU-10034,3,437.4
2026-08-23,34,SKU-10034,2,291.6
2026-08-24,34,SKU-10034,1,145.8
2026-08-25,34,SKU-10034,2,291.6
2026-08-26,34,SKU-10034,0,0.0
2026-05-29,35,SKU-10035,4,97.12
2026-05-30,35,SKU-10035,8,194.24
2026-05-31,35,SKU-10035,5,121.4
2026-06-01,35,SKU-10035,2,48.56
2026-06-02,35,SKU-10035,0,0.0
2026-06-03,35,SKU-10035,1,24.28
2026-06-04,35,SKU-10035,1,24.28
2026-06-05,35,SKU-10035,7,169.96
2026-06-06,35,SKU-10035,4,97.12
2026-06-07,35,SKU-10035,3,72.84
2026-06-08,35,SKU-10035,2,48.56
2026-06-09,35,SKU-10035,4,97.12
2026-06-10,35,SKU-10035,3,72.84
2026-06-11,35,SKU-10035,5,121.4
2026-06-12,35,SKU-10035,4,97.12
2026-06-13,35,SKU-10035,4,97.12
2026-06-14,35,SKU-10035,7,169.96
2026-06-15,35,SKU-10035,5,121.4
2026-06-16,35,SKU-10035,7,169.96
2026-06-17,35,SKU-10035,5,121.4
2026-06-18,35,SKU-10035,2,48.56
2026-06-19,35,SKU-10035,8,194.24
2026-06-20,35,SKU-10035,3,72.84
2026-06-21,35,SKU-10035,6,145.68
2026-06-22,35,SKU-10035,3,72.84
2026-06-23,35,SKU-10035,5,121.4
2026-06-24,35,SKU-10035,6,145.68
2026-06-25,35,SKU-10035,1,24.28
2026-06-26,35,SKU-10035,6,145.68
2026-06-27,35,SKU-10035,4,97.12
2026-06-28,35,SKU-10035,7,169.96
2026-06-29,35,SKU-10035,2,48.56
2026-06-30,35,SKU-10035,6,145.68
2026-07-01,35,SKU-10035,0,0.0
2026-07-02,35,SKU-10035,4,97.12
2026-07-03,35,SKU-10035,5,121.4
2026-07-04,35,SKU-10035,3,72.84
2026-07-05,35,SKU-10035,7,169.96
2026-07-06,35,SKU-10035,2,48.56
2026-07-07,35,SKU-10035,4,97.12
2026-07-08,35,SKU-10035,3,72.84
2026-07-09,35,SKU-10035,8,194.24
2026-07-10,35,SKU-10035,5,121.4
2026-07-11,35,SKU-10035,5,121.4
2026-07-12,35,SKU-10035,4,97.12
2026-07-13,35,SKU-10035,6,145.68
2026-07-14,35,SKU-10035,6,145.68
2026-07-15,35,SKU-10035,5,121.4
2026-07-16,35,SKU-10035,1,24.28
2026-07-17,35,SKU-10035,3,72.84
2026-07-18,35,SKU-10035,3,72.84
2026-07-19,35,SKU-10035,3,72.84
2026-07-20,35,SKU-10035,2,48.56
2026-07-21,35,SKU-10035,4,97.12
2026-07-22,35,SKU-10035,3,72.84
2026-07-23,35,SKU-10035,3,72.84
2026-07-24,35,SKU-10035,6,145.68
2026-07-25,35,SKU-10035,6,145.68
2026-07-26,35,SKU-10035,1,24.28
2026-07-27,35,SKU-10035,5,121.4
2026-07-28,35,SKU-10035,8,194.24
2026-07-29,35,SKU-10035,4,97.12
2026-07-30,35,SKU-10035,5,121.4
2026-07-31,35,SKU-10035,5,121.4
2026-08-01,35,SKU-10035,2,48.56
2026-08-02,35,SKU-10035,7,169.96
2026-08-03,35,SKU-10035,11,267.08
2026-08-04,35,SKU-10035,6,145.68
2026-08-05,35,SKU-10035,5,121.4
2026-08-06,35,SKU-10035,6,145.68
2026-08-07,35,SKU-10035,4,97.12
2026-08-08,35,SKU-10035,4,97.12
2026-08-09,35,SKU-10035,4,97.12
2026-08-10,35,SKU-10035,5,121.4
2026-08-11,35,SKU-10035,7,169.96
2026-08-12,35,SKU-10035,6,145.68
2026-08-13,35,SKU-10035,9,218.52
2026-08-14,35,SKU-10035,5,121.4
2026-08-15,35,SKU-10035,6,145.68
2026-08-16,35,SKU-10035,5,121.4
2026-08-17,35,SKU-10035,4,97.12
2026-08-18,35,SKU-10035,7,169.96
2026-08-19,35,SKU-10035,4,97.12
2026-08-20,35,SKU-10035,2,48.56
2026-08-21,35,SKU-10035,6,145.68
2026-08-22,35,SKU-10035,6,145.68
2026-08-23,35,SKU-10035,5,121.4
2026-08-24,35,SKU-10035,4,97.12
2026-08-25,35,SKU-10035,8,194.24
2026-08-26,35,SKU-10035,7,169.96
2026-05-29,36,SKU-10036,2,77.86
2026-05-30,36,SKU-10036,0,0.0
2026-05-31,36,SKU-10036,1,38.93
2026-06-01,36,SKU-10036,1,38.93
2026-06-02,36,SKU-10036,0,0.0
2026-06-03,36,SKU-10036,0,0.0
2026-06-04,36,SKU-10036,0,0.0
2026-06-05,36,SKU-10036,0,0.0
2026-06-06,36,SKU-10036,0,0.0
2026-06-07,36,SKU-10036,1,38.93
2026-06-08,36,SKU-10036,2,77.86
2026-06-09,36,SKU-10036,1,38.93
2026-06-10,36,SKU-10036,0,0.0
2026-06-11,36,SKU-10036,0,0.0
2026-06-12,36,SKU-10036,0,0.0
2026-06-13,36,SKU-10036,0,0.0
2026-06-14,36,SKU-10036,0,0.0
2026-06-15,36,SKU-10036,1,38.93
2026-06-16,36,SKU-10036,0,0.0
2026-06-17,36,SKU-10036,1,38.93
2026-06-18,36,SKU-10036,0,0.0
2026-06-19,36,SKU-10036,0,0.0
2026-06-20,36,SKU-10036,1,38.93
2026-06-21,36,SKU-10036,1,38.93
2026-06-22,36,SKU-10036,0,0.0
2026-06-23,36,SKU-10036,0,0.0
2026-06-24,36,SKU-10036,1,38.93
2026-06-25,36,SKU-10036,0,0.0
2026-06-26,36,SKU-10036,0,0.0
2026-06-27,36,SKU-10036,0,0.0
2026-06-28,36,SKU-10036,1,38.93
2026-06-29,36,SKU-10036,2,77.86
2026-06-30,36,SKU-10036,1,38.93
2026-07-01,36,SKU-10036,2,77.86
2026-07-02,36,SKU-10036,0,0.0
2026-07-03,36,SKU-10036,1,38.93
2026-07-04,36,SKU-10036,1,38.93
2026-07-05,36,SKU-10036,1,38.93
2026-07-06,36,SKU-10036,0,0.0
2026-07-07,36,SKU-10036,0,0.0
2026-07-08,36,SKU-10036,1,38.93
2026-07-09,36,SKU-10036,0,0.0
2026-07-10,36,SKU-10036,1,38.93
2026-07-11,36,SKU-10036,0,0.0
2026-07-12,36,SKU-10036,2,77.86
2026-07-13,36,SKU-10036,0,0.0
2026-07-14,36,SKU-10036,1,38.93
2026-07-15,36,SKU-10036,1,38.93
2026-07-16,36,SKU-10036,1,38.93
2026-07-17,36,SKU-10036,0,0.0
2026-07-18,36,SKU-10036,0,0.0
2026-07-19,36,SKU-10036,0,0.0
2026-07-20,36,SKU-10036,2,77.86
2026-07-21,36,SKU-10036,1,38.93
2026-07-22,36,SKU-10036,1,38.93
2026-07-23,36,SKU-10036,0,0.0
2026-07-24,36,SKU-10036,0,0.0
2026-07-25,36,SKU-10036,1,38.93
2026-07-26,36,SKU-10036,1,38.93
2026-07-27,36,SKU-10036,0,0.0
2026-07-28,36,SKU-10036,1,38.93
2026-07-29,36,SKU-10036,0,0.0
2026-07-30,36,SKU-10036,0,0.0
2026-07-31,36,SKU-10036,1,38.93
2026-08-01,36,SKU-10036,0,0.0
2026-08-02,36,SKU-10036,0,0.0
2026-08-03,36,SKU-10036,1,38.93
2026-08-04,36,SKU-10036,1,38.93
2026-08-05,36,SKU-10036,0,0.0
2026-08-06,36,SKU-10036,0,0.0
2026-08-07,36,SKU-10036,0,0.0
2026-08-08,36,SKU-10036,0,0.0
2026-08-09,36,SKU-10036,0,0.0
2026-08-10,36,SKU-10036,2,77.86
2026-08-11,36,SKU-10036,0,0.0
2026-08-12,36,SKU-10036,0,0.0
2026-08-13,36,SKU-10036,2,77.86
2026-08-14,36,SKU-10036,3,116.79
2026-08-15,36,SKU-10036,0,0.0
2026-08-16,36,SKU-10036,0,0.0
2026-08-17,36,SKU-10036,0,0.0
2026-08-18,36,SKU-10036,0,0.0
2026-08-19,36,SKU-10036,0,0.0
2026-08-20,36,SKU-10036,3,116.79
2026-08-21,36,SKU-10036,2,77.86
2026-08-22,36,SKU-10036,2,77.86
2026-08-23,36,SKU-10036,0,0.0
2026-08-24,36,SKU-10036,1,38.93
2026-08-25,36,SKU-10036,1,38.93
2026-08-26,36,SKU-10036,2,77.86
2026-05-29,37,SKU-10037,1,125.41
2026-05-30,37,SKU-10037,1,125.41
2026-05-31,37,SKU-10037,1,125.41
2026-06-01,37,SKU-10037,5,627.05
2026-06-02,37,SKU-10037,0,0.0
2026-06-03,37,SKU-10037,1,125.41
2026-06-04,37,SKU-10037,0,0.0
2026-06-05,37,SKU-10037,1,125.41
2026-06-06,37,SKU-10037,2,250.82
2026-06-07,37,SKU-10037,1,125.41
2026-06-08,37,SKU-10037,2,250.82
2026-06-09,37,SKU-10037,0,0.0
2026-06-10,37,SKU-10037,3,376.23
2026-06-11,37,SKU-10037,0,0.0
2026-06-12,37,SKU-10037,1,125.41
2026-06-13,37,SKU-10037,0,0.0
2026-06-14,37,SKU-10037,0,0.0
2026-06-15,37,SKU-10037,3,376.23
2026-06-16,37,SKU-10037,2,250.82
2026-06-17,37,SKU-10037,3,376.23
2026-06-18,37,SKU-10037,0,0.0
2026-06-19,37,SKU-10037,0,0.0
2026-06-20,37,SKU-10037,1,125.41
2026-06-21,37,SKU-10037,2,250.82
2026-06-22,37,SKU-10037,0,0.0
2026-06-23,37,SKU-10037,0,0.0
2026-06-24,37,SKU-10037,0,0.0
2026-06-25,37,SKU-10037,2,250.82
2026-06-26,37,SKU-10037,2,250.82
2026-06-27,37,SKU-10037,0,0.0
2026-06-28,37,SKU-10037,0,0.0
2026-06-29,37,SKU-10037,0,0.0
2026-06-30,37,SKU-10037,0,0.0
2026-07-01,37,SKU-10037,2,250.82
2026-07-02,37,SKU-10037,1,125.41
2026-07-03,37,SKU-10037,1,125.41
2026-07-04,37,SKU-10037,2,250.82
2026-07-05,37,SKU-10037,5,627.05
2026-07-06,37,SKU-10037,0,0.0
2026-07-07,37,SKU-10037,2,250.82
2026-07-08,37,SKU-10037,2,250.82
2026-07-09,37,SKU-10037,2,250.82
2026-07-10,37,SKU-10037,1,125.41
2026-07-11,37,SKU-10037,3,376.23
2026-07-12,37,SKU-10037,3,376.23
2026-07-13,37,SKU-10037,1,125.41
2026-07-14,37,SKU-10037,3,376.23
2026-07-15,37,SKU-10037,2,250.82
2026-07-16,37,SKU-10037,1,125.41
2026-07-17,37,SKU-10037,1,125.41
2026-07-18,37,SKU-10037,2,250.82
2026-07-19,37,SKU-10037,2,250.82
2026-07-20,37,SKU-10037,0,0.0
2026-07-21,37,SKU-10037,1,125.41
2026-07-22,37,SKU-10037,2,250.82
2026-07-23,37,SKU-10037,1,125.41
2026-07-24,37,SKU-10037,1,125.41
2026-07-25,37,SKU-10037,2,250.82
2026-07-26,37,SKU-10037,0,0.0
2026-07-27,37,SKU-10037,0,0.0
2026-07-28,37,SKU-10037,0,0.0
2026-07-29,37,SKU-10037,2,250.82
2026-07-30,37,SKU-10037,0,0.0
2026-07-31,37,SKU-10037,1,125.41
2026-08-01,37,SKU-10037,0,0.0
2026-08-02,37,SKU-10037,1,125.41
2026-08-03,37,SKU-10037,2,250.82
2026-08-04,37,SKU-10037,3,376.23
2026-08-05,37,SKU-10037,1,125.41
2026-08-06,37,SKU-10037,3,376.23
2026-08-07,37,SKU-10037,0,0.0
2026-08-08,37,SKU-10037,2,250.82
2026-08-09,37,SKU-10037,3,376.23
2026-08-10,37,SKU-10037,1,125.41
2026-08-11,37,SKU-10037,3,376.23
2026-08-12,37,SKU-10037,1,125.41
2026-08-13,37,SKU-10037,5,627.05
2026-08-14,37,SKU-10037,2,250.82
2026-08-15,37,SKU-10037,3,376.23
2026-08-16,37,SKU-10037,2,250.82
2026-08-17,37,SKU-10037,2,250.82
2026-08-18,37,SKU-10037,3,376.23
2026-08-19,37,SKU-10037,3,376.23
2026-08-20,37,SKU-10037,2,250.82
2026-08-21,37,SKU-10037,2,250.82
2026-08-22,37,SKU-10037,1,125.41
2026-08-23,37,SKU-10037,2,250.82
2026-08-24,37,SKU-10037,2,250.82
2026-08-25,37,SKU-10037,0,0.0
2026-08-26,37,SKU-10037,2,250.82
2026-05-29,38,SKU-10038,6,194.4
2026-05-30,38,SKU-10038,6,194.4
2026-05-31,38,SKU-10038,3,97.2
2026-06-01,38,SKU-10038,5,162.0
2026-06-02,38,SKU-10038,3,97.2
2026-06-03,38,SKU-10038,2,64.8
2026-06-04,38,SKU-10038,6,194.4
2026-06-05,38,SKU-10038,5,162.0
2026-06-06,38,SKU-10038,3,97.2
2026-06-07,38,SKU-10038,5,162.0
2026-06-08,38,SKU-10038,4,129.6
2026-06-09,38,SKU-10038,7,226.8
2026-06-10,38,SKU-10038,2,64.8
2026-06-11,38,SKU-10038,2,64.8
2026-06-12,38,SKU-10038,6,194.4
2026-06-13,38,SKU-10038,3,97.2
2026-06-14,38,SKU-10038,4,129.6
2026-06-15,38,SKU-10038,2,64.8
2026-06-16,38,SKU-10038,1,32.4
2026-06-17,38,SKU-10038,3,97.2
2026-06-18,38,SKU-10038,2,64.8
2026-06-19,38,SKU-10038,6,194.4
2026-06-20,38,SKU-10038,3,97.2
2026-06-21,38,SKU-10038,7,226.8
2026-06-22,38,SKU-10038,5,162.0
2026-06-23,38,SKU-10038,8,259.2
2026-06-24,38,SKU-10038,3,97.2
2026-06-25,38,SKU-10038,2,64.8
2026-06-26,38,SKU-10038,7,226.8
2026-06-27,38,SKU-10038,6,194.4
2026-06-28,38,SKU-10038,4,129.6
2026-06-29,38,SKU-10038,7,226.8
2026-06-30,38,SKU-10038,7,226.8
2026-07-01,38,SKU-10038,3,97.2
2026-07-02,38,SKU-10038,6,194.4
2026-07-03,38,SKU-10038,3,97.2
2026-07-04,38,SKU-10038,2,64.8
2026-07-05,38,SKU-10038,3,97.2
2026-07-06,38,SKU-10038,1,32.4
2026-07-07,38,SKU-10038,2,64.8
2026-07-08,38,SKU-10038,5,162.0
2026-07-09,38,SKU-10038,3,97.2
2026-07-10,38,SKU-10038,3,97.2
2026-07-11,38,SKU-10038,6,194.4
2026-07-12,38,SKU-10038,5,162.0
2026-07-13,38,SKU-10038,6,194.4
2026-07-14,38,SKU-10038,1,32.4
2026-07-15,38,SKU-10038,4,129.6
2026-07-16,38,SKU-10038,5,162.0
2026-07-17,38,SKU-10038,4,129.6
2026-07-18,38,SKU-10038,4,129.6
2026-07-19,38,SKU-10038,5,162.0
2026-07-20,38,SKU-10038,1,32.4
2026-07-21,38,SKU-10038,4,129.6
2026-07-22,38,SKU-10038,5,162.0
2026-07-23,38,SKU-10038,5,162.0
2026-07-24,38,SKU-10038,5,162.0
2026-07-25,38,SKU-10038,1,32.4
2026-07-26,38,SKU-10038,5,162.0
2026-07-27,38,SKU-10038,3,97.2
2026-07-28,38,SKU-10038,7,226.8
2026-07-29,38,SKU-10038,2,64.8
2026-07-30,38,SKU-10038,4,129.6
2026-07-31,38,SKU-10038,7,226.8
2026-08-01,38,SKU-10038,7,226.8
2026-08-02,38,SKU-10038,1,32.4
2026-08-03,38,SKU-10038,6,194.4
2026-08-04,38,SKU-10038,5,162.0
2026-08-05,38,SKU-10038,1,32.4
2026-08-06,38,SKU-10038,4,129.6
2026-08-07,38,SKU-10038,5,162.0
2026-08-08,38,SKU-10038,2,64.8
2026-08-09,38,SKU-10038,3,97.2
2026-08-10,38,SKU-10038,5,162.0
2026-08-11,38,SKU-10038,2,64.8
2026-08-12,38,SKU-10038,3,97.2
2026-08-13,38,SKU-10038,7,226.8
2026-08-14,38,SKU-10038,0,0.0
2026-08-15,38,SKU-10038,6,194.4
2026-08-16,38,SKU-10038,3,97.2
2026-08-17,38,SKU-10038,4,129.6
2026-08-18,38,SKU-10038,9,291.6
2026-08-19,38,SKU-10038,4,129.6
2026-08-20,38,SKU-10038,4,129.6
2026-08-21,38,SKU-10038,6,194.4
2026-08-22,38,SKU-10038,1,32.4
2026-08-23,38,SKU-10038,5,162.0
2026-08-24,38,SKU-10038,2,64.8
2026-08-25,38,SKU-10038,6,194.4
2026-08-26,38,SKU-10038,13,421.2
2026-05-29,39,SKU-10039,0,0.0
2026-05-30,39,SKU-10039,0,0.0
2026-05-31,39,SKU-10039,0,0.0
2026-06-01,39,SKU-10039,0,0.0
2026-06-02,39,SKU-10039,0,0.0
2026-06-03,39,SKU-10039,1,72.45
2026-06-04,39,SKU-10039,1,72.45
2026-06-05,39,SKU-10039,0,0.0
2026-06-06,39,SKU-10039,1,72.45
2026-06-07,39,SKU-10039,2,144.9
2026-06-08,39,SKU-10039,0,0.0
2026-06-09,39,SKU-10039,1,72.45
2026-06-10,39,SKU-10039,0,0.0
2026-06-11,39,SKU-10039,1,72.45
2026-06-12,39,SKU-10039,1,72.45
2026-06-13,39,SKU-10039,0,0.0
2026-06-14,39,SKU-10039,0,0.0
2026-06-15,39,SKU-10039,0,0.0
2026-06-16,39,SKU-10039,1,72.45
2026-06-17,39,SKU-10039,0,0.0
2026-06-18,39,SKU-10039,0,0.0
2026-06-19,39,SKU-10039,0,0.0
2026-06-20,39,SKU-10039,1,72.45
2026-06-21,39,SKU-10039,1,72.45
2026-06-22,39,SKU-10039,1,72.45
2026-06-23,39,SKU-10039,1,72.45
2026-06-24,39,SKU-10039,1,72.45
2026-06-25,39,SKU-10039,0,0.0
2026-06-26,39,SKU-10039,0,0.0
2026-06-27,39,SKU-10039,0,0.0
2026-06-28,39,SKU-10039,0,0.0
2026-06-29,39,SKU-10039,0,0.0
2026-06-30,39,SKU-10039,3,217.35
2026-07-01,39,SKU-10039,0,0.0
2026-07-02,39,SKU-10039,0,0.0
2026-07-03,39,SKU-10039,0,0.0
2026-07-04,39,SKU-10039,0,0.0
2026-07-05,39,SKU-10039,0,0.0
2026-07-06,39,SKU-10039,1,72.45
2026-07-07,39,SKU-10039,0,0.0
2026-07-08,39,SKU-10039,1,72.45
2026-07-09,39,SKU-10039,0,0.0
2026-07-10,39,SKU-10039,0,0.0
2026-07-11,39,SKU-10039,1,72.45
2026-07-12,39,SKU-10039,0,0.0
2026-07-13,39,SKU-10039,0,0.0
2026-07-14,39,SKU-10039,0,0.0
2026-07-15,39,SKU-10039,0,0.0
2026-07-16,39,SKU-10039,0,0.0
2026-07-17,39,SKU-10039,1,72.45
2026-07-18,39,SKU-10039,0,0.0
2026-07-19,39,SKU-10039,0,0.0
2026-07-20,39,SKU-10039,1,72.45
2026-07-21,39,SKU-10039,0,0.0
2026-07-22,39,SKU-10039,0,0.0
2026-07-23,39,SKU-10039,0,0.0
2026-07-24,39,SKU-10039,1,72.45
2026-07-25,39,SKU-10039,0,0.0
2026-07-26,39,SKU-10039,3,217.35
2026-07-27,39,SKU-10039,1,72.45
2026-07-28,39,SKU-10039,1,72.45
2026-07-29,39,SKU-10039,0,0.0
2026-07-30,39,SKU-10039,0,0.0
2026-07-31,39,SKU-10039,0,0.0
2026-08-01,39,SKU-10039,0,0.0
2026-08-02,39,SKU-10039,1,72.45
2026-08-03,39,SKU-10039,0,0.0
2026-08-04,39,SKU-10039,2,144.9
2026-08-05,39,SKU-10039,0,0.0
2026-08-06,39,SKU-10039,1,72.45
2026-08-07,39,SKU-10039,2,144.9
2026-08-08,39,SKU-10039,1,72.45
2026-08-09,39,SKU-10039,0,0.0
2026-08-10,39,SKU-10039,0,0.0
2026-08-11,39,SKU-10039,2,144.9
2026-08-12,39,SKU-10039,1,72.45
2026-08-13,39,SKU-10039,1,72.45
2026-08-14,39,SKU-10039,0,0.0
2026-08-15,39,SKU-10039,0,0.0
2026-08-16,39,SKU-10039,0,0.0
2026-08-17,39,SKU-10039,0,0.0
2026-08-18,39,SKU-10039,1,72.45
2026-08-19,39,SKU-10039,0,0.0
2026-08-20,39,SKU-10039,0,0.0
2026-08-21,39,SKU-10039,0,0.0
2026-08-22,39,SKU-10039,0,0.0
2026-08-23,39,SKU-10039,0,0.0
2026-08-24,39,SKU-10039,0,0.0
2026-08-25,39,SKU-10039,0,0.0
2026-08-26,39,SKU-10039,1,72.45
2026-05-29,40,SKU-10040,0,0.0
2026-05-30,40,SKU-10040,1,141.86
2026-05-31,40,SKU-10040,0,0.0
2026-06-01,40,SKU-10040,1,141.86
2026-06-02,40,SKU-10040,1,141.86
2026-06-03,40,SKU-10040,1,141.86
2026-06-04,40,SKU-10040,1,141.86
2026-06-05,40,SKU-10040,0,0.0
2026-06-06,40,SKU-10040,0,0.0
2026-06-07,40,SKU-10040,0,0.0
2026-06-08,40,SKU-10040,1,141.86
2026-06-09,40,SKU-10040,3,425.58
2026-06-10,40,SKU-10040,0,0.0
2026-06-11,40,SKU-10040,0,0.0
2026-06-12,40,SKU-10040,0,0.0
2026-06-13,40,SKU-10040,1,141.86
2026-06-14,40,SKU-10040,0,0.0
2026-06-15,40,SKU-10040,0,0.0
2026-06-16,40,SKU-10040,0,0.0
2026-06-17,40,SKU-10040,0,0.0
2026-06-18,40,SKU-10040,0,0.0
2026-06-19,40,SKU-10040,0,0.0
2026-06-20,40,SKU-10040,0,0.0
2026-06-21,40,SKU-10040,1,141.86
2026-06-22,40,SKU-10040,0,0.0
2026-06-23,40,SKU-10040,2,283.72
2026-06-24,40,SKU-10040,2,283.72
2026-06-25,40,SKU-10040,0,0.0
2026-06-26,40,SKU-10040,0,0.0
2026-06-27,40,SKU-10040,0,0.0
2026-06-28,40,SKU-10040,1,141.86
2026-06-29,40,SKU-10040,1,141.86
2026-06-30,40,SKU-10040,1,141.86
2026-07-01,40,SKU-10040,1,141.86
2026-07-02,40,SKU-10040,0,0.0
2026-07-03,40,SKU-10040,0,0.0
2026-07-04,40,SKU-10040,0,0.0
2026-07-05,40,SKU-10040,0,0.0
2026-07-06,40,SKU-10040,0,0.0
2026-07-07,40,SKU-10040,2,283.72
2026-07-08,40,SKU-10040,1,141.86
2026-07-09,40,SKU-10040,1,141.86
2026-07-10,40,SKU-10040,0,0.0
2026-07-11,40,SKU-10040,1,141.86
2026-07-12,40,SKU-10040,1,141.86
2026-07-13,40,SKU-10040,1,141.86
2026-07-14,40,SKU-10040,1,141.86
2026-07-15,40,SKU-10040,1,141.86
2026-07-16,40,SKU-10040,0,0.0
2026-07-17,40,SKU-10040,0,0.0
2026-07-18,40,SKU-10040,1,141.86
2026-07-19,40,SKU-10040,0,0.0
2026-07-20,40,SKU-10040,1,141.86
2026-07-21,40,SKU-10040,0,0.0
2026-07-22,40,SKU-10040,1,141.86
2026-07-23,40,SKU-10040,0,0.0
2026-07-24,40,SKU-10040,0,0.0
2026-07-25,40,SKU-10040,2,283.72
2026-07-26,40,SKU-10040,1,141.86
2026-07-27,40,SKU-10040,1,141.86
2026-07-28,40,SKU-10040,1,141.86
2026-07-29,40,SKU-10040,0,0.0
2026-07-30,40,SKU-10040,1,141.86
2026-07-31,40,SKU-10040,0,0.0
2026-08-01,40,SKU-10040,1,141.86
2026-08-02,40,SKU-10040,0,0.0
2026-08-03,40,SKU-10040,1,141.86
2026-08-04,40,SKU-10040,0,0.0
2026-08-05,40,SKU-10040,2,283.72
2026-08-06,40,SKU-10040,0,0.0
2026-08-07,40,SKU-10040,0,0.0
2026-08-08,40,SKU-10040,2,283.72
2026-08-09,40,SKU-10040,1,141.86
2026-08-10,40,SKU-10040,0,0.0
2026-08-11,40,SKU-10040,1,141.86
2026-08-12,40,SKU-10040,1,141.86
2026-08-13,40,SKU-10040,0,0.0
2026-08-14,40,SKU-10040,1,141.86
2026-08-15,40,SKU-10040,0,0.0
2026-08-16,40,SKU-10040,1,141.86
2026-08-17,40,SKU-10040,2,283.72
2026-08-18,40,SKU-10040,1,141.86
2026-08-19,40,SKU-10040,0,0.0
2026-08-20,40,SKU-10040,0,0.0
2026-08-21,40,SKU-10040,0,0.0
2026-08-22,40,SKU-10040,1,141.86
2026-08-23,40,SKU-10040,1,141.86
2026-08-24,40,SKU-10040,1,141.86
2026-08-25,40,SKU-10040,0,0.0
2026-08-26,40,SKU-10040,1,141.86
2026-05-29,41,SKU-10041,0,0.0
2026-05-30,41,SKU-10041,0,0.0
2026-05-31,41,SKU-10041,0,0.0
2026-06-01,41,SKU-10041,0,0.0
2026-06-02,41,SKU-10041,0,0.0
2026-06-03,41,SKU-10041,0,0.0
2026-06-04,41,SKU-10041,0,0.0
2026-06-05,41,SKU-10041,0,0.0
2026-06-06,41,SKU-10041,0,0.0
2026-06-07,41,SKU-10041,0,0.0
2026-06-08,41,SKU-10041,0,0.0
2026-06-09,41,SKU-10041,0,0.0
2026-06-10,41,SKU-10041,0,0.0
2026-06-11,41,SKU-10041,0,0.0
2026-06-12,41,SKU-10041,0,0.0
2026-06-13,41,SKU-10041,0,0.0
2026-06-14,41,SKU-10041,0,0.0
2026-06-15,41,SKU-10041,0,0.0
2026-06-16,41,SKU-10041,0,0.0
2026-06-17,41,SKU-10041,0,0.0
2026-06-18,41,SKU-10041,0,0.0
2026-06-19,41,SKU-10041,0,0.0
2026-06-20,41,SKU-10041,0,0.0
2026-06-21,41,SKU-10041,0,0.0
2026-06-22,41,SKU-10041,0,0.0
2026-06-23,41,SKU-10041,0,0.0
2026-06-24,41,SKU-10041,0,0.0
2026-06-25,41,SKU-10041,0,0.0
2026-06-26,41,SKU-10041,0,0.0
2026-06-27,41,SKU-10041,0,0.0
2026-06-28,41,SKU-10041,0,0.0
2026-06-29,41,SKU-10041,0,0.0
2026-06-30,41,SKU-10041,0,0.0
2026-07-01,41,SKU-10041,0,0.0
2026-07-02,41,SKU-10041,0,0.0
2026-07-03,41,SKU-10041,0,0.0
2026-07-04,41,SKU-10041,0,0.0
2026-07-05,41,SKU-10041,0,0.0
2026-07-06,41,SKU-10041,0,0.0
2026-07-07,41,SKU-10041,0,0.0
2026-07-08,41,SKU-10041,0,0.0
2026-07-09,41,SKU-10041,0,0.0
2026-07-10,41,SKU-10041,0,0.0
2026-07-11,41,SKU-10041,0,0.0
2026-07-12,41,SKU-10041,0,0.0
2026-07-13,41,SKU-10041,0,0.0
2026-07-14,41,SKU-10041,0,0.0
2026-07-15,41,SKU-10041,0,0.0
2026-07-16,41,SKU-10041,0,0.0
2026-07-17,41,SKU-10041,0,0.0
2026-07-18,41,SKU-10041,0,0.0
2026-07-19,41,SKU-10041,0,0.0
2026-07-20,41,SKU-10041,0,0.0
2026-07-21,41,SKU-10041,0,0.0
2026-07-22,41,SKU-10041,0,0.0
2026-07-23,41,SKU-10041,0,0.0
2026-07-24,41,SKU-10041,0,0.0
2026-07-25,41,SKU-10041,0,0.0
2026-07-26,41,SKU-10041,0,0.0
2026-07-27,41,SKU-10041,0,0.0
2026-07-28,41,SKU-10041,0,0.0
2026-07-29,41,SKU-10041,0,0.0
2026-07-30,41,SKU-10041,0,0.0
2026-07-31,41,SKU-10041,0,0.0
2026-08-01,41,SKU-10041,0,0.0
2026-08-02,41,SKU-10041,0,0.0
2026-08-03,41,SKU-10041,0,0.0
2026-08-04,41,SKU-10041,0,0.0
2026-08-05,41,SKU-10041,0,0.0
2026-08-06,41,SKU-10041,0,0.0
2026-08-07,41,SKU-10041,0,0.0
2026-08-08,41,SKU-10041,0,0.0
2026-08-09,41,SKU-10041,0,0.0
2026-08-10,41,SKU-10041,0,0.0
2026-08-11,41,SKU-10041,0,0.0
2026-08-12,41,SKU-10041,0,0.0
2026-08-13,41,SKU-10041,0,0.0
2026-08-14,41,SKU-10041,0,0.0
2026-08-15,41,SKU-10041,0,0.0
2026-08-16,41,SKU-10041,0,0.0
2026-08-17,41,SKU-10041,0,0.0
2026-08-18,41,SKU-10041,0,0.0
2026-08-19,41,SKU-10041,0,0.0
2026-08-20,41,SKU-10041,0,0.0
2026-08-21,41,SKU-10041,0,0.0
2026-08-22,41,SKU-10041,0,0.0
2026-08-23,41,SKU-10041,0,0.0
2026-08-24,41,SKU-10041,0,0.0
2026-08-25,41,SKU-10041,0,0.0
2026-08-26,41,SKU-10041,0,0.0
2026-05-29,42,SKU-10042,0,0.0
2026-05-30,42,SKU-10042,0,0.0
2026-05-31,42,SKU-10042,0,0.0
2026-06-01,42,SKU-10042,0,0.0
2026-06-02,42,SKU-10042,0,0.0
2026-06-03,42,SKU-10042,1,140.26
2026-06-04,42,SKU-10042,0,0.0
2026-06-05,42,SKU-10042,0,0.0
2026-06-06,42,SKU-10042,0,0.0
2026-06-07,42,SKU-10042,0,0.0
2026-06-08,42,SKU-10042,0,0.0
2026-06-09,42,SKU-10042,0,0.0
2026-06-10,42,SKU-10042,0,0.0
2026-06-11,42,SKU-10042,0,0.0
2026-06-12,42,SKU-10042,0,0.0
2026-06-13,42,SKU-10042,0,0.0
2026-06-14,42,SKU-10042,0,0.0
2026-06-15,42,SKU-10042,0,0.0
2026-06-16,42,SKU-10042,0,0.0
2026-06-17,42,SKU-10042,0,0.0
2026-06-18,42,SKU-10042,0,0.0
2026-06-19,42,SKU-10042,0,0.0
2026-06-20,42,SKU-10042,0,0.0
2026-06-21,42,SKU-10042,0,0.0
2026-06-22,42,SKU-10042,1,140.26
2026-06-23,42,SKU-10042,0,0.0
2026-06-24,42,SKU-10042,0,0.0
2026-06-25,42,SKU-10042,1,140.26
2026-06-26,42,SKU-10042,0,0.0
2026-06-27,42,SKU-10042,0,0.0
2026-06-28,42,SKU-10042,0,0.0
2026-06-29,42,SKU-10042,0,0.0
2026-06-30,42,SKU-10042,0,0.0
2026-07-01,42,SKU-10042,0,0.0
2026-07-02,42,SKU-10042,0,0.0
2026-07-03,42,SKU-10042,0,0.0
2026-07-04,42,SKU-10042,0,0.0
2026-07-05,42,SKU-10042,0,0.0
2026-07-06,42,SKU-10042,0,0.0
2026-07-07,42,SKU-10042,0,0.0
2026-07-08,42,SKU-10042,0,0.0
2026-07-09,42,SKU-10042,0,0.0
2026-07-10,42,SKU-10042,0,0.0
2026-07-11,42,SKU-10042,0,0.0
2026-07-12,42,SKU-10042,0,0.0
2026-07-13,42,SKU-10042,0,0.0
2026-07-14,42,SKU-10042,0,0.0
2026-07-15,42,SKU-10042,0,0.0
2026-07-16,42,SKU-10042,1,140.26
2026-07-17,42,SKU-10042,1,140.26
2026-07-18,42,SKU-10042,0,0.0
2026-07-19,42,SKU-10042,0,0.0
2026-07-20,42,SKU-10042,0,0.0
2026-07-21,42,SKU-10042,1,140.26
2026-07-22,42,SKU-10042,0,0.0
2026-07-23,42,SKU-10042,0,0.0
2026-07-24,42,SKU-10042,0,0.0
2026-07-25,42,SKU-10042,0,0.0
2026-07-26,42,SKU-10042,0,0.0
2026-07-27,42,SKU-10042,0,0.0
2026-07-28,42,SKU-10042,0,0.0
2026-07-29,42,SKU-10042,0,0.0
2026-07-30,42,SKU-10042,1,140.26
2026-07-31,42,SKU-10042,0,0.0
2026-08-01,42,SKU-10042,0,0.0
2026-08-02,42,SKU-10042,0,0.0
2026-08-03,42,SKU-10042,0,0.0
2026-08-04,42,SKU-10042,0,0.0
2026-08-05,42,SKU-10042,0,0.0
2026-08-06,42,SKU-10042,0,0.0
2026-08-07,42,SKU-10042,0,0.0
2026-08-08,42,SKU-10042,0,0.0
2026-08-09,42,SKU-10042,0,0.0
2026-08-10,42,SKU-10042,0,0.0
2026-08-11,42,SKU-10042,0,0.0
2026-08-12,42,SKU-10042,0,0.0
2026-08-13,42,SKU-10042,0,0.0
2026-08-14,42,SKU-10042,0,0.0
2026-08-15,42,SKU-10042,0,0.0
2026-08-16,42,SKU-10042,0,0.0
2026-08-17,42,SKU-10042,0,0.0
2026-08-18,42,SKU-10042,0,0.0
2026-08-19,42,SKU-10042,0,0.0
2026-08-20,42,SKU-10042,0,0.0
2026-08-21,42,SKU-10042,0,0.0
2026-08-22,42,SKU-10042,0,0.0
2026-08-23,42,SKU-10042,0,0.0
2026-08-24,42,SKU-10042,0,0.0
2026-08-25,42,SKU-10042,0,0.0
2026-08-26,42,SKU-10042,0,0.0
2026-05-29,43,SKU-10043,1,68.86
2026-05-30,43,SKU-10043,4,275.44
2026-05-31,43,SKU-10043,3,206.58
2026-06-01,43,SKU-10043,2,137.72
2026-06-02,43,SKU-10043,4,275.44
2026-06-03,43,SKU-10043,3,206.58
2026-06-04,43,SKU-10043,5,344.3
2026-06-05,43,SKU-10043,7,482.02
2026-06-06,43,SKU-10043,4,275.44
2026-06-07,43,SKU-10043,3,206.58
2026-06-08,43,SKU-10043,5,344.3
2026-06-09,43,SKU-10043,4,275.44
2026-06-10,43,SKU-10043,3,206.58
2026-06-11,43,SKU-10043,5,344.3
2026-06-12,43,SKU-10043,4,275.44
2026-06-13,43,SKU-10043,2,137.72
2026-06-14,43,SKU-10043,6,413.16
2026-06-15,43,SKU-10043,4,275.44
2026-06-16,43,SKU-10043,3,206.58
2026-06-17,43,SKU-10043,1,68.86
2026-06-18,43,SKU-10043,3,206.58
2026-06-19,43,SKU-10043,5,344.3
2026-06-20,43,SKU-10043,2,137.72
2026-06-21,43,SKU-10043,1,68.86
2026-06-22,43,SKU-10043,2,137.72
2026-06-23,43,SKU-10043,3,206.58
2026-06-24,43,SKU-10043,5,344.3
2026-06-25,43,SKU-10043,2,137.72
2026-06-26,43,SKU-10043,3,206.58
2026-06-27,43,SKU-10043,3,206.58
2026-06-28,43,SKU-10043,8,550.88
2026-06-29,43,SKU-10043,1,68.86
2026-06-30,43,SKU-10043,1,68.86
2026-07-01,43,SKU-10043,4,275.44
2026-07-02,43,SKU-10043,3,206.58
2026-07-03,43,SKU-10043,3,206.58
2026-07-04,43,SKU-10043,5,344.3
2026-07-05,43,SKU-10043,5,344.3
2026-07-06,43,SKU-10043,7,482.02
2026-07-07,43,SKU-10043,3,206.58
2026-07-08,43,SKU-10043,2,137.72
2026-07-09,43,SKU-10043,2,137.72
2026-07-10,43,SKU-10043,3,206.58
2026-07-11,43,SKU-10043,5,344.3
2026-07-12,43,SKU-10043,6,413.16
2026-07-13,43,SKU-10043,4,275.44
2026-07-14,43,SKU-10043,3,206.58
2026-07-15,43,SKU-10043,3,206.58
2026-07-16,43,SKU-10043,6,413.16
2026-07-17,43,SKU-10043,5,344.3
2026-07-18,43,SKU-10043,2,137.72
2026-07-19,43,SKU-10043,4,275.44
2026-07-20,43,SKU-10043,7,482.02
2026-07-21,43,SKU-10043,6,413.16
2026-07-22,43,SKU-10043,11,757.46
2026-07-23,43,SKU-10043,3,206.58
2026-07-24,43,SKU-10043,2,137.72
2026-07-25,43,SKU-10043,4,275.44
2026-07-26,43,SKU-10043,7,482.02
2026-07-27,43,SKU-10043,6,413.16
2026-07-28,43,SKU-10043,1,68.86
2026-07-29,43,SKU-10043,7,482.02
2026-07-30,43,SKU-10043,2,137.72
2026-07-31,43,SKU-10043,5,344.3
2026-08-01,43,SKU-10043,6,413.16
2026-08-02,43,SKU-10043,3,206.58
2026-08-03,43,SKU-10043,2,137.72
2026-08-04,43,SKU-10043,4,275.44
2026-08-05,43,SKU-10043,0,0.0
2026-08-06,43,SKU-10043,6,413.16
2026-08-07,43,SKU-10043,3,206.58
2026-08-08,43,SKU-10043,2,137.72
2026-08-09,43,SKU-10043,3,206.58
2026-08-10,43,SKU-10043,5,344.3
2026-08-11,43,SKU-10043,3,206.58
2026-08-12,43,SKU-10043,2,137.72
2026-08-13,43,SKU-10043,4,275.44
2026-08-14,43,SKU-10043,4,275.44
2026-08-15,43,SKU-10043,9,619.74
2026-08-16,43,SKU-10043,2,137.72
2026-08-17,43,SKU-10043,6,413.16
2026-08-18,43,SKU-10043,6,413.16
2026-08-19,43,SKU-10043,3,206.58
2026-08-20,43,SKU-10043,3,206.58
2026-08-21,43,SKU-10043,4,275.44
2026-08-22,43,SKU-10043,4,275.44
2026-08-23,43,SKU-10043,4,275.44
2026-08-24,43,SKU-10043,4,275.44
2026-08-25,43,SKU-10043,3,206.58
2026-08-26,43,SKU-10043,2,137.72
2026-05-29,44,SKU-10044,0,0.0
2026-05-30,44,SKU-10044,1,14.46
2026-05-31,44,SKU-10044,2,28.92
2026-06-01,44,SKU-10044,1,14.46
2026-06-02,44,SKU-10044,1,14.46
2026-06-03,44,SKU-10044,2,28.92
2026-06-04,44,SKU-10044,1,14.46
2026-06-05,44,SKU-10044,1,14.46
2026-06-06,44,SKU-10044,0,0.0
2026-06-07,44,SKU-10044,0,0.0
2026-06-08,44,SKU-10044,2,28.92
2026-06-09,44,SKU-10044,4,57.84
2026-06-10,44,SKU-10044,0,0.0
2026-06-11,44,SKU-10044,1,14.46
2026-06-12,44,SKU-10044,0,0.0
2026-06-13,44,SKU-10044,2,28.92
2026-06-14,44,SKU-10044,1,14.46
2026-06-15,44,SKU-10044,0,0.0
2026-06-16,44,SKU-10044,1,14.46
2026-06-17,44,SKU-10044,1,14.46
2026-06-18,44,SKU-10044,2,28.92
2026-06-19,44,SKU-10044,0,0.0
2026-06-20,44,SKU-10044,2,28.92
2026-06-21,44,SKU-10044,1,14.46
2026-06-22,44,SKU-10044,1,14.46
2026-06-23,44,SKU-10044,3,43.38
2026-06-24,44,SKU-10044,2,28.92
2026-06-25,44,SKU-10044,2,28.92
2026-06-26,44,SKU-10044,1,14.46
2026-06-27,44,SKU-10044,0,0.0
2026-06-28,44,SKU-10044,0,0.0
2026-06-29,44,SKU-10044,0,0.0
2026-06-30,44,SKU-10044,0,0.0
2026-07-01,44,SKU-10044,2,28.92
2026-07-02,44,SKU-10044,1,14.46
2026-07-03,44,SKU-10044,3,43.38
2026-07-04,44,SKU-10044,0,0.0
2026-07-05,44,SKU-10044,0,0.0
2026-07-06,44,SKU-10044,0,0.0
2026-07-07,44,SKU-10044,1,14.46
2026-07-08,44,SKU-10044,1,14.46
2026-07-09,44,SKU-10044,3,43.38
2026-07-10,44,SKU-10044,0,0.0
2026-07-11,44,SKU-10044,0,0.0
2026-07-12,44,SKU-10044,4,57.84
2026-07-13,44,SKU-10044,3,43.38
2026-07-14,44,SKU-10044,1,14.46
2026-07-15,44,SKU-10044,7,101.22
2026-07-16,44,SKU-10044,0,0.0
2026-07-17,44,SKU-10044,0,0.0
2026-07-18,44,SKU-10044,1,14.46
2026-07-19,44,SKU-10044,0,0.0
2026-07-20,44,SKU-10044,1,14.46
2026-07-21,44,SKU-10044,1,14.46
2026-07-22,44,SKU-10044,0,0.0
2026-07-23,44,SKU-10044,3,43.38
2026-07-24,44,SKU-10044,1,14.46
2026-07-25,44,SKU-10044,3,43.38
2026-07-26,44,SKU-10044,1,14.46
2026-07-27,44,SKU-10044,3,43.38
2026-07-28,44,SKU-10044,1,14.46
2026-07-29,44,SKU-10044,1,14.46
2026-07-30,44,SKU-10044,2,28.92
2026-07-31,44,SKU-10044,2,28.92
2026-08-01,44,SKU-10044,0,0.0
2026-08-02,44,SKU-10044,1,14.46
2026-08-03,44,SKU-10044,0,0.0
2026-08-04,44,SKU-10044,2,28.92
2026-08-05,44,SKU-10044,1,14.46
2026-08-06,44,SKU-10044,0,0.0
2026-08-07,44,SKU-10044,0,0.0
2026-08-08,44,SKU-10044,4,57.84
2026-08-09,44,SKU-10044,0,0.0
2026-08-10,44,SKU-10044,2,28.92
2026-08-11,44,SKU-10044,1,14.46
2026-08-12,44,SKU-10044,0,0.0
2026-08-13,44,SKU-10044,1,14.46
2026-08-14,44,SKU-10044,2,28.92
2026-08-15,44,SKU-10044,0,0.0
2026-08-16,44,SKU-10044,1,14.46
2026-08-17,44,SKU-10044,1,14.46
2026-08-18,44,SKU-10044,1,14.46
2026-08-19,44,SKU-10044,1,14.46
2026-08-20,44,SKU-10044,1,14.46
2026-08-21,44,SKU-10044,1,14.46
2026-08-22,44,SKU-10044,2,28.92
2026-08-23,44,SKU-10044,2,28.92
2026-08-24,44,SKU-10044,2,28.92
2026-08-25,44,SKU-10044,1,14.46
2026-08-26,44,SKU-10044,2,28.92
2026-05-29,45,SKU-10045,0,0.0
2026-05-30,45,SKU-10045,0,0.0
2026-05-31,45,SKU-10045,0,0.0
2026-06-01,45,SKU-10045,0,0.0
2026-06-02,45,SKU-10045,0,0.0
2026-06-03,45,SKU-10045,0,0.0
2026-06-04,45,SKU-10045,0,0.0
2026-06-05,45,SKU-10045,0,0.0
2026-06-06,45,SKU-10045,0,0.0
2026-06-07,45,SKU-10045,0,0.0
2026-06-08,45,SKU-10045,0,0.0
2026-06-09,45,SKU-10045,0,0.0
2026-06-10,45,SKU-10045,0,0.0
2026-06-11,45,SKU-10045,0,0.0
2026-06-12,45,SKU-10045,0,0.0
2026-06-13,45,SKU-10045,0,0.0
2026-06-14,45,SKU-10045,0,0.0
2026-06-15,45,SKU-10045,0,0.0
2026-06-16,45,SKU-10045,0,0.0
2026-06-17,45,SKU-10045,0,0.0
2026-06-18,45,SKU-10045,0,0.0
2026-06-19,45,SKU-10045,0,0.0
2026-06-20,45,SKU-10045,0,0.0
2026-06-21,45,SKU-10045,0,0.0
2026-06-22,45,SKU-10045,0,0.0
2026-06-23,45,SKU-10045,0,0.0
2026-06-24,45,SKU-10045,0,0.0
2026-06-25,45,SKU-10045,0,0.0
2026-06-26,45,SKU-10045,0,0.0
2026-06-27,45,SKU-10045,0,0.0
2026-06-28,45,SKU-10045,0,0.0
2026-06-29,45,SKU-10045,0,0.0
2026-06-30,45,SKU-10045,0,0.0
2026-07-01,45,SKU-10045,0,0.0
2026-07-02,45,SKU-10045,0,0.0
2026-07-03,45,SKU-10045,0,0.0
2026-07-04,45,SKU-10045,0,0.0
2026-07-05,45,SKU-10045,0,0.0
2026-07-06,45,SKU-10045,0,0.0
2026-07-07,45,SKU-10045,0,0.0
2026-07-08,45,SKU-10045,0,0.0
2026-07-09,45,SKU-10045,0,0.0
2026-07-10,45,SKU-10045,0,0.0
2026-07-11,45,SKU-10045,0,0.0
2026-07-12,45,SKU-10045,0,0.0
2026-07-13,45,SKU-10045,0,0.0
2026-07-14,45,SKU-10045,0,0.0
2026-07-15,45,SKU-10045,0,0.0
2026-07-16,45,SKU-10045,0,0.0
2026-07-17,45,SKU-10045,0,0.0
2026-07-18,45,SKU-10045,0,0.0
2026-07-19,45,SKU-10045,0,0.0
2026-07-20,45,SKU-10045,0,0.0
2026-07-21,45,SKU-10045,0,0.0
2026-07-22,45,SKU-10045,0,0.0
2026-07-23,45,SKU-10045,0,0.0
2026-07-24,45,SKU-10045,0,0.0
2026-07-25,45,SKU-10045,0,0.0
2026-07-26,45,SKU-10045,0,0.0
2026-07-27,45,SKU-10045,0,0.0
2026-07-28,45,SKU-10045,0,0.0
2026-07-29,45,SKU-10045,0,0.0
2026-07-30,45,SKU-10045,0,0.0
2026-07-31,45,SKU-10045,0,0.0
2026-08-01,45,SKU-10045,0,0.0
2026-08-02,45,SKU-10045,0,0.0
2026-08-03,45,SKU-10045,0,0.0
2026-08-04,45,SKU-10045,0,0.0
2026-08-05,45,SKU-10045,0,0.0
2026-08-06,45,SKU-10045,0,0.0
2026-08-07,45,SKU-10045,0,0.0
2026-08-08,45,SKU-10045,0,0.0
2026-08-09,45,SKU-10045,0,0.0
2026-08-10,45,SKU-10045,0,0.0
2026-08-11,45,SKU-10045,0,0.0
2026-08-12,45,SKU-10045,0,0.0
2026-08-13,45,SKU-10045,0,0.0
2026-08-14,45,SKU-10045,0,0.0
2026-08-15,45,SKU-10045,0,0.0
2026-08-16,45,SKU-10045,0,0.0
2026-08-17,45,SKU-10045,0,0.0
2026-08-18,45,SKU-10045,0,0.0
2026-08-19,45,SKU-10045,0,0.0
2026-08-20,45,SKU-10045,0,0.0
2026-08-21,45,SKU-10045,0,0.0
2026-08-22,45,SKU-10045,0,0.0
2026-08-23,45,SKU-10045,0,0.0
2026-08-24,45,SKU-10045,0,0.0
2026-08-25,45,SKU-10045,0,0.0
2026-08-26,45,SKU-10045,0,0.0
2026-05-29,46,SKU-10046,1,130.08
2026-05-30,46,SKU-10046,2,260.16
2026-05-31,46,SKU-10046,0,0.0
2026-06-01,46,SKU-10046,0,0.0
2026-06-02,46,SKU-10046,0,0.0
2026-06-03,46,SKU-10046,1,130.08
2026-06-04,46,SKU-10046,0,0.0
2026-06-05,46,SKU-10046,0,0.0
2026-06-06,46,SKU-10046,1,130.08
2026-06-07,46,SKU-10046,0,0.0
2026-06-08,46,SKU-10046,1,130.08
2026-06-09,46,SKU-10046,0,0.0
2026-06-10,46,SKU-10046,0,0.0
2026-06-11,46,SKU-10046,1,130.08
2026-06-12,46,SKU-10046,0,0.0
2026-06-13,46,SKU-10046,0,0.0
2026-06-14,46,SKU-10046,0,0.0
2026-06-15,46,SKU-10046,2,260.16
2026-06-16,46,SKU-10046,0,0.0
2026-06-17,46,SKU-10046,1,130.08
2026-06-18,46,SKU-10046,0,0.0
2026-06-19,46,SKU-10046,0,0.0
2026-06-20,46,SKU-10046,0,0.0
2026-06-21,46,SKU-10046,0,0.0
2026-06-22,46,SKU-10046,1,130.08
2026-06-23,46,SKU-10046,0,0.0
2026-06-24,46,SKU-10046,0,0.0
2026-06-25,46,SKU-10046,2,260.16
2026-06-26,46,SKU-10046,0,0.0
2026-06-27,46,SKU-10046,2,260.16
2026-06-28,46,SKU-10046,0,0.0
2026-06-29,46,SKU-10046,0,0.0
2026-06-30,46,SKU-10046,0,0.0
2026-07-01,46,SKU-10046,0,0.0
2026-07-02,46,SKU-10046,0,0.0
2026-07-03,46,SKU-10046,1,130.08
2026-07-04,46,SKU-10046,1,130.08
2026-07-05,46,SKU-10046,1,130.08
2026-07-06,46,SKU-10046,3,390.24
2026-07-07,46,SKU-10046,3,390.24
2026-07-08,46,SKU-10046,0,0.0
2026-07-09,46,SKU-10046,0,0.0
2026-07-10,46,SKU-10046,1,130.08
2026-07-11,46,SKU-10046,0,0.0
2026-07-12,46,SKU-10046,0,0.0
2026-07-13,46,SKU-10046,1,130.08
2026-07-14,46,SKU-10046,0,0.0
2026-07-15,46,SKU-10046,0,0.0
2026-07-16,46,SKU-10046,0,0.0
2026-07-17,46,SKU-10046,1,130.08
2026-07-18,46,SKU-10046,0,0.0
2026-07-19,46,SKU-10046,1,130.08
2026-07-20,46,SKU-10046,2,260.16
2026-07-21,46,SKU-10046,1,130.08
2026-07-22,46,SKU-10046,0,0.0
2026-07-23,46,SKU-10046,0,0.0
2026-07-24,46,SKU-10046,0,0.0
2026-07-25,46,SKU-10046,0,0.0
2026-07-26,46,SKU-10046,1,130.08
2026-07-27,46,SKU-10046,0,0.0
2026-07-28,46,SKU-10046,3,390.24
2026-07-29,46,SKU-10046,0,0.0
2026-07-30,46,SKU-10046,1,130.08
2026-07-31,46,SKU-10046,1,130.08
2026-08-01,46,SKU-10046,1,130.08
2026-08-02,46,SKU-10046,0,0.0
2026-08-03,46,SKU-10046,1,130.08
2026-08-04,46,SKU-10046,1,130.08
2026-08-05,46,SKU-10046,1,130.08
2026-08-06,46,SKU-10046,1,130.08
2026-08-07,46,SKU-10046,1,130.08
2026-08-08,46,SKU-10046,1,130.08
2026-08-09,46,SKU-10046,1,130.08
2026-08-10,46,SKU-10046,1,130.08
2026-08-11,46,SKU-10046,0,0.0
2026-08-12,46,SKU-10046,2,260.16
2026-08-13,46,SKU-10046,2,260.16
2026-08-14,46,SKU-10046,0,0.0
2026-08-15,46,SKU-10046,3,390.24
2026-08-16,46,SKU-10046,1,130.08
2026-08-17,46,SKU-10046,0,0.0
2026-08-18,46,SKU-10046,1,130.08
2026-08-19,46,SKU-10046,2,260.16
2026-08-20,46,SKU-10046,0,0.0
2026-08-21,46,SKU-10046,0,0.0
2026-08-22,46,SKU-10046,2,260.16
2026-08-23,46,SKU-10046,0,0.0
2026-08-24,46,SKU-10046,0,0.0
2026-08-25,46,SKU-10046,0,0.0
2026-08-26,46,SKU-10046,0,0.0
2026-05-29,47,SKU-10047,3,291.72
2026-05-30,47,SKU-10047,0,0.0
2026-05-31,47,SKU-10047,1,97.24
2026-06-01,47,SKU-10047,1,97.24
2026-06-02,47,SKU-10047,2,194.48
2026-06-03,47,SKU-10047,2,194.48
2026-06-04,47,SKU-10047,3,291.72
2026-06-05,47,SKU-10047,1,97.24
2026-06-06,47,SKU-10047,2,194.48
2026-06-07,47,SKU-10047,0,0.0
2026-06-08,47,SKU-10047,4,388.96
2026-06-09,47,SKU-10047,3,291.72
2026-06-10,47,SKU-10047,3,291.72
2026-06-11,47,SKU-10047,2,194.48
2026-06-12,47,SKU-10047,3,291.72
2026-06-13,47,SKU-10047,4,388.96
2026-06-14,47,SKU-10047,4,388.96
2026-06-15,47,SKU-10047,0,0.0
2026-06-16,47,SKU-10047,1,97.24
2026-06-17,47,SKU-10047,2,194.48
2026-06-18,47,SKU-10047,0,0.0
2026-06-19,47,SKU-10047,3,291.72
2026-06-20,47,SKU-10047,1,97.24
2026-06-21,47,SKU-10047,1,97.24
2026-06-22,47,SKU-10047,0,0.0
2026-06-23,47,SKU-10047,4,388.96
2026-06-24,47,SKU-10047,2,194.48
2026-06-25,47,SKU-10047,1,97.24
2026-06-26,47,SKU-10047,1,97.24
2026-06-27,47,SKU-10047,3,291.72
2026-06-28,47,SKU-10047,4,388.96
2026-06-29,47,SKU-10047,5,486.2
2026-06-30,47,SKU-10047,3,291.72
2026-07-01,47,SKU-10047,2,194.48
2026-07-02,47,SKU-10047,1,97.24
2026-07-03,47,SKU-10047,1,97.24
2026-07-04,47,SKU-10047,6,583.44
2026-07-05,47,SKU-10047,2,194.48
2026-07-06,47,SKU-10047,1,97.24
2026-07-07,47,SKU-10047,0,0.0
2026-07-08,47,SKU-10047,4,388.96
2026-07-09,47,SKU-10047,0,0.0
2026-07-10,47,SKU-10047,4,388.96
2026-07-11,47,SKU-10047,5,486.2
2026-07-12,47,SKU-10047,1,97.24
2026-07-13,47,SKU-10047,1,97.24
2026-07-14,47,SKU-10047,0,0.0
2026-07-15,47,SKU-10047,1,97.24
2026-07-16,47,SKU-10047,8,777.92
2026-07-17,47,SKU-10047,2,194.48
2026-07-18,47,SKU-10047,3,291.72
2026-07-19,47,SKU-10047,5,486.2
2026-07-20,47,SKU-10047,2,194.48
2026-07-21,47,SKU-10047,1,97.24
2026-07-22,47,SKU-10047,3,291.72
2026-07-23,47,SKU-10047,2,194.48
2026-07-24,47,SKU-10047,2,194.48
2026-07-25,47,SKU-10047,2,194.48
2026-07-26,47,SKU-10047,2,194.48
2026-07-27,47,SKU-10047,4,388.96
2026-07-28,47,SKU-10047,0,0.0
2026-07-29,47,SKU-10047,3,291.72
2026-07-30,47,SKU-10047,0,0.0
2026-07-31,47,SKU-10047,3,291.72
2026-08-01,47,SKU-10047,4,388.96
2026-08-02,47,SKU-10047,1,97.24
2026-08-03,47,SKU-10047,4,388.96
2026-08-04,47,SKU-10047,1,97.24
2026-08-05,47,SKU-10047,1,97.24
2026-08-06,47,SKU-10047,5,486.2
2026-08-07,47,SKU-10047,3,291.72
2026-08-08,47,SKU-10047,2,194.48
2026-08-09,47,SKU-10047,2,194.48
2026-08-10,47,SKU-10047,0,0.0
2026-08-11,47,SKU-10047,4,388.96
2026-08-12,47,SKU-10047,1,97.24
2026-08-13,47,SKU-10047,0,0.0
2026-08-14,47,SKU-10047,1,97.24
2026-08-15,47,SKU-10047,3,291.72
2026-08-16,47,SKU-10047,6,583.44
2026-08-17,47,SKU-10047,4,388.96
2026-08-18,47,SKU-10047,4,388.96
2026-08-19,47,SKU-10047,1,97.24
2026-08-20,47,SKU-10047,0,0.0
2026-08-21,47,SKU-10047,2,194.48
2026-08-22,47,SKU-10047,1,97.24
2026-08-23,47,SKU-10047,3,291.72
2026-08-24,47,SKU-10047,4,388.96
2026-08-25,47,SKU-10047,3,291.72
2026-08-26,47,SKU-10047,2,194.48
2026-05-29,48,SKU-10048,2,281.3
2026-05-30,48,SKU-10048,4,562.6
2026-05-31,48,SKU-10048,0,0.0
2026-06-01,48,SKU-10048,3,421.95
2026-06-02,48,SKU-10048,0,0.0
2026-06-03,48,SKU-10048,0,0.0
2026-06-04,48,SKU-10048,1,140.65
2026-06-05,48,SKU-10048,3,421.95
2026-06-06,48,SKU-10048,1,140.65
2026-06-07,48,SKU-10048,3,421.95
2026-06-08,48,SKU-10048,0,0.0
2026-06-09,48,SKU-10048,0,0.0
2026-06-10,48,SKU-10048,1,140.65
2026-06-11,48,SKU-10048,0,0.0
2026-06-12,48,SKU-10048,3,421.95
2026-06-13,48,SKU-10048,1,140.65
2026-06-14,48,SKU-10048,2,281.3
2026-06-15,48,SKU-10048,3,421.95
2026-06-16,48,SKU-10048,2,281.3
2026-06-17,48,SKU-10048,1,140.65
2026-06-18,48,SKU-10048,2,281.3
2026-06-19,48,SKU-10048,1,140.65
2026-06-20,48,SKU-10048,2,281.3
2026-06-21,48,SKU-10048,2,281.3
2026-06-22,48,SKU-10048,0,0.0
2026-06-23,48,SKU-10048,0,0.0
2026-06-24,48,SKU-10048,3,421.95
2026-06-25,48,SKU-10048,0,0.0
2026-06-26,48,SKU-10048,0,0.0
2026-06-27,48,SKU-10048,2,281.3
2026-06-28,48,SKU-10048,0,0.0
2026-06-29,48,SKU-10048,0,0.0
2026-06-30,48,SKU-10048,3,421.95
2026-07-01,48,SKU-10048,3,421.95
2026-07-02,48,SKU-10048,3,421.95
2026-07-03,48,SKU-10048,5,703.25
2026-07-04,48,SKU-10048,3,421.95
2026-07-05,48,SKU-10048,0,0.0
2026-07-06,48,SKU-10048,1,140.65
2026-07-07,48,SKU-10048,1,140.65
2026-07-08,48,SKU-10048,2,281.3
2026-07-09,48,SKU-10048,1,140.65
2026-07-10,48,SKU-10048,0,0.0
2026-07-11,48,SKU-10048,2,281.3
2026-07-12,48,SKU-10048,1,140.65
2026-07-13,48,SKU-10048,2,281.3
2026-07-14,48,SKU-10048,0,0.0
2026-07-15,48,SKU-10048,2,281.3
2026-07-16,48,SKU-10048,1,140.65
2026-07-17,48,SKU-10048,5,703.25
2026-07-18,48,SKU-10048,1,140.65
2026-07-19,48,SKU-10048,1,140.65
2026-07-20,48,SKU-10048,1,140.65
2026-07-21,48,SKU-10048,3,421.95
2026-07-22,48,SKU-10048,4,562.6
2026-07-23,48,SKU-10048,1,140.65
2026-07-24,48,SKU-10048,5,703.25
2026-07-25,48,SKU-10048,0,0.0
2026-07-26,48,SKU-10048,0,0.0
2026-07-27,48,SKU-10048,0,0.0
2026-07-28,48,SKU-10048,2,281.3
2026-07-29,48,SKU-10048,3,421.95
2026-07-30,48,SKU-10048,1,140.65
2026-07-31,48,SKU-10048,1,140.65
2026-08-01,48,SKU-10048,3,421.95
2026-08-02,48,SKU-10048,2,281.3
2026-08-03,48,SKU-10048,2,281.3
2026-08-04,48,SKU-10048,1,140.65
2026-08-05,48,SKU-10048,3,421.95
2026-08-06,48,SKU-10048,3,421.95
2026-08-07,48,SKU-10048,2,281.3
2026-08-08,48,SKU-10048,0,0.0
2026-08-09,48,SKU-10048,0,0.0
2026-08-10,48,SKU-10048,1,140.65
2026-08-11,48,SKU-10048,0,0.0
2026-08-12,48,SKU-10048,2,281.3
2026-08-13,48,SKU-10048,1,140.65
2026-08-14,48,SKU-10048,3,421.95
2026-08-15,48,SKU-10048,1,140.65
2026-08-16,48,SKU-10048,1,140.65
2026-08-17,48,SKU-10048,1,140.65
2026-08-18,48,SKU-10048,1,140.65
2026-08-19,48,SKU-10048,1,140.65
2026-08-20,48,SKU-10048,3,421.95
2026-08-21,48,SKU-10048,3,421.95
2026-08-22,48,SKU-10048,1,140.65
2026-08-23,48,SKU-10048,2,281.3
2026-08-24,48,SKU-10048,1,140.65
2026-08-25,48,SKU-10048,1,140.65
2026-08-26,48,SKU-10048,0,0.0
2026-05-29,49,SKU-10049,9,259.74
2026-05-30,49,SKU-10049,13,375.18
2026-05-31,49,SKU-10049,7,202.02
2026-06-01,49,SKU-10049,7,202.02
2026-06-02,49,SKU-10049,8,230.88
2026-06-03,49,SKU-10049,8,230.88
2026-06-04,49,SKU-10049,12,346.32
2026-06-05,49,SKU-10049,8,230.88
2026-06-06,49,SKU-10049,10,288.6
2026-06-07,49,SKU-10049,9,259.74
2026-06-08,49,SKU-10049,9,259.74
2026-06-09,49,SKU-10049,10,288.6
2026-06-10,49,SKU-10049,7,202.02
2026-06-11,49,SKU-10049,3,86.58
2026-06-12,49,SKU-10049,8,230.88
2026-06-13,49,SKU-10049,11,317.46
2026-06-14,49,SKU-10049,8,230.88
2026-06-15,49,SKU-10049,8,230.88
2026-06-16,49,SKU-10049,5,144.3
2026-06-17,49,SKU-10049,12,346.32
2026-06-18,49,SKU-10049,8,230.88
2026-06-19,49,SKU-10049,9,259.74
2026-06-20,49,SKU-10049,6,173.16
2026-06-21,49,SKU-10049,8,230.88
2026-06-22,49,SKU-10049,14,404.04
2026-06-23,49,SKU-10049,12,346.32
2026-06-24,49,SKU-10049,7,202.02
2026-06-25,49,SKU-10049,9,259.74
2026-06-26,49,SKU-10049,10,288.6
2026-06-27,49,SKU-10049,18,519.48
2026-06-28,49,SKU-10049,7,202.02
2026-06-29,49,SKU-10049,2,57.72
2026-06-30,49,SKU-10049,5,144.3
2026-07-01,49,SKU-10049,14,404.04
2026-07-02,49,SKU-10049,6,173.16
2026-07-03,49,SKU-10049,11,317.46
2026-07-04,49,SKU-10049,18,519.48
2026-07-05,49,SKU-10049,12,346.32
2026-07-06,49,SKU-10049,11,317.46
2026-07-07,49,SKU-10049,4,115.44
2026-07-08,49,SKU-10049,6,173.16
2026-07-09,49,SKU-10049,10,288.6
2026-07-10,49,SKU-10049,8,230.88
2026-07-11,49,SKU-10049,14,404.04
2026-07-12,49,SKU-10049,18,519.48
2026-07-13,49,SKU-10049,6,173.16
2026-07-14,49,SKU-10049,11,317.46
2026-07-15,49,SKU-10049,9,259.74
2026-07-16,49,SKU-10049,5,144.3
2026-07-17,49,SKU-10049,7,202.02
2026-07-18,49,SKU-10049,12,346.32
2026-07-19,49,SKU-10049,12,346.32
2026-07-20,49,SKU-10049,9,259.74
2026-07-21,49,SKU-10049,6,173.16
2026-07-22,49,SKU-10049,8,230.88
2026-07-23,49,SKU-10049,9,259.74
2026-07-24,49,SKU-10049,14,404.04
2026-07-25,49,SKU-10049,22,634.92
2026-07-26,49,SKU-10049,6,173.16
2026-07-27,49,SKU-10049,10,288.6
2026-07-28,49,SKU-10049,11,317.46
2026-07-29,49,SKU-10049,7,202.02
2026-07-30,49,SKU-10049,11,317.46
2026-07-31,49,SKU-10049,9,259.74
2026-08-01,49,SKU-10049,7,202.02
2026-08-02,49,SKU-10049,9,259.74
2026-08-03,49,SKU-10049,11,317.46
2026-08-04,49,SKU-10049,9,259.74
2026-08-05,49,SKU-10049,11,317.46
2026-08-06,49,SKU-10049,7,202.02
2026-08-07,49,SKU-10049,8,230.88
2026-08-08,49,SKU-10049,6,173.16
2026-08-09,49,SKU-10049,8,230.88
2026-08-10,49,SKU-10049,8,230.88
2026-08-11,49,SKU-10049,8,230.88
2026-08-12,49,SKU-10049,11,317.46
2026-08-13,49,SKU-10049,3,86.58
2026-08-14,49,SKU-10049,7,202.02
2026-08-15,49,SKU-10049,16,461.76
2026-08-16,49,SKU-10049,6,173.16
2026-08-17,49,SKU-10049,6,173.16
2026-08-18,49,SKU-10049,8,230.88
2026-08-19,49,SKU-10049,7,202.02
2026-08-20,49,SKU-10049,3,86.58
2026-08-21,49,SKU-10049,8,230.88
2026-08-22,49,SKU-10049,16,461.76
2026-08-23,49,SKU-10049,11,317.46
2026-08-24,49,SKU-10049,11,317.46
2026-08-25,49,SKU-10049,9,259.74
2026-08-26,49,SKU-10049,15,432.9
2026-05-29,50,SKU-10050,1,19.1
2026-05-30,50,SKU-10050,2,38.2
2026-05-31,50,SKU-10050,2,38.2
2026-06-01,50,SKU-10050,1,19.1
2026-06-02,50,SKU-10050,4,76.4
2026-06-03,50,SKU-10050,2,38.2
2026-06-04,50,SKU-10050,0,0.0
2026-06-05,50,SKU-10050,2,38.2
2026-06-06,50,SKU-10050,2,38.2
2026-06-07,50,SKU-10050,2,38.2
2026-06-08,50,SKU-10050,1,19.1
2026-06-09,50,SKU-10050,1,19.1
2026-06-10,50,SKU-10050,2,38.2
2026-06-11,50,SKU-10050,3,57.3
2026-06-12,50,SKU-10050,2,38.2
2026-06-13,50,SKU-10050,0,0.0
2026-06-14,50,SKU-10050,4,76.4
2026-06-15,50,SKU-10050,1,19.1
2026-06-16,50,SKU-10050,0,0.0
2026-06-17,50,SKU-10050,0,0.0
2026-06-18,50,SKU-10050,3,57.3
2026-06-19,50,SKU-10050,1,19.1
2026-06-20,50,SKU-10050,1,19.1
2026-06-21,50,SKU-10050,0,0.0
2026-06-22,50,SKU-10050,2,38.2
2026-06-23,50,SKU-10050,1,19.1
2026-06-24,50,SKU-10050,1,19.1
2026-06-25,50,SKU-10050,2,38.2
2026-06-26,50,SKU-10050,0,0.0
2026-06-27,50,SKU-10050,1,19.1
2026-06-28,50,SKU-10050,0,0.0
2026-06-29,50,SKU-10050,0,0.0
2026-06-30,50,SKU-10050,1,19.1
2026-07-01,50,SKU-10050,0,0.0
2026-07-02,50,SKU-10050,1,19.1
2026-07-03,50,SKU-10050,2,38.2
2026-07-04,50,SKU-10050,2,38.2
2026-07-05,50,SKU-10050,0,0.0
2026-07-06,50,SKU-10050,1,19.1
2026-07-07,50,SKU-10050,5,95.5
2026-07-08,50,SKU-10050,3,57.3
2026-07-09,50,SKU-10050,0,0.0
2026-07-10,50,SKU-10050,0,0.0
2026-07-11,50,SKU-10050,0,0.0
2026-07-12,50,SKU-10050,0,0.0
2026-07-13,50,SKU-10050,3,57.3
2026-07-14,50,SKU-10050,2,38.2
2026-07-15,50,SKU-10050,1,19.1
2026-07-16,50,SKU-10050,3,57.3
2026-07-17,50,SKU-10050,3,57.3
2026-07-18,50,SKU-10050,0,0.0
2026-07-19,50,SKU-10050,2,38.2
2026-07-20,50,SKU-10050,0,0.0
2026-07-21,50,SKU-10050,2,38.2
2026-07-22,50,SKU-10050,1,19.1
2026-07-23,50,SKU-10050,1,19.1
2026-07-24,50,SKU-10050,0,0.0
2026-07-25,50,SKU-10050,1,19.1
2026-07-26,50,SKU-10050,4,76.4
2026-07-27,50,SKU-10050,2,38.2
2026-07-28,50,SKU-10050,0,0.0
2026-07-29,50,SKU-10050,2,38.2
2026-07-30,50,SKU-10050,0,0.0
2026-07-31,50,SKU-10050,1,19.1
2026-08-01,50,SKU-10050,3,57.3
2026-08-02,50,SKU-10050,2,38.2
2026-08-03,50,SKU-10050,2,38.2
2026-08-04,50,SKU-10050,2,38.2
2026-08-05,50,SKU-10050,1,19.1
2026-08-06,50,SKU-10050,1,19.1
2026-08-07,50,SKU-10050,3,57.3
2026-08-08,50,SKU-10050,2,38.2
2026-08-09,50,SKU-10050,1,19.1
2026-08-10,50,SKU-10050,0,0.0
2026-08-11,50,SKU-10050,3,57.3
2026-08-12,50,SKU-10050,0,0.0
2026-08-13,50,SKU-10050,1,19.1
2026-08-14,50,SKU-10050,3,57.3
2026-08-15,50,SKU-10050,1,19.1
2026-08-16,50,SKU-10050,1,19.1
2026-08-17,50,SKU-10050,5,95.5
2026-08-18,50,SKU-10050,3,57.3
2026-08-19,50,SKU-10050,2,38.2
2026-08-20,50,SKU-10050,0,0.0
2026-08-21,50,SKU-10050,2,38.2
2026-08-22,50,SKU-10050,4,76.4
2026-08-23,50,SKU-10050,1,19.1
2026-08-24,50,SKU-10050,2,38.2
2026-08-25,50,SKU-10050,1,19.1
2026-08-26,50,SKU-10050,5,95.5
2026-05-29,51,SKU-10051,1,95.4
2026-05-30,51,SKU-10051,1,95.4
2026-05-31,51,SKU-10051,1,95.4
2026-06-01,51,SKU-10051,1,95.4
2026-06-02,51,SKU-10051,0,0.0
2026-06-03,51,SKU-10051,2,190.8
2026-06-04,51,SKU-10051,0,0.0
2026-06-05,51,SKU-10051,1,95.4
2026-06-06,51,SKU-10051,3,286.2
2026-06-07,51,SKU-10051,2,190.8
2026-06-08,51,SKU-10051,1,95.4
2026-06-09,51,SKU-10051,0,0.0
2026-06-10,51,SKU-10051,0,0.0
2026-06-11,51,SKU-10051,1,95.4
2026-06-12,51,SKU-10051,1,95.4
2026-06-13,51,SKU-10051,1,95.4
2026-06-14,51,SKU-10051,0,0.0
2026-06-15,51,SKU-10051,1,95.4
2026-06-16,51,SKU-10051,0,0.0
2026-06-17,51,SKU-10051,0,0.0
2026-06-18,51,SKU-10051,0,0.0
2026-06-19,51,SKU-10051,1,95.4
2026-06-20,51,SKU-10051,2,190.8
2026-06-21,51,SKU-10051,2,190.8
2026-06-22,51,SKU-10051,1,95.4
2026-06-23,51,SKU-10051,1,95.4
2026-06-24,51,SKU-10051,0,0.0
2026-06-25,51,SKU-10051,4,381.6
2026-06-26,51,SKU-10051,0,0.0
2026-06-27,51,SKU-10051,0,0.0
2026-06-28,51,SKU-10051,1,95.4
2026-06-29,51,SKU-10051,2,190.8
2026-06-30,51,SKU-10051,1,95.4
2026-07-01,51,SKU-10051,2,190.8
2026-07-02,51,SKU-10051,1,95.4
2026-07-03,51,SKU-10051,3,286.2
2026-07-04,51,SKU-10051,1,95.4
2026-07-05,51,SKU-10051,1,95.4
2026-07-06,51,SKU-10051,0,0.0
2026-07-07,51,SKU-10051,0,0.0
2026-07-08,51,SKU-10051,1,95.4
2026-07-09,51,SKU-10051,2,190.8
2026-07-10,51,SKU-10051,0,0.0
2026-07-11,51,SKU-10051,2,190.8
2026-07-12,51,SKU-10051,1,95.4
2026-07-13,51,SKU-10051,0,0.0
2026-07-14,51,SKU-10051,0,0.0
2026-07-15,51,SKU-10051,1,95.4
2026-07-16,51,SKU-10051,0,0.0
2026-07-17,51,SKU-10051,1,95.4
2026-07-18,51,SKU-10051,1,95.4
2026-07-19,51,SKU-10051,1,95.4
2026-07-20,51,SKU-10051,0,0.0
2026-07-21,51,SKU-10051,1,95.4
2026-07-22,51,SKU-10051,1,95.4
2026-07-23,51,SKU-10051,1,95.4
2026-07-24,51,SKU-10051,1,95.4
2026-07-25,51,SKU-10051,0,0.0
2026-07-26,51,SKU-10051,2,190.8
2026-07-27,51,SKU-10051,0,0.0
2026-07-28,51,SKU-10051,0,0.0
2026-07-29,51,SKU-10051,0,0.0
2026-07-30,51,SKU-10051,1,95.4
2026-07-31,51,SKU-10051,0,0.0
2026-08-01,51,SKU-10051,1,95.4
2026-08-02,51,SKU-10051,2,190.8
2026-08-03,51,SKU-10051,0,0.0
2026-08-04,51,SKU-10051,1,95.4
2026-08-05,51,SKU-10051,0,0.0
2026-08-06,51,SKU-10051,2,190.8
2026-08-07,51,SKU-10051,2,190.8
2026-08-08,51,SKU-10051,3,286.2
2026-08-09,51,SKU-10051,2,190.8
2026-08-10,51,SKU-10051,0,0.0
2026-08-11,51,SKU-10051,0,0.0
2026-08-12,51,SKU-10051,0,0.0
2026-08-13,51,SKU-10051,1,95.4
2026-08-14,51,SKU-10051,3,286.2
2026-08-15,51,SKU-10051,3,286.2
2026-08-16,51,SKU-10051,0,0.0
2026-08-17,51,SKU-10051,1,95.4
2026-08-18,51,SKU-10051,0,0.0
2026-08-19,51,SKU-10051,0,0.0
2026-08-20,51,SKU-10051,2,190.8
2026-08-21,51,SKU-10051,1,95.4
2026-08-22,51,SKU-10051,1,95.4
2026-08-23,51,SKU-10051,1,95.4
2026-08-24,51,SKU-10051,2,190.8
2026-08-25,51,SKU-10051,1,95.4
2026-08-26,51,SKU-10051,1,95.4
2026-05-29,52,SKU-10052,4,525.04
2026-05-30,52,SKU-10052,5,656.3
2026-05-31,52,SKU-10052,4,525.04
2026-06-01,52,SKU-10052,4,525.04
2026-06-02,52,SKU-10052,1,131.26
2026-06-03,52,SKU-10052,3,393.78
2026-06-04,52,SKU-10052,2,262.52
2026-06-05,52,SKU-10052,3,393.78
2026-06-06,52,SKU-10052,5,656.3
2026-06-07,52,SKU-10052,2,262.52
2026-06-08,52,SKU-10052,3,393.78
2026-06-09,52,SKU-10052,2,262.52
2026-06-10,52,SKU-10052,1,131.26
2026-06-11,52,SKU-10052,7,918.82
2026-06-12,52,SKU-10052,7,918.82
2026-06-13,52,SKU-10052,3,393.78
2026-06-14,52,SKU-10052,2,262.52
2026-06-15,52,SKU-10052,2,262.52
2026-06-16,52,SKU-10052,2,262.52
2026-06-17,52,SKU-10052,5,656.3
2026-06-18,52,SKU-10052,7,918.82
2026-06-19,52,SKU-10052,3,393.78
2026-06-20,52,SKU-10052,2,262.52
2026-06-21,52,SKU-10052,3,393.78
2026-06-22,52,SKU-10052,3,393.78
2026-06-23,52,SKU-10052,5,656.3
2026-06-24,52,SKU-10052,5,656.3
2026-06-25,52,SKU-10052,2,262.52
2026-06-26,52,SKU-10052,2,262.52
2026-06-27,52,SKU-10052,10,1312.6
2026-06-28,52,SKU-10052,5,656.3
2026-06-29,52,SKU-10052,2,262.52
2026-06-30,52,SKU-10052,3,393.78
2026-07-01,52,SKU-10052,3,393.78
2026-07-02,52,SKU-10052,2,262.52
2026-07-03,52,SKU-10052,1,131.26
2026-07-04,52,SKU-10052,3,393.78
2026-07-05,52,SKU-10052,6,787.56
2026-07-06,52,SKU-10052,1,131.26
2026-07-07,52,SKU-10052,6,787.56
2026-07-08,52,SKU-10052,2,262.52
2026-07-09,52,SKU-10052,5,656.3
2026-07-10,52,SKU-10052,1,131.26
2026-07-11,52,SKU-10052,3,393.78
2026-07-12,52,SKU-10052,5,656.3
2026-07-13,52,SKU-10052,4,525.04
2026-07-14,52,SKU-10052,6,787.56
2026-07-15,52,SKU-10052,2,262.52
2026-07-16,52,SKU-10052,5,656.3
2026-07-17,52,SKU-10052,4,525.04
2026-07-18,52,SKU-10052,3,393.78
2026-07-19,52,SKU-10052,2,262.52
2026-07-20,52,SKU-10052,1,131.26
2026-07-21,52,SKU-10052,4,525.04
2026-07-22,52,SKU-10052,2,262.52
2026-07-23,52,SKU-10052,2,262.52
2026-07-24,52,SKU-10052,2,262.52
2026-07-25,52,SKU-10052,5,656.3
2026-07-26,52,SKU-10052,4,525.04
2026-07-27,52,SKU-10052,2,262.52
2026-07-28,52,SKU-10052,5,656.3
2026-07-29,52,SKU-10052,0,0.0
2026-07-30,52,SKU-10052,2,262.52
2026-07-31,52,SKU-10052,3,393.78
2026-08-01,52,SKU-10052,2,262.52
2026-08-02,52,SKU-10052,2,262.52
2026-08-03,52,SKU-10052,1,131.26
2026-08-04,52,SKU-10052,4,525.04
2026-08-05,52,SKU-10052,4,525.04
2026-08-06,52,SKU-10052,4,525.04
2026-08-07,52,SKU-10052,7,918.82
2026-08-08,52,SKU-10052,1,131.26
2026-08-09,52,SKU-10052,2,262.52
2026-08-10,52,SKU-10052,1,131.26
2026-08-11,52,SKU-10052,2,262.52
2026-08-12,52,SKU-10052,5,656.3
2026-08-13,52,SKU-10052,5,656.3
2026-08-14,52,SKU-10052,3,393.78
2026-08-15,52,SKU-10052,3,393.78
2026-08-16,52,SKU-10052,4,525.04
2026-08-17,52,SKU-10052,0,0.0
2026-08-18,52,SKU-10052,4,525.04
2026-08-19,52,SKU-10052,3,393.78
2026-08-20,52,SKU-10052,3,393.78
2026-08-21,52,SKU-10052,5,656.3
2026-08-22,52,SKU-10052,3,393.78
2026-08-23,52,SKU-10052,3,393.78
2026-08-24,52,SKU-10052,2,262.52
2026-08-25,52,SKU-10052,5,656.3
2026-08-26,52,SKU-10052,2,262.52
2026-05-29,53,SKU-10053,0,0.0
2026-05-30,53,SKU-10053,1,16.38
2026-05-31,53,SKU-10053,0,0.0
2026-06-01,53,SKU-10053,0,0.0
2026-06-02,53,SKU-10053,0,0.0
2026-06-03,53,SKU-10053,0,0.0
2026-06-04,53,SKU-10053,1,16.38
2026-06-05,53,SKU-10053,0,0.0
2026-06-06,53,SKU-10053,0,0.0
2026-06-07,53,SKU-10053,1,16.38
2026-06-08,53,SKU-10053,0,0.0
2026-06-09,53,SKU-10053,0,0.0
2026-06-10,53,SKU-10053,0,0.0
2026-06-11,53,SKU-10053,1,16.38
2026-06-12,53,SKU-10053,0,0.0
2026-06-13,53,SKU-10053,0,0.0
2026-06-14,53,SKU-10053,0,0.0
2026-06-15,53,SKU-10053,1,16.38
2026-06-16,53,SKU-10053,1,16.38
2026-06-17,53,SKU-10053,2,32.76
2026-06-18,53,SKU-10053,0,0.0
2026-06-19,53,SKU-10053,0,0.0
2026-06-20,53,SKU-10053,0,0.0
2026-06-21,53,SKU-10053,0,0.0
2026-06-22,53,SKU-10053,0,0.0
2026-06-23,53,SKU-10053,0,0.0
2026-06-24,53,SKU-10053,1,16.38
2026-06-25,53,SKU-10053,0,0.0
2026-06-26,53,SKU-10053,0,0.0
2026-06-27,53,SKU-10053,0,0.0
2026-06-28,53,SKU-10053,0,0.0
2026-06-29,53,SKU-10053,0,0.0
2026-06-30,53,SKU-10053,0,0.0
2026-07-01,53,SKU-10053,1,16.38
2026-07-02,53,SKU-10053,0,0.0
2026-07-03,53,SKU-10053,0,0.0
2026-07-04,53,SKU-10053,0,0.0
2026-07-05,53,SKU-10053,0,0.0
2026-07-06,53,SKU-10053,2,32.76
2026-07-07,53,SKU-10053,0,0.0
2026-07-08,53,SKU-10053,0,0.0
2026-07-09,53,SKU-10053,0,0.0
2026-07-10,53,SKU-10053,0,0.0
2026-07-11,53,SKU-10053,0,0.0
2026-07-12,53,SKU-10053,0,0.0
2026-07-13,53,SKU-10053,1,16.38
2026-07-14,53,SKU-10053,0,0.0
2026-07-15,53,SKU-10053,0,0.0
2026-07-16,53,SKU-10053,0,0.0
2026-07-17,53,SKU-10053,0,0.0
2026-07-18,53,SKU-10053,0,0.0
2026-07-19,53,SKU-10053,0,0.0
2026-07-20,53,SKU-10053,0,0.0
2026-07-21,53,SKU-10053,0,0.0
2026-07-22,53,SKU-10053,0,0.0
2026-07-23,53,SKU-10053,0,0.0
2026-07-24,53,SKU-10053,1,16.38
2026-07-25,53,SKU-10053,0,0.0
2026-07-26,53,SKU-10053,0,0.0
2026-07-27,53,SKU-10053,0,0.0
2026-07-28,53,SKU-10053,0,0.0
2026-07-29,53,SKU-10053,0,0.0
2026-07-30,53,SKU-10053,0,0.0
2026-07-31,53,SKU-10053,0,0.0
2026-08-01,53,SKU-10053,1,16.38
2026-08-02,53,SKU-10053,0,0.0
2026-08-03,53,SKU-10053,1,16.38
2026-08-04,53,SKU-10053,0,0.0
2026-08-05,53,SKU-10053,0,0.0
2026-08-06,53,SKU-10053,0,0.0
2026-08-07,53,SKU-10053,0,0.0
2026-08-08,53,SKU-10053,0,0.0
2026-08-09,53,SKU-10053,0,0.0
2026-08-10,53,SKU-10053,0,0.0
2026-08-11,53,SKU-10053,0,0.0
2026-08-12,53,SKU-10053,0,0.0
2026-08-13,53,SKU-10053,0,0.0
2026-08-14,53,SKU-10053,0,0.0
2026-08-15,53,SKU-10053,0,0.0
2026-08-16,53,SKU-10053,0,0.0
2026-08-17,53,SKU-10053,0,0.0
2026-08-18,53,SKU-10053,0,0.0
2026-08-19,53,SKU-10053,0,0.0
2026-08-20,53,SKU-10053,0,0.0
2026-08-21,53,SKU-10053,0,0.0
2026-08-22,53,SKU-10053,1,16.38
2026-08-23,53,SKU-10053,1,16.38
2026-08-24,53,SKU-10053,0,0.0
2026-08-25,53,SKU-10053,0,0.0
2026-08-26,53,SKU-10053,0,0.0
2026-05-29,54,SKU-10054,1,93.85
2026-05-30,54,SKU-10054,0,0.0
2026-05-31,54,SKU-10054,0,0.0
2026-06-01,54,SKU-10054,0,0.0
2026-06-02,54,SKU-10054,3,281.55
2026-06-03,54,SKU-10054,1,93.85
2026-06-04,54,SKU-10054,0,0.0
2026-06-05,54,SKU-10054,0,0.0
2026-06-06,54,SKU-10054,0,0.0
2026-06-07,54,SKU-10054,0,0.0
2026-06-08,54,SKU-10054,1,93.85
2026-06-09,54,SKU-10054,0,0.0
2026-06-10,54,SKU-10054,0,0.0
2026-06-11,54,SKU-10054,0,0.0
2026-06-12,54,SKU-10054,1,93.85
2026-06-13,54,SKU-10054,0,0.0
2026-06-14,54,SKU-10054,0,0.0
2026-06-15,54,SKU-10054,2,187.7
2026-06-16,54,SKU-10054,1,93.85
2026-06-17,54,SKU-10054,0,0.0
2026-06-18,54,SKU-10054,0,0.0
2026-06-19,54,SKU-10054,0,0.0
2026-06-20,54,SKU-10054,2,187.7
2026-06-21,54,SKU-10054,0,0.0
2026-06-22,54,SKU-10054,1,93.85
2026-06-23,54,SKU-10054,1,93.85
2026-06-24,54,SKU-10054,1,93.85
2026-06-25,54,SKU-10054,0,0.0
2026-06-26,54,SKU-10054,0,0.0
2026-06-27,54,SKU-10054,2,187.7
2026-06-28,54,SKU-10054,1,93.85
2026-06-29,54,SKU-10054,0,0.0
2026-06-30,54,SKU-10054,1,93.85
2026-07-01,54,SKU-10054,0,0.0
2026-07-02,54,SKU-10054,1,93.85
2026-07-03,54,SKU-10054,0,0.0
2026-07-04,54,SKU-10054,2,187.7
2026-07-05,54,SKU-10054,3,281.55
2026-07-06,54,SKU-10054,0,0.0
2026-07-07,54,SKU-10054,0,0.0
2026-07-08,54,SKU-10054,1,93.85
2026-07-09,54,SKU-10054,0,0.0
2026-07-10,54,SKU-10054,0,0.0
2026-07-11,54,SKU-10054,1,93.85
2026-07-12,54,SKU-10054,2,187.7
2026-07-13,54,SKU-10054,0,0.0
2026-07-14,54,SKU-10054,2,187.7
2026-07-15,54,SKU-10054,0,0.0
2026-07-16,54,SKU-10054,1,93.85
2026-07-17,54,SKU-10054,0,0.0
2026-07-18,54,SKU-10054,0,0.0
2026-07-19,54,SKU-10054,0,0.0
2026-07-20,54,SKU-10054,0,0.0
2026-07-21,54,SKU-10054,1,93.85
2026-07-22,54,SKU-10054,2,187.7
2026-07-23,54,SKU-10054,0,0.0
2026-07-24,54,SKU-10054,0,0.0
2026-07-25,54,SKU-10054,1,93.85
2026-07-26,54,SKU-10054,1,93.85
2026-07-27,54,SKU-10054,0,0.0
2026-07-28,54,SKU-10054,0,0.0
2026-07-29,54,SKU-10054,1,93.85
2026-07-30,54,SKU-10054,1,93.85
2026-07-31,54,SKU-10054,1,93.85
2026-08-01,54,SKU-10054,1,93.85
2026-08-02,54,SKU-10054,1,93.85
2026-08-03,54,SKU-10054,0,0.0
2026-08-04,54,SKU-10054,1,93.85
2026-08-05,54,SKU-10054,0,0.0
2026-08-06,54,SKU-10054,1,93.85
2026-08-07,54,SKU-10054,0,0.0
2026-08-08,54,SKU-10054,2,187.7
2026-08-09,54,SKU-10054,2,187.7
2026-08-10,54,SKU-10054,1,93.85
2026-08-11,54,SKU-10054,0,0.0
2026-08-12,54,SKU-10054,0,0.0
2026-08-13,54,SKU-10054,1,93.85
2026-08-14,54,SKU-10054,0,0.0
2026-08-15,54,SKU-10054,2,187.7
2026-08-16,54,SKU-10054,0,0.0
2026-08-17,54,SKU-10054,0,0.0
2026-08-18,54,SKU-10054,2,187.7
2026-08-19,54,SKU-10054,1,93.85
2026-08-20,54,SKU-10054,1,93.85
2026-08-21,54,SKU-10054,2,187.7
2026-08-22,54,SKU-10054,2,187.7
2026-08-23,54,SKU-10054,0,0.0
2026-08-24,54,SKU-10054,0,0.0
2026-08-25,54,SKU-10054,0,0.0
2026-08-26,54,SKU-10054,1,93.85
2026-05-29,55,SKU-10055,0,0.0
2026-05-30,55,SKU-10055,1,105.59
2026-05-31,55,SKU-10055,1,105.59
2026-06-01,55,SKU-10055,1,105.59
2026-06-02,55,SKU-10055,2,211.18
2026-06-03,55,SKU-10055,0,0.0
2026-06-04,55,SKU-10055,0,0.0
2026-06-05,55,SKU-10055,1,105.59
2026-06-06,55,SKU-10055,2,211.18
2026-06-07,55,SKU-10055,1,105.59
2026-06-08,55,SKU-10055,0,0.0
2026-06-09,55,SKU-10055,1,105.59
2026-06-10,55,SKU-10055,1,105.59
2026-06-11,55,SKU-10055,2,211.18
2026-06-12,55,SKU-10055,2,211.18
2026-06-13,55,SKU-10055,1,105.59
2026-06-14,55,SKU-10055,0,0.0
2026-06-15,55,SKU-10055,0,0.0
2026-06-16,55,SKU-10055,1,105.59
2026-06-17,55,SKU-10055,1,105.59
2026-06-18,55,SKU-10055,2,211.18
2026-06-19,55,SKU-10055,2,211.18
2026-06-20,55,SKU-10055,1,105.59
2026-06-21,55,SKU-10055,0,0.0
2026-06-22,55,SKU-10055,0,0.0
2026-06-23,55,SKU-10055,2,211.18
2026-06-24,55,SKU-10055,0,0.0
2026-06-25,55,SKU-10055,0,0.0
2026-06-26,55,SKU-10055,1,105.59
2026-06-27,55,SKU-10055,2,211.18
2026-06-28,55,SKU-10055,0,0.0
2026-06-29,55,SKU-10055,1,105.59
2026-06-30,55,SKU-10055,2,211.18
2026-07-01,55,SKU-10055,1,105.59
2026-07-02,55,SKU-10055,1,105.59
2026-07-03,55,SKU-10055,3,316.77
2026-07-04,55,SKU-10055,2,211.18
2026-07-05,55,SKU-10055,1,105.59
2026-07-06,55,SKU-10055,0,0.0
2026-07-07,55,SKU-10055,1,105.59
2026-07-08,55,SKU-10055,0,0.0
2026-07-09,55,SKU-10055,0,0.0
2026-07-10,55,SKU-10055,1,105.59
2026-07-11,55,SKU-10055,2,211.18
2026-07-12,55,SKU-10055,0,0.0
2026-07-13,55,SKU-10055,0,0.0
2026-07-14,55,SKU-10055,1,105.59
2026-07-15,55,SKU-10055,3,316.77
2026-07-16,55,SKU-10055,1,105.59
2026-07-17,55,SKU-10055,0,0.0
2026-07-18,55,SKU-10055,0,0.0
2026-07-19,55,SKU-10055,0,0.0
2026-07-20,55,SKU-10055,1,105.59
2026-07-21,55,SKU-10055,1,105.59
2026-07-22,55,SKU-10055,2,211.18
2026-07-23,55,SKU-10055,0,0.0
2026-07-24,55,SKU-10055,1,105.59
2026-07-25,55,SKU-10055,1,105.59
2026-07-26,55,SKU-10055,1,105.59
2026-07-27,55,SKU-10055,1,105.59
2026-07-28,55,SKU-10055,0,0.0
2026-07-29,55,SKU-10055,0,0.0
2026-07-30,55,SKU-10055,2,211.18
2026-07-31,55,SKU-10055,0,0.0
2026-08-01,55,SKU-10055,2,211.18
2026-08-02,55,SKU-10055,1,105.59
2026-08-03,55,SKU-10055,0,0.0
2026-08-04,55,SKU-10055,0,0.0
2026-08-05,55,SKU-10055,1,105.59
2026-08-06,55,SKU-10055,0,0.0
2026-08-07,55,SKU-10055,1,105.59
2026-08-08,55,SKU-10055,0,0.0
2026-08-09,55,SKU-10055,0,0.0
2026-08-10,55,SKU-10055,2,211.18
2026-08-11,55,SKU-10055,1,105.59
2026-08-12,55,SKU-10055,0,0.0
2026-08-13,55,SKU-10055,0,0.0
2026-08-14,55,SKU-10055,1,105.59
2026-08-15,55,SKU-10055,1,105.59
2026-08-16,55,SKU-10055,0,0.0
2026-08-17,55,SKU-10055,1,105.59
2026-08-18,55,SKU-10055,0,0.0
2026-08-19,55,SKU-10055,1,105.59
2026-08-20,55,SKU-10055,2,211.18
2026-08-21,55,SKU-10055,2,211.18
2026-08-22,55,SKU-10055,0,0.0
2026-08-23,55,SKU-10055,0,0.0
2026-08-24,55,SKU-10055,1,105.59
2026-08-25,55,SKU-10055,0,0.0
2026-08-26,55,SKU-10055,0,0.0
2026-05-29,56,SKU-10056,0,0.0
2026-05-30,56,SKU-10056,0,0.0
2026-05-31,56,SKU-10056,0,0.0
2026-06-01,56,SKU-10056,0,0.0
2026-06-02,56,SKU-10056,0,0.0
2026-06-03,56,SKU-10056,0,0.0
2026-06-04,56,SKU-10056,0,0.0
2026-06-05,56,SKU-10056,0,0.0
2026-06-06,56,SKU-10056,0,0.0
2026-06-07,56,SKU-10056,0,0.0
2026-06-08,56,SKU-10056,0,0.0
2026-06-09,56,SKU-10056,0,0.0
2026-06-10,56,SKU-10056,0,0.0
2026-06-11,56,SKU-10056,0,0.0
2026-06-12,56,SKU-10056,0,0.0
2026-06-13,56,SKU-10056,0,0.0
2026-06-14,56,SKU-10056,0,0.0
2026-06-15,56,SKU-10056,0,0.0
2026-06-16,56,SKU-10056,0,0.0
2026-06-17,56,SKU-10056,0,0.0
2026-06-18,56,SKU-10056,0,0.0
2026-06-19,56,SKU-10056,0,0.0
2026-06-20,56,SKU-10056,0,0.0
2026-06-21,56,SKU-10056,0,0.0
2026-06-22,56,SKU-10056,0,0.0
2026-06-23,56,SKU-10056,0,0.0
2026-06-24,56,SKU-10056,0,0.0
2026-06-25,56,SKU-10056,0,0.0
2026-06-26,56,SKU-10056,0,0.0
2026-06-27,56,SKU-10056,0,0.0
2026-06-28,56,SKU-10056,0,0.0
2026-06-29,56,SKU-10056,0,0.0
2026-06-30,56,SKU-10056,0,0.0
2026-07-01,56,SKU-10056,0,0.0
2026-07-02,56,SKU-10056,0,0.0
2026-07-03,56,SKU-10056,0,0.0
2026-07-04,56,SKU-10056,0,0.0
2026-07-05,56,SKU-10056,0,0.0
2026-07-06,56,SKU-10056,0,0.0
2026-07-07,56,SKU-10056,0,0.0
2026-07-08,56,SKU-10056,0,0.0
2026-07-09,56,SKU-10056,0,0.0
2026-07-10,56,SKU-10056,0,0.0
2026-07-11,56,SKU-10056,0,0.0
2026-07-12,56,SKU-10056,0,0.0
2026-07-13,56,SKU-10056,0,0.0
2026-07-14,56,SKU-10056,0,0.0
2026-07-15,56,SKU-10056,0,0.0
2026-07-16,56,SKU-10056,0,0.0
2026-07-17,56,SKU-10056,0,0.0
2026-07-18,56,SKU-10056,0,0.0
2026-07-19,56,SKU-10056,0,0.0
2026-07-20,56,SKU-10056,0,0.0
2026-07-21,56,SKU-10056,0,0.0
2026-07-22,56,SKU-10056,0,0.0
2026-07-23,56,SKU-10056,0,0.0
2026-07-24,56,SKU-10056,0,0.0
2026-07-25,56,SKU-10056,0,0.0
2026-07-26,56,SKU-10056,0,0.0
2026-07-27,56,SKU-10056,0,0.0
2026-07-28,56,SKU-10056,0,0.0
2026-07-29,56,SKU-10056,0,0.0
2026-07-30,56,SKU-10056,0,0.0
2026-07-31,56,SKU-10056,0,0.0
2026-08-01,56,SKU-10056,0,0.0
2026-08-02,56,SKU-10056,0,0.0
2026-08-03,56,SKU-10056,0,0.0
2026-08-04,56,SKU-10056,0,0.0
2026-08-05,56,SKU-10056,0,0.0
2026-08-06,56,SKU-10056,0,0.0
2026-08-07,56,SKU-10056,0,0.0
2026-08-08,56,SKU-10056,0,0.0
2026-08-09,56,SKU-10056,0,0.0
2026-08-10,56,SKU-10056,0,0.0
2026-08-11,56,SKU-10056,0,0.0
2026-08-12,56,SKU-10056,0,0.0
2026-08-13,56,SKU-10056,0,0.0
2026-08-14,56,SKU-10056,0,0.0
2026-08-15,56,SKU-10056,0,0.0
2026-08-16,56,SKU-10056,0,0.0
2026-08-17,56,SKU-10056,0,0.0
2026-08-18,56,SKU-10056,0,0.0
2026-08-19,56,SKU-10056,0,0.0
2026-08-20,56,SKU-10056,0,0.0
2026-08-21,56,SKU-10056,0,0.0
2026-08-22,56,SKU-10056,0,0.0
2026-08-23,56,SKU-10056,0,0.0
2026-08-24,56,SKU-10056,0,0.0
2026-08-25,56,SKU-10056,0,0.0
2026-08-26,56,SKU-10056,0,0.0
2026-05-29,57,SKU-10057,1,130.62
2026-05-30,57,SKU-10057,1,130.62
2026-05-31,57,SKU-10057,1,130.62
2026-06-01,57,SKU-10057,0,0.0
2026-06-02,57,SKU-10057,0,0.0
2026-06-03,57,SKU-10057,3,391.86
2026-06-04,57,SKU-10057,2,261.24
2026-06-05,57,SKU-10057,1,130.62
2026-06-06,57,SKU-10057,2,261.24
2026-06-07,57,SKU-10057,2,261.24
2026-06-08,57,SKU-10057,0,0.0
2026-06-09,57,SKU-10057,0,0.0
2026-06-10,57,SKU-10057,0,0.0
2026-06-11,57,SKU-10057,0,0.0
2026-06-12,57,SKU-10057,0,0.0
2026-06-13,57,SKU-10057,1,130.62
2026-06-14,57,SKU-10057,2,261.24
2026-06-15,57,SKU-10057,1,130.62
2026-06-16,57,SKU-10057,0,0.0
2026-06-17,57,SKU-10057,1,130.62
2026-06-18,57,SKU-10057,0,0.0
2026-06-19,57,SKU-10057,1,130.62
2026-06-20,57,SKU-10057,0,0.0
2026-06-21,57,SKU-10057,1,130.62
2026-06-22,57,SKU-10057,0,0.0
2026-06-23,57,SKU-10057,1,130.62
2026-06-24,57,SKU-10057,0,0.0
2026-06-25,57,SKU-10057,0,0.0
2026-06-26,57,SKU-10057,1,130.62
2026-06-27,57,SKU-10057,3,391.86
2026-06-28,57,SKU-10057,1,130.62
2026-06-29,57,SKU-10057,0,0.0
2026-06-30,57,SKU-10057,2,261.24
2026-07-01,57,SKU-10057,1,130.62
2026-07-02,57,SKU-10057,2,261.24
2026-07-03,57,SKU-10057,3,391.86
2026-07-04,57,SKU-10057,3,391.86
2026-07-05,57,SKU-10057,0,0.0
2026-07-06,57,SKU-10057,3,391.86
2026-07-07,57,SKU-10057,3,391.86
2026-07-08,57,SKU-10057,1,130.62
2026-07-09,57,SKU-10057,2,261.24
2026-07-10,57,SKU-10057,1,130.62
2026-07-11,57,SKU-10057,2,261.24
2026-07-12,57,SKU-10057,2,261.24
2026-07-13,57,SKU-10057,2,261.24
2026-07-14,57,SKU-10057,2,261.24
2026-07-15,57,SKU-10057,2,261.24
2026-07-16,57,SKU-10057,2,261.24
2026-07-17,57,SKU-10057,1,130.62
2026-07-18,57,SKU-10057,2,261.24
2026-07-19,57,SKU-10057,2,261.24
2026-07-20,57,SKU-10057,1,130.62
2026-07-21,57,SKU-10057,0,0.0
2026-07-22,57,SKU-10057,4,522.48
2026-07-23,57,SKU-10057,0,0.0
2026-07-24,57,SKU-10057,1,130.62
2026-07-25,57,SKU-10057,4,522.48
2026-07-26,57,SKU-10057,2,261.24
2026-07-27,57,SKU-10057,0,0.0
2026-07-28,57,SKU-10057,0,0.0
2026-07-29,57,SKU-10057,3,391.86
2026-07-30,57,SKU-10057,0,0.0
2026-07-31,57,SKU-10057,2,261.24
2026-08-01,57,SKU-10057,1,130.62
2026-08-02,57,SKU-10057,1,130.62
2026-08-03,57,SKU-10057,0,0.0
2026-08-04,57,SKU-10057,0,0.0
2026-08-05,57,SKU-10057,0,0.0
2026-08-06,57,SKU-10057,0,0.0
2026-08-07,57,SKU-10057,0,0.0
2026-08-08,57,SKU-10057,2,261.24
2026-08-09,57,SKU-10057,2,261.24
2026-08-10,57,SKU-10057,0,0.0
2026-08-11,57,SKU-10057,2,261.24
2026-08-12,57,SKU-10057,3,391.86
2026-08-13,57,SKU-10057,3,391.86
2026-08-14,57,SKU-10057,2,261.24
2026-08-15,57,SKU-10057,2,261.24
2026-08-16,57,SKU-10057,0,0.0
2026-08-17,57,SKU-10057,3,391.86
2026-08-18,57,SKU-10057,0,0.0
2026-08-19,57,SKU-10057,2,261.24
2026-08-20,57,SKU-10057,1,130.62
2026-08-21,57,SKU-10057,0,0.0
2026-08-22,57,SKU-10057,0,0.0
2026-08-23,57,SKU-10057,0,0.0
2026-08-24,57,SKU-10057,0,0.0
2026-08-25,57,SKU-10057,3,391.86
2026-08-26,57,SKU-10057,3,391.86
2026-05-29,58,SKU-10058,0,0.0
2026-05-30,58,SKU-10058,1,93.99
2026-05-31,58,SKU-10058,0,0.0
2026-06-01,58,SKU-10058,0,0.0
2026-06-02,58,SKU-10058,2,187.98
2026-06-03,58,SKU-10058,0,0.0
2026-06-04,58,SKU-10058,0,0.0
2026-06-05,58,SKU-10058,1,93.99
2026-06-06,58,SKU-10058,1,93.99
2026-06-07,58,SKU-10058,0,0.0
2026-06-08,58,SKU-10058,1,93.99
2026-06-09,58,SKU-10058,0,0.0
2026-06-10,58,SKU-10058,0,0.0
2026-06-11,58,SKU-10058,0,0.0
2026-06-12,58,SKU-10058,2,187.98
2026-06-13,58,SKU-10058,0,0.0
2026-06-14,58,SKU-10058,1,93.99
2026-06-15,58,SKU-10058,0,0.0
2026-06-16,58,SKU-10058,1,93.99
2026-06-17,58,SKU-10058,2,187.98
2026-06-18,58,SKU-10058,0,0.0
2026-06-19,58,SKU-10058,0,0.0
2026-06-20,58,SKU-10058,1,93.99
2026-06-21,58,SKU-10058,1,93.99
2026-06-22,58,SKU-10058,1,93.99
2026-06-23,58,SKU-10058,0,0.0
2026-06-24,58,SKU-10058,0,0.0
2026-06-25,58,SKU-10058,1,93.99
2026-06-26,58,SKU-10058,0,0.0
2026-06-27,58,SKU-10058,0,0.0
2026-06-28,58,SKU-10058,0,0.0
2026-06-29,58,SKU-10058,0,0.0
2026-06-30,58,SKU-10058,0,0.0
2026-07-01,58,SKU-10058,0,0.0
2026-07-02,58,SKU-10058,2,187.98
2026-07-03,58,SKU-10058,1,93.99
2026-07-04,58,SKU-10058,1,93.99
2026-07-05,58,SKU-10058,0,0.0
2026-07-06,58,SKU-10058,1,93.99
2026-07-07,58,SKU-10058,0,0.0
2026-07-08,58,SKU-10058,0,0.0
2026-07-09,58,SKU-10058,1,93.99
2026-07-10,58,SKU-10058,0,0.0
2026-07-11,58,SKU-10058,0,0.0
2026-07-12,58,SKU-10058,1,93.99
2026-07-13,58,SKU-10058,0,0.0
2026-07-14,58,SKU-10058,1,93.99
2026-07-15,58,SKU-10058,1,93.99
2026-07-16,58,SKU-10058,0,0.0
2026-07-17,58,SKU-10058,0,0.0
2026-07-18,58,SKU-10058,1,93.99
2026-07-19,58,SKU-10058,1,93.99
2026-07-20,58,SKU-10058,1,93.99
2026-07-21,58,SKU-10058,1,93.99
2026-07-22,58,SKU-10058,1,93.99
2026-07-23,58,SKU-10058,3,281.97
2026-07-24,58,SKU-10058,0,0.0
2026-07-25,58,SKU-10058,1,93.99
2026-07-26,58,SKU-10058,2,187.98
2026-07-27,58,SKU-10058,0,0.0
2026-07-28,58,SKU-10058,1,93.99
2026-07-29,58,SKU-10058,0,0.0
2026-07-30,58,SKU-10058,1,93.99
2026-07-31,58,SKU-10058,1,93.99
2026-08-01,58,SKU-10058,2,187.98
2026-08-02,58,SKU-10058,0,0.0
2026-08-03,58,SKU-10058,1,93.99
2026-08-04,58,SKU-10058,0,0.0
2026-08-05,58,SKU-10058,1,93.99
2026-08-06,58,SKU-10058,0,0.0
2026-08-07,58,SKU-10058,1,93.99
2026-08-08,58,SKU-10058,0,0.0
2026-08-09,58,SKU-10058,0,0.0
2026-08-10,58,SKU-10058,1,93.99
2026-08-11,58,SKU-10058,2,187.98
2026-08-12,58,SKU-10058,0,0.0
2026-08-13,58,SKU-10058,1,93.99
2026-08-14,58,SKU-10058,0,0.0
2026-08-15,58,SKU-10058,2,187.98
2026-08-16,58,SKU-10058,0,0.0
2026-08-17,58,SKU-10058,1,93.99
2026-08-18,58,SKU-10058,0,0.0
2026-08-19,58,SKU-10058,0,0.0
2026-08-20,58,SKU-10058,0,0.0
2026-08-21,58,SKU-10058,1,93.99
2026-08-22,58,SKU-10058,1,93.99
2026-08-23,58,SKU-10058,2,187.98
2026-08-24,58,SKU-10058,1,93.99
2026-08-25,58,SKU-10058,2,187.98
2026-08-26,58,SKU-10058,1,93.99
2026-05-29,59,SKU-10059,0,0.0
2026-05-30,59,SKU-10059,1,44.07
2026-05-31,59,SKU-10059,3,132.21
2026-06-01,59,SKU-10059,0,0.0
2026-06-02,59,SKU-10059,0,0.0
2026-06-03,59,SKU-10059,1,44.07
2026-06-04,59,SKU-10059,1,44.07
2026-06-05,59,SKU-10059,2,88.14
2026-06-06,59,SKU-10059,3,132.21
2026-06-07,59,SKU-10059,1,44.07
2026-06-08,59,SKU-10059,1,44.07
2026-06-09,59,SKU-10059,2,88.14
2026-06-10,59,SKU-10059,2,88.14
2026-06-11,59,SKU-10059,0,0.0
2026-06-12,59,SKU-10059,2,88.14
2026-06-13,59,SKU-10059,3,132.21
2026-06-14,59,SKU-10059,0,0.0
2026-06-15,59,SKU-10059,1,44.07
2026-06-16,59,SKU-10059,1,44.07
2026-06-17,59,SKU-10059,0,0.0
2026-06-18,59,SKU-10059,2,88.14
2026-06-19,59,SKU-10059,2,88.14
2026-06-20,59,SKU-10059,2,88.14
2026-06-21,59,SKU-10059,2,88.14
2026-06-22,59,SKU-10059,0,0.0
2026-06-23,59,SKU-10059,0,0.0
2026-06-24,59,SKU-10059,2,88.14
2026-06-25,59,SKU-10059,1,44.07
2026-06-26,59,SKU-10059,3,132.21
2026-06-27,59,SKU-10059,2,88.14
2026-06-28,59,SKU-10059,0,0.0
2026-06-29,59,SKU-10059,0,0.0
2026-06-30,59,SKU-10059,2,88.14
2026-07-01,59,SKU-10059,1,44.07
2026-07-02,59,SKU-10059,3,132.21
2026-07-03,59,SKU-10059,4,176.28
2026-07-04,59,SKU-10059,1,44.07
2026-07-05,59,SKU-10059,1,44.07
2026-07-06,59,SKU-10059,1,44.07
2026-07-07,59,SKU-10059,0,0.0
2026-07-08,59,SKU-10059,0,0.0
2026-07-09,59,SKU-10059,2,88.14
2026-07-10,59,SKU-10059,2,88.14
2026-07-11,59,SKU-10059,3,132.21
2026-07-12,59,SKU-10059,3,132.21
2026-07-13,59,SKU-10059,0,0.0
2026-07-14,59,SKU-10059,2,88.14
2026-07-15,59,SKU-10059,1,44.07
2026-07-16,59,SKU-10059,3,132.21
2026-07-17,59,SKU-10059,1,44.07
2026-07-18,59,SKU-10059,0,0.0
2026-07-19,59,SKU-10059,2,88.14
2026-07-20,59,SKU-10059,0,0.0
2026-07-21,59,SKU-10059,1,44.07
2026-07-22,59,SKU-10059,0,0.0
2026-07-23,59,SKU-10059,0,0.0
2026-07-24,59,SKU-10059,2,88.14
2026-07-25,59,SKU-10059,1,44.07
2026-07-26,59,SKU-10059,1,44.07
2026-07-27,59,SKU-10059,1,44.07
2026-07-28,59,SKU-10059,0,0.0
2026-07-29,59,SKU-10059,1,44.07
2026-07-30,59,SKU-10059,1,44.07
2026-07-31,59,SKU-10059,2,88.14
2026-08-01,59,SKU-10059,0,0.0
2026-08-02,59,SKU-10059,0,0.0
2026-08-03,59,SKU-10059,0,0.0
2026-08-04,59,SKU-10059,2,88.14
2026-08-05,59,SKU-10059,2,88.14
2026-08-06,59,SKU-10059,1,44.07
2026-08-07,59,SKU-10059,1,44.07
2026-08-08,59,SKU-10059,2,88.14
2026-08-09,59,SKU-10059,1,44.07
2026-08-10,59,SKU-10059,1,44.07
2026-08-11,59,SKU-10059,0,0.0
2026-08-12,59,SKU-10059,0,0.0
2026-08-13,59,SKU-10059,1,44.07
2026-08-14,59,SKU-10059,3,132.21
2026-08-15,59,SKU-10059,1,44.07
2026-08-16,59,SKU-10059,0,0.0
2026-08-17,59,SKU-10059,1,44.07
2026-08-18,59,SKU-10059,2,88.14
2026-08-19,59,SKU-10059,1,44.07
2026-08-20,59,SKU-10059,1,44.07
2026-08-21,59,SKU-10059,2,88.14
2026-08-22,59,SKU-10059,5,220.35
2026-08-23,59,SKU-10059,1,44.07
2026-08-24,59,SKU-10059,0,0.0
2026-08-25,59,SKU-10059,2,88.14
2026-08-26,59,SKU-10059,4,176.28
2026-05-29,60,SKU-10060,0,0.0
2026-05-30,60,SKU-10060,0,0.0
2026-05-31,60,SKU-10060,0,0.0
2026-06-01,60,SKU-10060,0,0.0
2026-06-02,60,SKU-10060,0,0.0
2026-06-03,60,SKU-10060,1,125.01
2026-06-04,60,SKU-10060,0,0.0
2026-06-05,60,SKU-10060,0,0.0
2026-06-06,60,SKU-10060,0,0.0
2026-06-07,60,SKU-10060,0,0.0
2026-06-08,60,SKU-10060,1,125.01
2026-06-09,60,SKU-10060,0,0.0
2026-06-10,60,SKU-10060,0,0.0
2026-06-11,60,SKU-10060,0,0.0
2026-06-12,60,SKU-10060,0,0.0
2026-06-13,60,SKU-10060,0,0.0
2026-06-14,60,SKU-10060,1,125.01
2026-06-15,60,SKU-10060,0,0.0
2026-06-16,60,SKU-10060,0,0.0
2026-06-17,60,SKU-10060,0,0.0
2026-06-18,60,SKU-10060,0,0.0
2026-06-19,60,SKU-10060,0,0.0
2026-06-20,60,SKU-10060,1,125.01
2026-06-21,60,SKU-10060,0,0.0
2026-06-22,60,SKU-10060,0,0.0
2026-06-23,60,SKU-10060,0,0.0
2026-06-24,60,SKU-10060,0,0.0
2026-06-25,60,SKU-10060,0,0.0
2026-06-26,60,SKU-10060,0,0.0
2026-06-27,60,SKU-10060,0,0.0
2026-06-28,60,SKU-10060,0,0.0
2026-06-29,60,SKU-10060,0,0.0
2026-06-30,60,SKU-10060,0,0.0
2026-07-01,60,SKU-10060,2,250.02
2026-07-02,60,SKU-10060,0,0.0
2026-07-03,60,SKU-10060,0,0.0
2026-07-04,60,SKU-10060,0,0.0
2026-07-05,60,SKU-10060,0,0.0
2026-07-06,60,SKU-10060,1,125.01
2026-07-07,60,SKU-10060,1,125.01
2026-07-08,60,SKU-10060,0,0.0
2026-07-09,60,SKU-10060,0,0.0
2026-07-10,60,SKU-10060,2,250.02
2026-07-11,60,SKU-10060,0,0.0
2026-07-12,60,SKU-10060,0,0.0
2026-07-13,60,SKU-10060,0,0.0
2026-07-14,60,SKU-10060,0,0.0
2026-07-15,60,SKU-10060,0,0.0
2026-07-16,60,SKU-10060,1,125.01
2026-07-17,60,SKU-10060,1,125.01
2026-07-18,60,SKU-10060,0,0.0
2026-07-19,60,SKU-10060,1,125.01
2026-07-20,60,SKU-10060,0,0.0
2026-07-21,60,SKU-10060,0,0.0
2026-07-22,60,SKU-10060,0,0.0
2026-07-23,60,SKU-10060,0,0.0
2026-07-24,60,SKU-10060,0,0.0
2026-07-25,60,SKU-10060,0,0.0
2026-07-26,60,SKU-10060,0,0.0
2026-07-27,60,SKU-10060,0,0.0
2026-07-28,60,SKU-10060,0,0.0
2026-07-29,60,SKU-10060,0,0.0
2026-07-30,60,SKU-10060,0,0.0
2026-07-31,60,SKU-10060,0,0.0
2026-08-01,60,SKU-10060,0,0.0
2026-08-02,60,SKU-10060,0,0.0
2026-08-03,60,SKU-10060,0,0.0
2026-08-04,60,SKU-10060,0,0.0
2026-08-05,60,SKU-10060,0,0.0
2026-08-06,60,SKU-10060,0,0.0
2026-08-07,60,SKU-10060,1,125.01
2026-08-08,60,SKU-10060,0,0.0
2026-08-09,60,SKU-10060,0,0.0
2026-08-10,60,SKU-10060,0,0.0
2026-08-11,60,SKU-10060,0,0.0
2026-08-12,60,SKU-10060,0,0.0
2026-08-13,60,SKU-10060,0,0.0
2026-08-14,60,SKU-10060,0,0.0
2026-08-15,60,SKU-10060,1,125.01
2026-08-16,60,SKU-10060,0,0.0
2026-08-17,60,SKU-10060,2,250.02
2026-08-18,60,SKU-10060,1,125.01
2026-08-19,60,SKU-10060,0,0.0
2026-08-20,60,SKU-10060,0,0.0
2026-08-21,60,SKU-10060,0,0.0
2026-08-22,60,SKU-10060,0,0.0
2026-08-23,60,SKU-10060,1,125.01
2026-08-24,60,SKU-10060,0,0.0
2026-08-25,60,SKU-10060,0,0.0
2026-08-26,60,SKU-10060,0,0.0
2026-05-29,61,SKU-10061,3,379.56
2026-05-30,61,SKU-10061,4,506.08
2026-05-31,61,SKU-10061,3,379.56
2026-06-01,61,SKU-10061,4,506.08
2026-06-02,61,SKU-10061,0,0.0
2026-06-03,61,SKU-10061,4,506.08
2026-06-04,61,SKU-10061,2,253.04
2026-06-05,61,SKU-10061,4,506.08
2026-06-06,61,SKU-10061,4,506.08
2026-06-07,61,SKU-10061,3,379.56
2026-06-08,61,SKU-10061,3,379.56
2026-06-09,61,SKU-10061,4,506.08
2026-06-10,61,SKU-10061,1,126.52
2026-06-11,61,SKU-10061,1,126.52
2026-06-12,61,SKU-10061,2,253.04
2026-06-13,61,SKU-10061,3,379.56
2026-06-14,61,SKU-10061,2,253.04
2026-06-15,61,SKU-10061,0,0.0
2026-06-16,61,SKU-10061,1,126.52
2026-06-17,61,SKU-10061,2,253.04
2026-06-18,61,SKU-10061,3,379.56
2026-06-19,61,SKU-10061,4,506.08
2026-06-20,61,SKU-10061,3,379.56
2026-06-21,61,SKU-10061,0,0.0
2026-06-22,61,SKU-10061,1,126.52
2026-06-23,61,SKU-10061,3,379.56
2026-06-24,61,SKU-10061,3,379.56
2026-06-25,61,SKU-10061,3,379.56
2026-06-26,61,SKU-10061,2,253.04
2026-06-27,61,SKU-10061,1,126.52
2026-06-28,61,SKU-10061,0,0.0
2026-06-29,61,SKU-10061,2,253.04
2026-06-30,61,SKU-10061,4,506.08
2026-07-01,61,SKU-10061,1,126.52
2026-07-02,61,SKU-10061,4,506.08
2026-07-03,61,SKU-10061,0,0.0
2026-07-04,61,SKU-10061,1,126.52
2026-07-05,61,SKU-10061,4,506.08
2026-07-06,61,SKU-10061,2,253.04
2026-07-07,61,SKU-10061,0,0.0
2026-07-08,61,SKU-10061,2,253.04
2026-07-09,61,SKU-10061,1,126.52
2026-07-10,61,SKU-10061,3,379.56
2026-07-11,61,SKU-10061,3,379.56
2026-07-12,61,SKU-10061,0,0.0
2026-07-13,61,SKU-10061,0,0.0
2026-07-14,61,SKU-10061,3,379.56
2026-07-15,61,SKU-10061,6,759.12
2026-07-16,61,SKU-10061,3,379.56
2026-07-17,61,SKU-10061,2,253.04
2026-07-18,61,SKU-10061,3,379.56
2026-07-19,61,SKU-10061,3,379.56
2026-07-20,61,SKU-10061,2,253.04
2026-07-21,61,SKU-10061,1,126.52
2026-07-22,61,SKU-10061,1,126.52
2026-07-23,61,SKU-10061,2,253.04
2026-07-24,61,SKU-10061,3,379.56
2026-07-25,61,SKU-10061,2,253.04
2026-07-26,61,SKU-10061,2,253.04
2026-07-27,61,SKU-10061,1,126.52
2026-07-28,61,SKU-10061,2,253.04
2026-07-29,61,SKU-10061,2,253.04
2026-07-30,61,SKU-10061,2,253.04
2026-07-31,61,SKU-10061,3,379.56
2026-08-01,61,SKU-10061,2,253.04
2026-08-02,61,SKU-10061,2,253.04
2026-08-03,61,SKU-10061,1,126.52
2026-08-04,61,SKU-10061,2,253.04
2026-08-05,61,SKU-10061,0,0.0
2026-08-06,61,SKU-10061,3,379.56
2026-08-07,61,SKU-10061,1,126.52
2026-08-08,61,SKU-10061,1,126.52
2026-08-09,61,SKU-10061,3,379.56
2026-08-10,61,SKU-10061,6,759.12
2026-08-11,61,SKU-10061,3,379.56
2026-08-12,61,SKU-10061,5,632.6
2026-08-13,61,SKU-10061,2,253.04
2026-08-14,61,SKU-10061,5,632.6
2026-08-15,61,SKU-10061,5,632.6
2026-08-16,61,SKU-10061,2,253.04
2026-08-17,61,SKU-10061,5,632.6
2026-08-18,61,SKU-10061,6,759.12
2026-08-19,61,SKU-10061,3,379.56
2026-08-20,61,SKU-10061,5,632.6
2026-08-21,61,SKU-10061,5,632.6
2026-08-22,61,SKU-10061,3,379.56
2026-08-23,61,SKU-10061,3,379.56
2026-08-24,61,SKU-10061,1,126.52
2026-08-25,61,SKU-10061,2,253.04
2026-08-26,61,SKU-10061,1,126.52
2026-05-29,62,SKU-10062,0,0.0
2026-05-30,62,SKU-10062,0,0.0
2026-05-31,62,SKU-10062,0,0.0
2026-06-01,62,SKU-10062,2,130.26
2026-06-02,62,SKU-10062,0,0.0
2026-06-03,62,SKU-10062,0,0.0
2026-06-04,62,SKU-10062,0,0.0
2026-06-05,62,SKU-10062,2,130.26
2026-06-06,62,SKU-10062,1,65.13
2026-06-07,62,SKU-10062,4,260.52
2026-06-08,62,SKU-10062,1,65.13
2026-06-09,62,SKU-10062,0,0.0
2026-06-10,62,SKU-10062,1,65.13
2026-06-11,62,SKU-10062,3,195.39
2026-06-12,62,SKU-10062,0,0.0
2026-06-13,62,SKU-10062,0,0.0
2026-06-14,62,SKU-10062,2,130.26
2026-06-15,62,SKU-10062,0,0.0
2026-06-16,62,SKU-10062,2,130.26
2026-06-17,62,SKU-10062,1,65.13
2026-06-18,62,SKU-10062,0,0.0
2026-06-19,62,SKU-10062,1,65.13
2026-06-20,62,SKU-10062,1,65.13
2026-06-21,62,SKU-10062,0,0.0
2026-06-22,62,SKU-10062,2,130.26
2026-06-23,62,SKU-10062,1,65.13
2026-06-24,62,SKU-10062,2,130.26
2026-06-25,62,SKU-10062,0,0.0
2026-06-26,62,SKU-10062,1,65.13
2026-06-27,62,SKU-10062,3,195.39
2026-06-28,62,SKU-10062,0,0.0
2026-06-29,62,SKU-10062,1,65.13
2026-06-30,62,SKU-10062,1,65.13
2026-07-01,62,SKU-10062,1,65.13
2026-07-02,62,SKU-10062,1,65.13
2026-07-03,62,SKU-10062,0,0.0
2026-07-04,62,SKU-10062,1,65.13
2026-07-05,62,SKU-10062,0,0.0
2026-07-06,62,SKU-10062,2,130.26
2026-07-07,62,SKU-10062,0,0.0
2026-07-08,62,SKU-10062,1,65.13
2026-07-09,62,SKU-10062,2,130.26
2026-07-10,62,SKU-10062,0,0.0
2026-07-11,62,SKU-10062,4,260.52
2026-07-12,62,SKU-10062,1,65.13
2026-07-13,62,SKU-10062,0,0.0
2026-07-14,62,SKU-10062,0,0.0
2026-07-15,62,SKU-10062,1,65.13
2026-07-16,62,SKU-10062,0,0.0
2026-07-17,62,SKU-10062,1,65.13
2026-07-18,62,SKU-10062,0,0.0
2026-07-19,62,SKU-10062,1,65.13
2026-07-20,62,SKU-10062,0,0.0
2026-07-21,62,SKU-10062,0,0.0
2026-07-22,62,SKU-10062,0,0.0
2026-07-23,62,SKU-10062,0,0.0
2026-07-24,62,SKU-10062,0,0.0
2026-07-25,62,SKU-10062,0,0.0
2026-07-26,62,SKU-10062,3,195.39
2026-07-27,62,SKU-10062,0,0.0
2026-07-28,62,SKU-10062,2,130.26
2026-07-29,62,SKU-10062,0,0.0
2026-07-30,62,SKU-10062,0,0.0
2026-07-31,62,SKU-10062,0,0.0
2026-08-01,62,SKU-10062,0,0.0
2026-08-02,62,SKU-10062,0,0.0
2026-08-03,62,SKU-10062,0,0.0
2026-08-04,62,SKU-10062,0,0.0
2026-08-05,62,SKU-10062,0,0.0
2026-08-06,62,SKU-10062,0,0.0
2026-08-07,62,SKU-10062,0,0.0
2026-08-08,62,SKU-10062,3,195.39
2026-08-09,62,SKU-10062,5,325.65
2026-08-10,62,SKU-10062,2,130.26
2026-08-11,62,SKU-10062,0,0.0
2026-08-12,62,SKU-10062,1,65.13
2026-08-13,62,SKU-10062,1,65.13
2026-08-14,62,SKU-10062,1,65.13
2026-08-15,62,SKU-10062,0,0.0
2026-08-16,62,SKU-10062,1,65.13
2026-08-17,62,SKU-10062,1,65.13
2026-08-18,62,SKU-10062,0,0.0
2026-08-19,62,SKU-10062,0,0.0
2026-08-20,62,SKU-10062,0,0.0
2026-08-21,62,SKU-10062,0,0.0
2026-08-22,62,SKU-10062,0,0.0
2026-08-23,62,SKU-10062,0,0.0
2026-08-24,62,SKU-10062,0,0.0
2026-08-25,62,SKU-10062,1,65.13
2026-08-26,62,SKU-10062,0,0.0
2026-05-29,63,SKU-10063,0,0.0
2026-05-30,63,SKU-10063,1,73.95
2026-05-31,63,SKU-10063,1,73.95
2026-06-01,63,SKU-10063,0,0.0
2026-06-02,63,SKU-10063,1,73.95
2026-06-03,63,SKU-10063,1,73.95
2026-06-04,63,SKU-10063,1,73.95
2026-06-05,63,SKU-10063,0,0.0
2026-06-06,63,SKU-10063,3,221.85
2026-06-07,63,SKU-10063,1,73.95
2026-06-08,63,SKU-10063,1,73.95
2026-06-09,63,SKU-10063,1,73.95
2026-06-10,63,SKU-10063,2,147.9
2026-06-11,63,SKU-10063,0,0.0
2026-06-12,63,SKU-10063,0,0.0
2026-06-13,63,SKU-10063,0,0.0
2026-06-14,63,SKU-10063,1,73.95
2026-06-15,63,SKU-10063,0,0.0
2026-06-16,63,SKU-10063,2,147.9
2026-06-17,63,SKU-10063,1,73.95
2026-06-18,63,SKU-10063,0,0.0
2026-06-19,63,SKU-10063,0,0.0
2026-06-20,63,SKU-10063,0,0.0
2026-06-21,63,SKU-10063,1,73.95
2026-06-22,63,SKU-10063,1,73.95
2026-06-23,63,SKU-10063,1,73.95
2026-06-24,63,SKU-10063,1,73.95
2026-06-25,63,SKU-10063,3,221.85
2026-06-26,63,SKU-10063,2,147.9
2026-06-27,63,SKU-10063,1,73.95
2026-06-28,63,SKU-10063,2,147.9
2026-06-29,63,SKU-10063,1,73.95
2026-06-30,63,SKU-10063,1,73.95
2026-07-01,63,SKU-10063,3,221.85
2026-07-02,63,SKU-10063,1,73.95
2026-07-03,63,SKU-10063,0,0.0
2026-07-04,63,SKU-10063,1,73.95
2026-07-05,63,SKU-10063,0,0.0
2026-07-06,63,SKU-10063,0,0.0
2026-07-07,63,SKU-10063,4,295.8
2026-07-08,63,SKU-10063,0,0.0
2026-07-09,63,SKU-10063,2,147.9
2026-07-10,63,SKU-10063,2,147.9
2026-07-11,63,SKU-10063,0,0.0
2026-07-12,63,SKU-10063,4,295.8
2026-07-13,63,SKU-10063,0,0.0
2026-07-14,63,SKU-10063,4,295.8
2026-07-15,63,SKU-10063,2,147.9
2026-07-16,63,SKU-10063,0,0.0
2026-07-17,63,SKU-10063,2,147.9
2026-07-18,63,SKU-10063,0,0.0
2026-07-19,63,SKU-10063,0,0.0
2026-07-20,63,SKU-10063,1,73.95
2026-07-21,63,SKU-10063,0,0.0
2026-07-22,63,SKU-10063,2,147.9
2026-07-23,63,SKU-10063,1,73.95
2026-07-24,63,SKU-10063,1,73.95
2026-07-25,63,SKU-10063,1,73.95
2026-07-26,63,SKU-10063,0,0.0
2026-07-27,63,SKU-10063,0,0.0
2026-07-28,63,SKU-10063,1,73.95
2026-07-29,63,SKU-10063,3,221.85
2026-07-30,63,SKU-10063,1,73.95
2026-07-31,63,SKU-10063,0,0.0
2026-08-01,63,SKU-10063,0,0.0
2026-08-02,63,SKU-10063,1,73.95
2026-08-03,63,SKU-10063,4,295.8
2026-08-04,63,SKU-10063,2,147.9
2026-08-05,63,SKU-10063,0,0.0
2026-08-06,63,SKU-10063,1,73.95
2026-08-07,63,SKU-10063,1,73.95
2026-08-08,63,SKU-10063,0,0.0
2026-08-09,63,SKU-10063,1,73.95
2026-08-10,63,SKU-10063,2,147.9
2026-08-11,63,SKU-10063,1,73.95
2026-08-12,63,SKU-10063,0,0.0
2026-08-13,63,SKU-10063,2,147.9
2026-08-14,63,SKU-10063,1,73.95
2026-08-15,63,SKU-10063,0,0.0
2026-08-16,63,SKU-10063,0,0.0
2026-08-17,63,SKU-10063,0,0.0
2026-08-18,63,SKU-10063,3,221.85
2026-08-19,63,SKU-10063,2,147.9
2026-08-20,63,SKU-10063,0,0.0
2026-08-21,63,SKU-10063,2,147.9
2026-08-22,63,SKU-10063,1,73.95
2026-08-23,63,SKU-10063,0,0.0
2026-08-24,63,SKU-10063,2,147.9
2026-08-25,63,SKU-10063,4,295.8
2026-08-26,63,SKU-10063,2,147.9
2026-05-29,64,SKU-10064,3,111.51
2026-05-30,64,SKU-10064,3,111.51
2026-05-31,64,SKU-10064,1,37.17
2026-06-01,64,SKU-10064,3,111.51
2026-06-02,64,SKU-10064,0,0.0
2026-06-03,64,SKU-10064,4,148.68
2026-06-04,64,SKU-10064,4,148.68
2026-06-05,64,SKU-10064,3,111.51
2026-06-06,64,SKU-10064,1,37.17
2026-06-07,64,SKU-10064,4,148.68
2026-06-08,64,SKU-10064,3,111.51
2026-06-09,64,SKU-10064,0,0.0
2026-06-10,64,SKU-10064,3,111.51
2026-06-11,64,SKU-10064,2,74.34
2026-06-12,64,SKU-10064,3,111.51
2026-06-13,64,SKU-10064,3,111.51
2026-06-14,64,SKU-10064,4,148.68
2026-06-15,64,SKU-10064,2,74.34
2026-06-16,64,SKU-10064,3,111.51
2026-06-17,64,SKU-10064,4,148.68
2026-06-18,64,SKU-10064,1,37.17
2026-06-19,64,SKU-10064,4,148.68
2026-06-20,64,SKU-10064,3,111.51
2026-06-21,64,SKU-10064,4,148.68
2026-06-22,64,SKU-10064,3,111.51
2026-06-23,64,SKU-10064,0,0.0
2026-06-24,64,SKU-10064,4,148.68
2026-06-25,64,SKU-10064,1,37.17
2026-06-26,64,SKU-10064,2,74.34
2026-06-27,64,SKU-10064,2,74.34
2026-06-28,64,SKU-10064,0,0.0
2026-06-29,64,SKU-10064,3,111.51
2026-06-30,64,SKU-10064,3,111.51
2026-07-01,64,SKU-10064,1,37.17
2026-07-02,64,SKU-10064,3,111.51
2026-07-03,64,SKU-10064,1,37.17
2026-07-04,64,SKU-10064,4,148.68
2026-07-05,64,SKU-10064,1,37.17
2026-07-06,64,SKU-10064,5,185.85
2026-07-07,64,SKU-10064,3,111.51
2026-07-08,64,SKU-10064,3,111.51
2026-07-09,64,SKU-10064,2,74.34
2026-07-10,64,SKU-10064,4,148.68
2026-07-11,64,SKU-10064,1,37.17
2026-07-12,64,SKU-10064,4,148.68
2026-07-13,64,SKU-10064,0,0.0
2026-07-14,64,SKU-10064,2,74.34
2026-07-15,64,SKU-10064,1,37.17
2026-07-16,64,SKU-10064,3,111.51
2026-07-17,64,SKU-10064,3,111.51
2026-07-18,64,SKU-10064,3,111.51
2026-07-19,64,SKU-10064,3,111.51
2026-07-20,64,SKU-10064,3,111.51
2026-07-21,64,SKU-10064,4,148.68
2026-07-22,64,SKU-10064,1,37.17
2026-07-23,64,SKU-10064,2,74.34
2026-07-24,64,SKU-10064,3,111.51
2026-07-25,64,SKU-10064,1,37.17
2026-07-26,64,SKU-10064,1,37.17
2026-07-27,64,SKU-10064,4,148.68
2026-07-28,64,SKU-10064,5,185.85
2026-07-29,64,SKU-10064,3,111.51
2026-07-30,64,SKU-10064,0,0.0
2026-07-31,64,SKU-10064,1,37.17
2026-08-01,64,SKU-10064,2,74.34
2026-08-02,64,SKU-10064,4,148.68
2026-08-03,64,SKU-10064,3,111.51
2026-08-04,64,SKU-10064,2,74.34
2026-08-05,64,SKU-10064,4,148.68
2026-08-06,64,SKU-10064,3,111.51
2026-08-07,64,SKU-10064,3,111.51
2026-08-08,64,SKU-10064,6,223.02
2026-08-09,64,SKU-10064,2,74.34
2026-08-10,64,SKU-10064,4,148.68
2026-08-11,64,SKU-10064,5,185.85
2026-08-12,64,SKU-10064,4,148.68
2026-08-13,64,SKU-10064,1,37.17
2026-08-14,64,SKU-10064,5,185.85
2026-08-15,64,SKU-10064,3,111.51
2026-08-16,64,SKU-10064,1,37.17
2026-08-17,64,SKU-10064,5,185.85
2026-08-18,64,SKU-10064,1,37.17
2026-08-19,64,SKU-10064,3,111.51
2026-08-20,64,SKU-10064,4,148.68
2026-08-21,64,SKU-10064,4,148.68
2026-08-22,64,SKU-10064,4,148.68
2026-08-23,64,SKU-10064,3,111.51
2026-08-24,64,SKU-10064,4,148.68
2026-08-25,64,SKU-10064,3,111.51
2026-08-26,64,SKU-10064,2,74.34
2026-05-29,65,SKU-10065,1,144.32
2026-05-30,65,SKU-10065,1,144.32
2026-05-31,65,SKU-10065,2,288.64
2026-06-01,65,SKU-10065,1,144.32
2026-06-02,65,SKU-10065,0,0.0
2026-06-03,65,SKU-10065,0,0.0
2026-06-04,65,SKU-10065,1,144.32
2026-06-05,65,SKU-10065,0,0.0
2026-06-06,65,SKU-10065,1,144.32
2026-06-07,65,SKU-10065,0,0.0
2026-06-08,65,SKU-10065,0,0.0
2026-06-09,65,SKU-10065,1,144.32
2026-06-10,65,SKU-10065,1,144.32
2026-06-11,65,SKU-10065,0,0.0
2026-06-12,65,SKU-10065,0,0.0
2026-06-13,65,SKU-10065,1,144.32
2026-06-14,65,SKU-10065,1,144.32
2026-06-15,65,SKU-10065,0,0.0
2026-06-16,65,SKU-10065,0,0.0
2026-06-17,65,SKU-10065,0,0.0
2026-06-18,65,SKU-10065,2,288.64
2026-06-19,65,SKU-10065,2,288.64
2026-06-20,65,SKU-10065,1,144.32
2026-06-21,65,SKU-10065,0,0.0
2026-06-22,65,SKU-10065,1,144.32
2026-06-23,65,SKU-10065,0,0.0
2026-06-24,65,SKU-10065,1,144.32
2026-06-25,65,SKU-10065,0,0.0
2026-06-26,65,SKU-10065,3,432.96
2026-06-27,65,SKU-10065,1,144.32
2026-06-28,65,SKU-10065,0,0.0
2026-06-29,65,SKU-10065,1,144.32
2026-06-30,65,SKU-10065,0,0.0
2026-07-01,65,SKU-10065,0,0.0
2026-07-02,65,SKU-10065,0,0.0
2026-07-03,65,SKU-10065,1,144.32
2026-07-04,65,SKU-10065,2,288.64
2026-07-05,65,SKU-10065,1,144.32
2026-07-06,65,SKU-10065,1,144.32
2026-07-07,65,SKU-10065,0,0.0
2026-07-08,65,SKU-10065,2,288.64
2026-07-09,65,SKU-10065,1,144.32
2026-07-10,65,SKU-10065,0,0.0
2026-07-11,65,SKU-10065,1,144.32
2026-07-12,65,SKU-10065,0,0.0
2026-07-13,65,SKU-10065,0,0.0
2026-07-14,65,SKU-10065,0,0.0
2026-07-15,65,SKU-10065,1,144.32
2026-07-16,65,SKU-10065,0,0.0
2026-07-17,65,SKU-10065,1,144.32
2026-07-18,65,SKU-10065,1,144.32
2026-07-19,65,SKU-10065,2,288.64
2026-07-20,65,SKU-10065,1,144.32
2026-07-21,65,SKU-10065,2,288.64
2026-07-22,65,SKU-10065,1,144.32
2026-07-23,65,SKU-10065,1,144.32
2026-07-24,65,SKU-10065,2,288.64
2026-07-25,65,SKU-10065,1,144.32
2026-07-26,65,SKU-10065,1,144.32
2026-07-27,65,SKU-10065,0,0.0
2026-07-28,65,SKU-10065,2,288.64
2026-07-29,65,SKU-10065,0,0.0
2026-07-30,65,SKU-10065,0,0.0
2026-07-31,65,SKU-10065,1,144.32
2026-08-01,65,SKU-10065,0,0.0
2026-08-02,65,SKU-10065,0,0.0
2026-08-03,65,SKU-10065,0,0.0
2026-08-04,65,SKU-10065,1,144.32
2026-08-05,65,SKU-10065,0,0.0
2026-08-06,65,SKU-10065,0,0.0
2026-08-07,65,SKU-10065,2,288.64
2026-08-08,65,SKU-10065,0,0.0
2026-08-09,65,SKU-10065,0,0.0
2026-08-10,65,SKU-10065,0,0.0
2026-08-11,65,SKU-10065,0,0.0
2026-08-12,65,SKU-10065,1,144.32
2026-08-13,65,SKU-10065,0,0.0
2026-08-14,65,SKU-10065,2,288.64
2026-08-15,65,SKU-10065,0,0.0
2026-08-16,65,SKU-10065,1,144.32
2026-08-17,65,SKU-10065,1,144.32
2026-08-18,65,SKU-10065,0,0.0
2026-08-19,65,SKU-10065,1,144.32
2026-08-20,65,SKU-10065,1,144.32
2026-08-21,65,SKU-10065,0,0.0
2026-08-22,65,SKU-10065,1,144.32
2026-08-23,65,SKU-10065,1,144.32
2026-08-24,65,SKU-10065,2,288.64
2026-08-25,65,SKU-10065,1,144.32
2026-08-26,65,SKU-10065,1,144.32
2026-05-29,66,SKU-10066,2,55.44
2026-05-30,66,SKU-10066,1,27.72
2026-05-31,66,SKU-10066,3,83.16
2026-06-01,66,SKU-10066,0,0.0
2026-06-02,66,SKU-10066,1,27.72
2026-06-03,66,SKU-10066,2,55.44
2026-06-04,66,SKU-10066,0,0.0
2026-06-05,66,SKU-10066,3,83.16
2026-06-06,66,SKU-10066,2,55.44
2026-06-07,66,SKU-10066,0,0.0
2026-06-08,66,SKU-10066,0,0.0
2026-06-09,66,SKU-10066,0,0.0
2026-06-10,66,SKU-10066,3,83.16
2026-06-11,66,SKU-10066,1,27.72
2026-06-12,66,SKU-10066,2,55.44
2026-06-13,66,SKU-10066,1,27.72
2026-06-14,66,SKU-10066,2,55.44
2026-06-15,66,SKU-10066,2,55.44
2026-06-16,66,SKU-10066,1,27.72
2026-06-17,66,SKU-10066,3,83.16
2026-06-18,66,SKU-10066,3,83.16
2026-06-19,66,SKU-10066,0,0.0
2026-06-20,66,SKU-10066,2,55.44
2026-06-21,66,SKU-10066,1,27.72
2026-06-22,66,SKU-10066,3,83.16
2026-06-23,66,SKU-10066,3,83.16
2026-06-24,66,SKU-10066,0,0.0
2026-06-25,66,SKU-10066,1,27.72
2026-06-26,66,SKU-10066,2,55.44
2026-06-27,66,SKU-10066,2,55.44
2026-06-28,66,SKU-10066,4,110.88
2026-06-29,66,SKU-10066,1,27.72
2026-06-30,66,SKU-10066,1,27.72
2026-07-01,66,SKU-10066,3,83.16
2026-07-02,66,SKU-10066,1,27.72
2026-07-03,66,SKU-10066,2,55.44
2026-07-04,66,SKU-10066,1,27.72
2026-07-05,66,SKU-10066,1,27.72
2026-07-06,66,SKU-10066,0,0.0
2026-07-07,66,SKU-10066,1,27.72
2026-07-08,66,SKU-10066,2,55.44
2026-07-09,66,SKU-10066,1,27.72
2026-07-10,66,SKU-10066,5,138.6
2026-07-11,66,SKU-10066,6,166.32
2026-07-12,66,SKU-10066,2,55.44
2026-07-13,66,SKU-10066,4,110.88
2026-07-14,66,SKU-10066,1,27.72
2026-07-15,66,SKU-10066,1,27.72
2026-07-16,66,SKU-10066,0,0.0
2026-07-17,66,SKU-10066,5,138.6
2026-07-18,66,SKU-10066,1,27.72
2026-07-19,66,SKU-10066,1,27.72
2026-07-20,66,SKU-10066,1,27.72
2026-07-21,66,SKU-10066,4,110.88
2026-07-22,66,SKU-10066,4,110.88
2026-07-23,66,SKU-10066,3,83.16
2026-07-24,66,SKU-10066,2,55.44
2026-07-25,66,SKU-10066,0,0.0
2026-07-26,66,SKU-10066,3,83.16
2026-07-27,66,SKU-10066,0,0.0
2026-07-28,66,SKU-10066,2,55.44
2026-07-29,66,SKU-10066,0,0.0
2026-07-30,66,SKU-10066,3,83.16
2026-07-31,66,SKU-10066,1,27.72
2026-08-01,66,SKU-10066,2,55.44
2026-08-02,66,SKU-10066,2,55.44
2026-08-03,66,SKU-10066,0,0.0
2026-08-04,66,SKU-10066,3,83.16
2026-08-05,66,SKU-10066,3,83.16
2026-08-06,66,SKU-10066,0,0.0
2026-08-07,66,SKU-10066,1,27.72
2026-08-08,66,SKU-10066,0,0.0
2026-08-09,66,SKU-10066,1,27.72
2026-08-10,66,SKU-10066,0,0.0
2026-08-11,66,SKU-10066,2,55.44
2026-08-12,66,SKU-10066,3,83.16
2026-08-13,66,SKU-10066,2,55.44
2026-08-14,66,SKU-10066,3,83.16
2026-08-15,66,SKU-10066,3,83.16
2026-08-16,66,SKU-10066,0,0.0
2026-08-17,66,SKU-10066,0,0.0
2026-08-18,66,SKU-10066,2,55.44
2026-08-19,66,SKU-10066,2,55.44
2026-08-20,66,SKU-10066,1,27.72
2026-08-21,66,SKU-10066,1,27.72
2026-08-22,66,SKU-10066,4,110.88
2026-08-23,66,SKU-10066,2,55.44
2026-08-24,66,SKU-10066,4,110.88
2026-08-25,66,SKU-10066,1,27.72
2026-08-26,66,SKU-10066,1,27.72
2026-05-29,67,SKU-10067,5,147.75
2026-05-30,67,SKU-10067,3,88.65
2026-05-31,67,SKU-10067,4,118.2
2026-06-01,67,SKU-10067,1,29.55
2026-06-02,67,SKU-10067,8,236.4
2026-06-03,67,SKU-10067,2,59.1
2026-06-04,67,SKU-10067,5,147.75
2026-06-05,67,SKU-10067,5,147.75
2026-06-06,67,SKU-10067,5,147.75
2026-06-07,67,SKU-10067,4,118.2
2026-06-08,67,SKU-10067,3,88.65
2026-06-09,67,SKU-10067,4,118.2
2026-06-10,67,SKU-10067,8,236.4
2026-06-11,67,SKU-10067,2,59.1
2026-06-12,67,SKU-10067,2,59.1
2026-06-13,67,SKU-10067,7,206.85
2026-06-14,67,SKU-10067,8,236.4
2026-06-15,67,SKU-10067,8,236.4
2026-06-16,67,SKU-10067,3,88.65
2026-06-17,67,SKU-10067,9,265.95
2026-06-18,67,SKU-10067,4,118.2
2026-06-19,67,SKU-10067,4,118.2
2026-06-20,67,SKU-10067,4,118.2
2026-06-21,67,SKU-10067,4,118.2
2026-06-22,67,SKU-10067,5,147.75
2026-06-23,67,SKU-10067,8,236.4
2026-06-24,67,SKU-10067,4,118.2
2026-06-25,67,SKU-10067,4,118.2
2026-06-26,67,SKU-10067,7,206.85
2026-06-27,67,SKU-10067,8,236.4
2026-06-28,67,SKU-10067,7,206.85
2026-06-29,67,SKU-10067,3,88.65
2026-06-30,67,SKU-10067,2,59.1
2026-07-01,67,SKU-10067,6,177.3
2026-07-02,67,SKU-10067,8,236.4
2026-07-03,67,SKU-10067,5,147.75
2026-07-04,67,SKU-10067,8,236.4
2026-07-05,67,SKU-10067,1,29.55
2026-07-06,67,SKU-10067,10,295.5
2026-07-07,67,SKU-10067,8,236.4
2026-07-08,67,SKU-10067,3,88.65
2026-07-09,67,SKU-10067,7,206.85
2026-07-10,67,SKU-10067,3,88.65
2026-07-11,67,SKU-10067,3,88.65
2026-07-12,67,SKU-10067,2,59.1
2026-07-13,67,SKU-10067,4,118.2
2026-07-14,67,SKU-10067,5,147.75
2026-07-15,67,SKU-10067,7,206.85
2026-07-16,67,SKU-10067,3,88.65
2026-07-17,67,SKU-10067,5,147.75
2026-07-18,67,SKU-10067,3,88.65
2026-07-19,67,SKU-10067,4,118.2
2026-07-20,67,SKU-10067,3,88.65
2026-07-21,67,SKU-10067,9,265.95
2026-07-22,67,SKU-10067,8,236.4
2026-07-23,67,SKU-10067,7,206.85
2026-07-24,67,SKU-10067,7,206.85
2026-07-25,67,SKU-10067,7,206.85
2026-07-26,67,SKU-10067,2,59.1
2026-07-27,67,SKU-10067,5,147.75
2026-07-28,67,SKU-10067,5,147.75
2026-07-29,67,SKU-10067,4,118.2
2026-07-30,67,SKU-10067,3,88.65
2026-07-31,67,SKU-10067,6,177.3
2026-08-01,67,SKU-10067,3,88.65
2026-08-02,67,SKU-10067,1,29.55
2026-08-03,67,SKU-10067,6,177.3
2026-08-04,67,SKU-10067,5,147.75
2026-08-05,67,SKU-10067,6,177.3
2026-08-06,67,SKU-10067,7,206.85
2026-08-07,67,SKU-10067,4,118.2
2026-08-08,67,SKU-10067,11,325.05
2026-08-09,67,SKU-10067,4,118.2
2026-08-10,67,SKU-10067,4,118.2
2026-08-11,67,SKU-10067,3,88.65
2026-08-12,67,SKU-10067,4,118.2
2026-08-13,67,SKU-10067,5,147.75
2026-08-14,67,SKU-10067,8,236.4
2026-08-15,67,SKU-10067,7,206.85
2026-08-16,67,SKU-10067,4,118.2
2026-08-17,67,SKU-10067,8,236.4
2026-08-18,67,SKU-10067,2,59.1
2026-08-19,67,SKU-10067,4,118.2
2026-08-20,67,SKU-10067,6,177.3
2026-08-21,67,SKU-10067,6,177.3
2026-08-22,67,SKU-10067,8,236.4
2026-08-23,67,SKU-10067,6,177.3
2026-08-24,67,SKU-10067,6,177.3
2026-08-25,67,SKU-10067,3,88.65
2026-08-26,67,SKU-10067,8,236.4
2026-05-29,68,SKU-10068,1,108.55
2026-05-30,68,SKU-10068,1,108.55
2026-05-31,68,SKU-10068,1,108.55
2026-06-01,68,SKU-10068,0,0.0
2026-06-02,68,SKU-10068,2,217.1
2026-06-03,68,SKU-10068,0,0.0
2026-06-04,68,SKU-10068,1,108.55
2026-06-05,68,SKU-10068,1,108.55
2026-06-06,68,SKU-10068,0,0.0
2026-06-07,68,SKU-10068,1,108.55
2026-06-08,68,SKU-10068,0,0.0
2026-06-09,68,SKU-10068,1,108.55
2026-06-10,68,SKU-10068,1,108.55
2026-06-11,68,SKU-10068,0,0.0
2026-06-12,68,SKU-10068,1,108.55
2026-06-13,68,SKU-10068,1,108.55
2026-06-14,68,SKU-10068,0,0.0
2026-06-15,68,SKU-10068,0,0.0
2026-06-16,68,SKU-10068,0,0.0
2026-06-17,68,SKU-10068,3,325.65
2026-06-18,68,SKU-10068,3,325.65
2026-06-19,68,SKU-10068,0,0.0
2026-06-20,68,SKU-10068,0,0.0
2026-06-21,68,SKU-10068,0,0.0
2026-06-22,68,SKU-10068,1,108.55
2026-06-23,68,SKU-10068,0,0.0
2026-06-24,68,SKU-10068,0,0.0
2026-06-25,68,SKU-10068,0,0.0
2026-06-26,68,SKU-10068,0,0.0
2026-06-27,68,SKU-10068,2,217.1
2026-06-28,68,SKU-10068,1,108.55
2026-06-29,68,SKU-10068,0,0.0
2026-06-30,68,SKU-10068,0,0.0
2026-07-01,68,SKU-10068,0,0.0
2026-07-02,68,SKU-10068,0,0.0
2026-07-03,68,SKU-10068,1,108.55
2026-07-04,68,SKU-10068,1,108.55
2026-07-05,68,SKU-10068,0,0.0
2026-07-06,68,SKU-10068,2,217.1
2026-07-07,68,SKU-10068,0,0.0
2026-07-08,68,SKU-10068,0,0.0
2026-07-09,68,SKU-10068,2,217.1
2026-07-10,68,SKU-10068,0,0.0
2026-07-11,68,SKU-10068,2,217.1
2026-07-12,68,SKU-10068,2,217.1
2026-07-13,68,SKU-10068,0,0.0
2026-07-14,68,SKU-10068,1,108.55
2026-07-15,68,SKU-10068,2,217.1
2026-07-16,68,SKU-10068,1,108.55
2026-07-17,68,SKU-10068,2,217.1
2026-07-18,68,SKU-10068,0,0.0
2026-07-19,68,SKU-10068,0,0.0
2026-07-20,68,SKU-10068,3,325.65
2026-07-21,68,SKU-10068,0,0.0
2026-07-22,68,SKU-10068,0,0.0
2026-07-23,68,SKU-10068,1,108.55
2026-07-24,68,SKU-10068,0,0.0
2026-07-25,68,SKU-10068,1,108.55
2026-07-26,68,SKU-10068,1,108.55
2026-07-27,68,SKU-10068,1,108.55
2026-07-28,68,SKU-10068,0,0.0
2026-07-29,68,SKU-10068,1,108.55
2026-07-30,68,SKU-10068,1,108.55
2026-07-31,68,SKU-10068,1,108.55
2026-08-01,68,SKU-10068,1,108.55
2026-08-02,68,SKU-10068,0,0.0
2026-08-03,68,SKU-10068,0,0.0
2026-08-04,68,SKU-10068,1,108.55
2026-08-05,68,SKU-10068,0,0.0
2026-08-06,68,SKU-10068,2,217.1
2026-08-07,68,SKU-10068,0,0.0
2026-08-08,68,SKU-10068,1,108.55
2026-08-09,68,SKU-10068,0,0.0
2026-08-10,68,SKU-10068,2,217.1
2026-08-11,68,SKU-10068,0,0.0
2026-08-12,68,SKU-10068,1,108.55
2026-08-13,68,SKU-10068,0,0.0
2026-08-14,68,SKU-10068,0,0.0
2026-08-15,68,SKU-10068,0,0.0
2026-08-16,68,SKU-10068,0,0.0
2026-08-17,68,SKU-10068,1,108.55
2026-08-18,68,SKU-10068,0,0.0
2026-08-19,68,SKU-10068,0,0.0
2026-08-20,68,SKU-10068,1,108.55
2026-08-21,68,SKU-10068,0,0.0
2026-08-22,68,SKU-10068,0,0.0
2026-08-23,68,SKU-10068,1,108.55
2026-08-24,68,SKU-10068,1,108.55
2026-08-25,68,SKU-10068,1,108.55
2026-08-26,68,SKU-10068,0,0.0
2026-05-29,69,SKU-10069,0,0.0
2026-05-30,69,SKU-10069,1,70.55
2026-05-31,69,SKU-10069,1,70.55
2026-06-01,69,SKU-10069,2,141.1
2026-06-02,69,SKU-10069,1,70.55
2026-06-03,69,SKU-10069,2,141.1
2026-06-04,69,SKU-10069,1,70.55
2026-06-05,69,SKU-10069,0,0.0
2026-06-06,69,SKU-10069,1,70.55
2026-06-07,69,SKU-10069,3,211.65
2026-06-08,69,SKU-10069,1,70.55
2026-06-09,69,SKU-10069,0,0.0
2026-06-10,69,SKU-10069,0,0.0
2026-06-11,69,SKU-10069,1,70.55
2026-06-12,69,SKU-10069,0,0.0
2026-06-13,69,SKU-10069,2,141.1
2026-06-14,69,SKU-10069,3,211.65
2026-06-15,69,SKU-10069,0,0.0
2026-06-16,69,SKU-10069,0,0.0
2026-06-17,69,SKU-10069,0,0.0
2026-06-18,69,SKU-10069,0,0.0
2026-06-19,69,SKU-10069,1,70.55
2026-06-20,69,SKU-10069,0,0.0
2026-06-21,69,SKU-10069,1,70.55
2026-06-22,69,SKU-10069,0,0.0
2026-06-23,69,SKU-10069,0,0.0
2026-06-24,69,SKU-10069,0,0.0
2026-06-25,69,SKU-10069,1,70.55
2026-06-26,69,SKU-10069,1,70.55
2026-06-27,69,SKU-10069,0,0.0
2026-06-28,69,SKU-10069,0,0.0
2026-06-29,69,SKU-10069,1,70.55
2026-06-30,69,SKU-10069,1,70.55
2026-07-01,69,SKU-10069,1,70.55
2026-07-02,69,SKU-10069,1,70.55
2026-07-03,69,SKU-10069,0,0.0
2026-07-04,69,SKU-10069,0,0.0
2026-07-05,69,SKU-10069,2,141.1
2026-07-06,69,SKU-10069,0,0.0
2026-07-07,69,SKU-10069,2,141.1
2026-07-08,69,SKU-10069,0,0.0
2026-07-09,69,SKU-10069,1,70.55
2026-07-10,69,SKU-10069,1,70.55
2026-07-11,69,SKU-10069,1,70.55
2026-07-12,69,SKU-10069,1,70.55
2026-07-13,69,SKU-10069,0,0.0
2026-07-14,69,SKU-10069,0,0.0
2026-07-15,69,SKU-10069,0,0.0
2026-07-16,69,SKU-10069,0,0.0
2026-07-17,69,SKU-10069,0,0.0
2026-07-18,69,SKU-10069,3,211.65
2026-07-19,69,SKU-10069,0,0.0
2026-07-20,69,SKU-10069,1,70.55
2026-07-21,69,SKU-10069,0,0.0
2026-07-22,69,SKU-10069,1,70.55
2026-07-23,69,SKU-10069,1,70.55
2026-07-24,69,SKU-10069,1,70.55
2026-07-25,69,SKU-10069,1,70.55
2026-07-26,69,SKU-10069,1,70.55
2026-07-27,69,SKU-10069,1,70.55
2026-07-28,69,SKU-10069,0,0.0
2026-07-29,69,SKU-10069,0,0.0
2026-07-30,69,SKU-10069,0,0.0
2026-07-31,69,SKU-10069,0,0.0
2026-08-01,69,SKU-10069,0,0.0
2026-08-02,69,SKU-10069,0,0.0
2026-08-03,69,SKU-10069,0,0.0
2026-08-04,69,SKU-10069,1,70.55
2026-08-05,69,SKU-10069,2,141.1
2026-08-06,69,SKU-10069,1,70.55
2026-08-07,69,SKU-10069,1,70.55
2026-08-08,69,SKU-10069,1,70.55
2026-08-09,69,SKU-10069,1,70.55
2026-08-10,69,SKU-10069,1,70.55
2026-08-11,69,SKU-10069,0,0.0
2026-08-12,69,SKU-10069,1,70.55
2026-08-13,69,SKU-10069,0,0.0
2026-08-14,69,SKU-10069,1,70.55
2026-08-15,69,SKU-10069,0,0.0
2026-08-16,69,SKU-10069,0,0.0
2026-08-17,69,SKU-10069,0,0.0
2026-08-18,69,SKU-10069,1,70.55
2026-08-19,69,SKU-10069,0,0.0
2026-08-20,69,SKU-10069,1,70.55
2026-08-21,69,SKU-10069,1,70.55
2026-08-22,69,SKU-10069,1,70.55
2026-08-23,69,SKU-10069,1,70.55
2026-08-24,69,SKU-10069,1,70.55
2026-08-25,69,SKU-10069,2,141.1
2026-08-26,69,SKU-10069,1,70.55
2026-05-29,70,SKU-10070,2,285.4
2026-05-30,70,SKU-10070,1,142.7
2026-05-31,70,SKU-10070,1,142.7
2026-06-01,70,SKU-10070,1,142.7
2026-06-02,70,SKU-10070,1,142.7
2026-06-03,70,SKU-10070,0,0.0
2026-06-04,70,SKU-10070,2,285.4
2026-06-05,70,SKU-10070,1,142.7
2026-06-06,70,SKU-10070,0,0.0
2026-06-07,70,SKU-10070,1,142.7
2026-06-08,70,SKU-10070,0,0.0
2026-06-09,70,SKU-10070,0,0.0
2026-06-10,70,SKU-10070,2,285.4
2026-06-11,70,SKU-10070,1,142.7
2026-06-12,70,SKU-10070,0,0.0
2026-06-13,70,SKU-10070,1,142.7
2026-06-14,70,SKU-10070,1,142.7
2026-06-15,70,SKU-10070,1,142.7
2026-06-16,70,SKU-10070,0,0.0
2026-06-17,70,SKU-10070,0,0.0
2026-06-18,70,SKU-10070,1,142.7
2026-06-19,70,SKU-10070,0,0.0
2026-06-20,70,SKU-10070,0,0.0
2026-06-21,70,SKU-10070,0,0.0
2026-06-22,70,SKU-10070,0,0.0
2026-06-23,70,SKU-10070,2,285.4
2026-06-24,70,SKU-10070,0,0.0
2026-06-25,70,SKU-10070,0,0.0
2026-06-26,70,SKU-10070,3,428.1
2026-06-27,70,SKU-10070,1,142.7
2026-06-28,70,SKU-10070,1,142.7
2026-06-29,70,SKU-10070,1,142.7
2026-06-30,70,SKU-10070,2,285.4
2026-07-01,70,SKU-10070,0,0.0
2026-07-02,70,SKU-10070,0,0.0
2026-07-03,70,SKU-10070,1,142.7
2026-07-04,70,SKU-10070,0,0.0
2026-07-05,70,SKU-10070,1,142.7
2026-07-06,70,SKU-10070,1,142.7
2026-07-07,70,SKU-10070,1,142.7
2026-07-08,70,SKU-10070,0,0.0
2026-07-09,70,SKU-10070,0,0.0
2026-07-10,70,SKU-10070,1,142.7
2026-07-11,70,SKU-10070,0,0.0
2026-07-12,70,SKU-10070,0,0.0
2026-07-13,70,SKU-10070,1,142.7
2026-07-14,70,SKU-10070,0,0.0
2026-07-15,70,SKU-10070,0,0.0
2026-07-16,70,SKU-10070,1,142.7
2026-07-17,70,SKU-10070,1,142.7
2026-07-18,70,SKU-10070,0,0.0
2026-07-19,70,SKU-10070,1,142.7
2026-07-20,70,SKU-10070,0,0.0
2026-07-21,70,SKU-10070,1,142.7
2026-07-22,70,SKU-10070,0,0.0
2026-07-23,70,SKU-10070,1,142.7
2026-07-24,70,SKU-10070,0,0.0
2026-07-25,70,SKU-10070,0,0.0
2026-07-26,70,SKU-10070,0,0.0
2026-07-27,70,SKU-10070,1,142.7
2026-07-28,70,SKU-10070,0,0.0
2026-07-29,70,SKU-10070,1,142.7
2026-07-30,70,SKU-10070,1,142.7
2026-07-31,70,SKU-10070,2,285.4
2026-08-01,70,SKU-10070,1,142.7
2026-08-02,70,SKU-10070,0,0.0
2026-08-03,70,SKU-10070,2,285.4
2026-08-04,70,SKU-10070,0,0.0
2026-08-05,70,SKU-10070,1,142.7
2026-08-06,70,SKU-10070,0,0.0
2026-08-07,70,SKU-10070,0,0.0
2026-08-08,70,SKU-10070,1,142.7
2026-08-09,70,SKU-10070,2,285.4
2026-08-10,70,SKU-10070,0,0.0
2026-08-11,70,SKU-10070,2,285.4
2026-08-12,70,SKU-10070,0,0.0
2026-08-13,70,SKU-10070,1,142.7
2026-08-14,70,SKU-10070,3,428.1
2026-08-15,70,SKU-10070,0,0.0
2026-08-16,70,SKU-10070,1,142.7
2026-08-17,70,SKU-10070,1,142.7
2026-08-18,70,SKU-10070,1,142.7
2026-08-19,70,SKU-10070,0,0.0
2026-08-20,70,SKU-10070,2,285.4
2026-08-21,70,SKU-10070,0,0.0
2026-08-22,70,SKU-10070,0,0.0
2026-08-23,70,SKU-10070,2,285.4
2026-08-24,70,SKU-10070,1,142.7
2026-08-25,70,SKU-10070,0,0.0
2026-08-26,70,SKU-10070,2,285.4
2026-05-29,71,SKU-10071,0,0.0
2026-05-30,71,SKU-10071,2,191.7
2026-05-31,71,SKU-10071,1,95.85
2026-06-01,71,SKU-10071,2,191.7
2026-06-02,71,SKU-10071,2,191.7
2026-06-03,71,SKU-10071,0,0.0
2026-06-04,71,SKU-10071,1,95.85
2026-06-05,71,SKU-10071,0,0.0
2026-06-06,71,SKU-10071,0,0.0
2026-06-07,71,SKU-10071,2,191.7
2026-06-08,71,SKU-10071,2,191.7
2026-06-09,71,SKU-10071,1,95.85
2026-06-10,71,SKU-10071,2,191.7
2026-06-11,71,SKU-10071,1,95.85
2026-06-12,71,SKU-10071,0,0.0
2026-06-13,71,SKU-10071,2,191.7
2026-06-14,71,SKU-10071,0,0.0
2026-06-15,71,SKU-10071,0,0.0
2026-06-16,71,SKU-10071,1,95.85
2026-06-17,71,SKU-10071,0,0.0
2026-06-18,71,SKU-10071,0,0.0
2026-06-19,71,SKU-10071,0,0.0
2026-06-20,71,SKU-10071,2,191.7
2026-06-21,71,SKU-10071,1,95.85
2026-06-22,71,SKU-10071,0,0.0
2026-06-23,71,SKU-10071,1,95.85
2026-06-24,71,SKU-10071,0,0.0
2026-06-25,71,SKU-10071,1,95.85
2026-06-26,71,SKU-10071,0,0.0
2026-06-27,71,SKU-10071,0,0.0
2026-06-28,71,SKU-10071,1,95.85
2026-06-29,71,SKU-10071,1,95.85
2026-06-30,71,SKU-10071,0,0.0
2026-07-01,71,SKU-10071,2,191.7
2026-07-02,71,SKU-10071,0,0.0
2026-07-03,71,SKU-10071,0,0.0
2026-07-04,71,SKU-10071,0,0.0
2026-07-05,71,SKU-10071,0,0.0
2026-07-06,71,SKU-10071,0,0.0
2026-07-07,71,SKU-10071,1,95.85
2026-07-08,71,SKU-10071,1,95.85
2026-07-09,71,SKU-10071,0,0.0
2026-07-10,71,SKU-10071,0,0.0
2026-07-11,71,SKU-10071,3,287.55
2026-07-12,71,SKU-10071,0,0.0
2026-07-13,71,SKU-10071,0,0.0
2026-07-14,71,SKU-10071,1,95.85
2026-07-15,71,SKU-10071,1,95.85
2026-07-16,71,SKU-10071,1,95.85
2026-07-17,71,SKU-10071,0,0.0
2026-07-18,71,SKU-10071,1,95.85
2026-07-19,71,SKU-10071,0,0.0
2026-07-20,71,SKU-10071,2,191.7
2026-07-21,71,SKU-10071,2,191.7
2026-07-22,71,SKU-10071,2,191.7
2026-07-23,71,SKU-10071,2,191.7
2026-07-24,71,SKU-10071,1,95.85
2026-07-25,71,SKU-10071,0,0.0
2026-07-26,71,SKU-10071,0,0.0
2026-07-27,71,SKU-10071,1,95.85
2026-07-28,71,SKU-10071,2,191.7
2026-07-29,71,SKU-10071,0,0.0
2026-07-30,71,SKU-10071,0,0.0
2026-07-31,71,SKU-10071,3,287.55
2026-08-01,71,SKU-10071,0,0.0
2026-08-02,71,SKU-10071,1,95.85
2026-08-03,71,SKU-10071,1,95.85
2026-08-04,71,SKU-10071,0,0.0
2026-08-05,71,SKU-10071,0,0.0
2026-08-06,71,SKU-10071,2,191.7
2026-08-07,71,SKU-10071,1,95.85
2026-08-08,71,SKU-10071,1,95.85
2026-08-09,71,SKU-10071,0,0.0
2026-08-10,71,SKU-10071,1,95.85
2026-08-11,71,SKU-10071,0,0.0
2026-08-12,71,SKU-10071,0,0.0
2026-08-13,71,SKU-10071,1,95.85
2026-08-14,71,SKU-10071,1,95.85
2026-08-15,71,SKU-10071,1,95.85
2026-08-16,71,SKU-10071,1,95.85
2026-08-17,71,SKU-10071,2,191.7
2026-08-18,71,SKU-10071,0,0.0
2026-08-19,71,SKU-10071,0,0.0
2026-08-20,71,SKU-10071,0,0.0
2026-08-21,71,SKU-10071,1,95.85
2026-08-22,71,SKU-10071,1,95.85
2026-08-23,71,SKU-10071,1,95.85
2026-08-24,71,SKU-10071,0,0.0
2026-08-25,71,SKU-10071,2,191.7
2026-08-26,71,SKU-10071,1,95.85
2026-05-29,72,SKU-10072,0,0.0
2026-05-30,72,SKU-10072,0,0.0
2026-05-31,72,SKU-10072,0,0.0
2026-06-01,72,SKU-10072,2,145.22
2026-06-02,72,SKU-10072,0,0.0
2026-06-03,72,SKU-10072,0,0.0
2026-06-04,72,SKU-10072,0,0.0
2026-06-05,72,SKU-10072,0,0.0
2026-06-06,72,SKU-10072,3,217.83
2026-06-07,72,SKU-10072,0,0.0
2026-06-08,72,SKU-10072,0,0.0
2026-06-09,72,SKU-10072,0,0.0
2026-06-10,72,SKU-10072,1,72.61
2026-06-11,72,SKU-10072,1,72.61
2026-06-12,72,SKU-10072,0,0.0
2026-06-13,72,SKU-10072,2,145.22
2026-06-14,72,SKU-10072,0,0.0
2026-06-15,72,SKU-10072,0,0.0
2026-06-16,72,SKU-10072,0,0.0
2026-06-17,72,SKU-10072,1,72.61
2026-06-18,72,SKU-10072,0,0.0
2026-06-19,72,SKU-10072,1,72.61
2026-06-20,72,SKU-10072,2,145.22
2026-06-21,72,SKU-10072,1,72.61
2026-06-22,72,SKU-10072,1,72.61
2026-06-23,72,SKU-10072,1,72.61
2026-06-24,72,SKU-10072,0,0.0
2026-06-25,72,SKU-10072,2,145.22
2026-06-26,72,SKU-10072,1,72.61
2026-06-27,72,SKU-10072,1,72.61
2026-06-28,72,SKU-10072,1,72.61
2026-06-29,72,SKU-10072,1,72.61
2026-06-30,72,SKU-10072,0,0.0
2026-07-01,72,SKU-10072,0,0.0
2026-07-02,72,SKU-10072,0,0.0
2026-07-03,72,SKU-10072,0,0.0
2026-07-04,72,SKU-10072,1,72.61
2026-07-05,72,SKU-10072,1,72.61
2026-07-06,72,SKU-10072,0,0.0
2026-07-07,72,SKU-10072,2,145.22
2026-07-08,72,SKU-10072,1,72.61
2026-07-09,72,SKU-10072,1,72.61
2026-07-10,72,SKU-10072,0,0.0
2026-07-11,72,SKU-10072,1,72.61
2026-07-12,72,SKU-10072,1,72.61
2026-07-13,72,SKU-10072,0,0.0
2026-07-14,72,SKU-10072,0,0.0
2026-07-15,72,SKU-10072,1,72.61
2026-07-16,72,SKU-10072,0,0.0
2026-07-17,72,SKU-10072,0,0.0
2026-07-18,72,SKU-10072,0,0.0
2026-07-19,72,SKU-10072,0,0.0
2026-07-20,72,SKU-10072,1,72.61
2026-07-21,72,SKU-10072,0,0.0
2026-07-22,72,SKU-10072,0,0.0
2026-07-23,72,SKU-10072,0,0.0
2026-07-24,72,SKU-10072,0,0.0
2026-07-25,72,SKU-10072,1,72.61
2026-07-26,72,SKU-10072,1,72.61
2026-07-27,72,SKU-10072,0,0.0
2026-07-28,72,SKU-10072,0,0.0
2026-07-29,72,SKU-10072,1,72.61
2026-07-30,72,SKU-10072,0,0.0
2026-07-31,72,SKU-10072,0,0.0
2026-08-01,72,SKU-10072,0,0.0
2026-08-02,72,SKU-10072,0,0.0
2026-08-03,72,SKU-10072,1,72.61
2026-08-04,72,SKU-10072,1,72.61
2026-08-05,72,SKU-10072,0,0.0
2026-08-06,72,SKU-10072,1,72.61
2026-08-07,72,SKU-10072,0,0.0
2026-08-08,72,SKU-10072,0,0.0
2026-08-09,72,SKU-10072,1,72.61
2026-08-10,72,SKU-10072,2,145.22
2026-08-11,72,SKU-10072,2,145.22
2026-08-12,72,SKU-10072,0,0.0
2026-08-13,72,SKU-10072,0,0.0
2026-08-14,72,SKU-10072,1,72.61
2026-08-15,72,SKU-10072,1,72.61
2026-08-16,72,SKU-10072,1,72.61
2026-08-17,72,SKU-10072,0,0.0
2026-08-18,72,SKU-10072,1,72.61
2026-08-19,72,SKU-10072,1,72.61
2026-08-20,72,SKU-10072,0,0.0
2026-08-21,72,SKU-10072,0,0.0
2026-08-22,72,SKU-10072,1,72.61
2026-08-23,72,SKU-10072,0,0.0
2026-08-24,72,SKU-10072,1,72.61
2026-08-25,72,SKU-10072,0,0.0
2026-08-26,72,SKU-10072,1,72.61
2026-05-29,73,SKU-10073,6,234.9
2026-05-30,73,SKU-10073,2,78.3
2026-05-31,73,SKU-10073,0,0.0
2026-06-01,73,SKU-10073,1,39.15
2026-06-02,73,SKU-10073,4,156.6
2026-06-03,73,SKU-10073,2,78.3
2026-06-04,73,SKU-10073,1,39.15
2026-06-05,73,SKU-10073,2,78.3
2026-06-06,73,SKU-10073,2,78.3
2026-06-07,73,SKU-10073,1,39.15
2026-06-08,73,SKU-10073,2,78.3
2026-06-09,73,SKU-10073,0,0.0
2026-06-10,73,SKU-10073,3,117.45
2026-06-11,73,SKU-10073,1,39.15
2026-06-12,73,SKU-10073,1,39.15
2026-06-13,73,SKU-10073,0,0.0
2026-06-14,73,SKU-10073,0,0.0
2026-06-15,73,SKU-10073,1,39.15
2026-06-16,73,SKU-10073,0,0.0
2026-06-17,73,SKU-10073,1,39.15
2026-06-18,73,SKU-10073,3,117.45
2026-06-19,73,SKU-10073,3,117.45
2026-06-20,73,SKU-10073,1,39.15
2026-06-21,73,SKU-10073,2,78.3
2026-06-22,73,SKU-10073,2,78.3
2026-06-23,73,SKU-10073,1,39.15
2026-06-24,73,SKU-10073,1,39.15
2026-06-25,73,SKU-10073,2,78.3
2026-06-26,73,SKU-10073,3,117.45
2026-06-27,73,SKU-10073,0,0.0
2026-06-28,73,SKU-10073,0,0.0
2026-06-29,73,SKU-10073,2,78.3
2026-06-30,73,SKU-10073,1,39.15
2026-07-01,73,SKU-10073,2,78.3
2026-07-02,73,SKU-10073,0,0.0
2026-07-03,73,SKU-10073,0,0.0
2026-07-04,73,SKU-10073,2,78.3
2026-07-05,73,SKU-10073,1,39.15
2026-07-06,73,SKU-10073,2,78.3
2026-07-07,73,SKU-10073,3,117.45
2026-07-08,73,SKU-10073,0,0.0
2026-07-09,73,SKU-10073,1,39.15
2026-07-10,73,SKU-10073,2,78.3
2026-07-11,73,SKU-10073,3,117.45
2026-07-12,73,SKU-10073,1,39.15
2026-07-13,73,SKU-10073,0,0.0
2026-07-14,73,SKU-10073,1,39.15
2026-07-15,73,SKU-10073,1,39.15
2026-07-16,73,SKU-10073,0,0.0
2026-07-17,73,SKU-10073,2,78.3
2026-07-18,73,SKU-10073,1,39.15
2026-07-19,73,SKU-10073,0,0.0
2026-07-20,73,SKU-10073,2,78.3
2026-07-21,73,SKU-10073,2,78.3
2026-07-22,73,SKU-10073,1,39.15
2026-07-23,73,SKU-10073,2,78.3
2026-07-24,73,SKU-10073,0,0.0
2026-07-25,73,SKU-10073,2,78.3
2026-07-26,73,SKU-10073,1,39.15
2026-07-27,73,SKU-10073,1,39.15
2026-07-28,73,SKU-10073,2,78.3
2026-07-29,73,SKU-10073,0,0.0
2026-07-30,73,SKU-10073,1,39.15
2026-07-31,73,SKU-10073,0,0.0
2026-08-01,73,SKU-10073,2,78.3
2026-08-02,73,SKU-10073,3,117.45
2026-08-03,73,SKU-10073,2,78.3
2026-08-04,73,SKU-10073,0,0.0
2026-08-05,73,SKU-10073,1,39.15
2026-08-06,73,SKU-10073,0,0.0
2026-08-07,73,SKU-10073,0,0.0
2026-08-08,73,SKU-10073,0,0.0
2026-08-09,73,SKU-10073,0,0.0
2026-08-10,73,SKU-10073,3,117.45
2026-08-11,73,SKU-10073,1,39.15
2026-08-12,73,SKU-10073,3,117.45
2026-08-13,73,SKU-10073,1,39.15
2026-08-14,73,SKU-10073,1,39.15
2026-08-15,73,SKU-10073,2,78.3
2026-08-16,73,SKU-10073,4,156.6
2026-08-17,73,SKU-10073,0,0.0
2026-08-18,73,SKU-10073,1,39.15
2026-08-19,73,SKU-10073,3,117.45
2026-08-20,73,SKU-10073,2,78.3
2026-08-21,73,SKU-10073,0,0.0
2026-08-22,73,SKU-10073,1,39.15
2026-08-23,73,SKU-10073,2,78.3
2026-08-24,73,SKU-10073,0,0.0
2026-08-25,73,SKU-10073,0,0.0
2026-08-26,73,SKU-10073,0,0.0
2026-05-29,74,SKU-10074,1,103.26
2026-05-30,74,SKU-10074,2,206.52
2026-05-31,74,SKU-10074,1,103.26
2026-06-01,74,SKU-10074,2,206.52
2026-06-02,74,SKU-10074,0,0.0
2026-06-03,74,SKU-10074,0,0.0
2026-06-04,74,SKU-10074,0,0.0
2026-06-05,74,SKU-10074,0,0.0
2026-06-06,74,SKU-10074,1,103.26
2026-06-07,74,SKU-10074,0,0.0
2026-06-08,74,SKU-10074,2,206.52
2026-06-09,74,SKU-10074,1,103.26
2026-06-10,74,SKU-10074,0,0.0
2026-06-11,74,SKU-10074,0,0.0
2026-06-12,74,SKU-10074,0,0.0
2026-06-13,74,SKU-10074,1,103.26
2026-06-14,74,SKU-10074,0,0.0
2026-06-15,74,SKU-10074,1,103.26
2026-06-16,74,SKU-10074,2,206.52
2026-06-17,74,SKU-10074,1,103.26
2026-06-18,74,SKU-10074,0,0.0
2026-06-19,74,SKU-10074,4,413.04
2026-06-20,74,SKU-10074,2,206.52
2026-06-21,74,SKU-10074,0,0.0
2026-06-22,74,SKU-10074,1,103.26
2026-06-23,74,SKU-10074,1,103.26
2026-06-24,74,SKU-10074,1,103.26
2026-06-25,74,SKU-10074,0,0.0
2026-06-26,74,SKU-10074,0,0.0
2026-06-27,74,SKU-10074,1,103.26
2026-06-28,74,SKU-10074,0,0.0
2026-06-29,74,SKU-10074,1,103.26
2026-06-30,74,SKU-10074,2,206.52
2026-07-01,74,SKU-10074,2,206.52
2026-07-02,74,SKU-10074,0,0.0
2026-07-03,74,SKU-10074,2,206.52
2026-07-04,74,SKU-10074,1,103.26
2026-07-05,74,SKU-10074,1,103.26
2026-07-06,74,SKU-10074,0,0.0
2026-07-07,74,SKU-10074,0,0.0
2026-07-08,74,SKU-10074,0,0.0
2026-07-09,74,SKU-10074,0,0.0
2026-07-10,74,SKU-10074,2,206.52
2026-07-11,74,SKU-10074,0,0.0
2026-07-12,74,SKU-10074,0,0.0
2026-07-13,74,SKU-10074,0,0.0
2026-07-14,74,SKU-10074,0,0.0
2026-07-15,74,SKU-10074,1,103.26
2026-07-16,74,SKU-10074,0,0.0
2026-07-17,74,SKU-10074,4,413.04
2026-07-18,74,SKU-10074,2,206.52
2026-07-19,74,SKU-10074,1,103.26
2026-07-20,74,SKU-10074,1,103.26
2026-07-21,74,SKU-10074,3,309.78
2026-07-22,74,SKU-10074,0,0.0
2026-07-23,74,SKU-10074,2,206.52
2026-07-24,74,SKU-10074,2,206.52
2026-07-25,74,SKU-10074,2,206.52
2026-07-26,74,SKU-10074,0,0.0
2026-07-27,74,SKU-10074,0,0.0
2026-07-28,74,SKU-10074,0,0.0
2026-07-29,74,SKU-10074,1,103.26
2026-07-30,74,SKU-10074,1,103.26
2026-07-31,74,SKU-10074,0,0.0
2026-08-01,74,SKU-10074,4,413.04
2026-08-02,74,SKU-10074,1,103.26
2026-08-03,74,SKU-10074,0,0.0
2026-08-04,74,SKU-10074,2,206.52
2026-08-05,74,SKU-10074,2,206.52
2026-08-06,74,SKU-10074,2,206.52
2026-08-07,74,SKU-10074,2,206.52
2026-08-08,74,SKU-10074,2,206.52
2026-08-09,74,SKU-10074,2,206.52
2026-08-10,74,SKU-10074,1,103.26
2026-08-11,74,SKU-10074,1,103.26
2026-08-12,74,SKU-10074,1,103.26
2026-08-13,74,SKU-10074,1,103.26
2026-08-14,74,SKU-10074,3,309.78
2026-08-15,74,SKU-10074,0,0.0
2026-08-16,74,SKU-10074,0,0.0
2026-08-17,74,SKU-10074,3,309.78
2026-08-18,74,SKU-10074,3,309.78
2026-08-19,74,SKU-10074,2,206.52
2026-08-20,74,SKU-10074,3,309.78
2026-08-21,74,SKU-10074,1,103.26
2026-08-22,74,SKU-10074,0,0.0
2026-08-23,74,SKU-10074,1,103.26
2026-08-24,74,SKU-10074,0,0.0
2026-08-25,74,SKU-10074,0,0.0
2026-08-26,74,SKU-10074,1,103.26
2026-05-29,75,SKU-10075,1,49.42
2026-05-30,75,SKU-10075,0,0.0
2026-05-31,75,SKU-10075,0,0.0
2026-06-01,75,SKU-10075,0,0.0
2026-06-02,75,SKU-10075,2,98.84
2026-06-03,75,SKU-10075,0,0.0
2026-06-04,75,SKU-10075,0,0.0
2026-06-05,75,SKU-10075,0,0.0
2026-06-06,75,SKU-10075,3,148.26
2026-06-07,75,SKU-10075,1,49.42
2026-06-08,75,SKU-10075,0,0.0
2026-06-09,75,SKU-10075,1,49.42
2026-06-10,75,SKU-10075,2,98.84
2026-06-11,75,SKU-10075,0,0.0
2026-06-12,75,SKU-10075,0,0.0
2026-06-13,75,SKU-10075,1,49.42
2026-06-14,75,SKU-10075,1,49.42
2026-06-15,75,SKU-10075,0,0.0
2026-06-16,75,SKU-10075,0,0.0
2026-06-17,75,SKU-10075,0,0.0
2026-06-18,75,SKU-10075,1,49.42
2026-06-19,75,SKU-10075,0,0.0
2026-06-20,75,SKU-10075,0,0.0
2026-06-21,75,SKU-10075,1,49.42
2026-06-22,75,SKU-10075,1,49.42
2026-06-23,75,SKU-10075,2,98.84
2026-06-24,75,SKU-10075,0,0.0
2026-06-25,75,SKU-10075,1,49.42
2026-06-26,75,SKU-10075,1,49.42
2026-06-27,75,SKU-10075,0,0.0
2026-06-28,75,SKU-10075,1,49.42
2026-06-29,75,SKU-10075,0,0.0
2026-06-30,75,SKU-10075,0,0.0
2026-07-01,75,SKU-10075,0,0.0
2026-07-02,75,SKU-10075,0,0.0
2026-07-03,75,SKU-10075,1,49.42
2026-07-04,75,SKU-10075,1,49.42
2026-07-05,75,SKU-10075,2,98.84
2026-07-06,75,SKU-10075,0,0.0
2026-07-07,75,SKU-10075,2,98.84
2026-07-08,75,SKU-10075,0,0.0
2026-07-09,75,SKU-10075,0,0.0
2026-07-10,75,SKU-10075,1,49.42
2026-07-11,75,SKU-10075,0,0.0
2026-07-12,75,SKU-10075,0,0.0
2026-07-13,75,SKU-10075,1,49.42
2026-07-14,75,SKU-10075,1,49.42
2026-07-15,75,SKU-10075,1,49.42
2026-07-16,75,SKU-10075,2,98.84
2026-07-17,75,SKU-10075,1,49.42
2026-07-18,75,SKU-10075,1,49.42
2026-07-19,75,SKU-10075,0,0.0
2026-07-20,75,SKU-10075,0,0.0
2026-07-21,75,SKU-10075,3,148.26
2026-07-22,75,SKU-10075,1,49.42
2026-07-23,75,SKU-10075,1,49.42
2026-07-24,75,SKU-10075,1,49.42
2026-07-25,75,SKU-10075,0,0.0
2026-07-26,75,SKU-10075,0,0.0
2026-07-27,75,SKU-10075,0,0.0
2026-07-28,75,SKU-10075,0,0.0
2026-07-29,75,SKU-10075,2,98.84
2026-07-30,75,SKU-10075,0,0.0
2026-07-31,75,SKU-10075,2,98.84
2026-08-01,75,SKU-10075,2,98.84
2026-08-02,75,SKU-10075,0,0.0
2026-08-03,75,SKU-10075,0,0.0
2026-08-04,75,SKU-10075,0,0.0
2026-08-05,75,SKU-10075,0,0.0
2026-08-06,75,SKU-10075,0,0.0
2026-08-07,75,SKU-10075,0,0.0
2026-08-08,75,SKU-10075,0,0.0
2026-08-09,75,SKU-10075,0,0.0
2026-08-10,75,SKU-10075,1,49.42
2026-08-11,75,SKU-10075,0,0.0
2026-08-12,75,SKU-10075,0,0.0
2026-08-13,75,SKU-10075,0,0.0
2026-08-14,75,SKU-10075,2,98.84
2026-08-15,75,SKU-10075,0,0.0
2026-08-16,75,SKU-10075,0,0.0
2026-08-17,75,SKU-10075,0,0.0
2026-08-18,75,SKU-10075,0,0.0
2026-08-19,75,SKU-10075,0,0.0
2026-08-20,75,SKU-10075,0,0.0
2026-08-21,75,SKU-10075,1,49.42
2026-08-22,75,SKU-10075,1,49.42
2026-08-23,75,SKU-10075,0,0.0
2026-08-24,75,SKU-10075,0,0.0
2026-08-25,75,SKU-10075,0,0.0
2026-08-26,75,SKU-10075,0,0.0
2026-05-29,76,SKU-10076,0,0.0
2026-05-30,76,SKU-10076,1,80.55
2026-05-31,76,SKU-10076,1,80.55
2026-06-01,76,SKU-10076,1,80.55
2026-06-02,76,SKU-10076,1,80.55
2026-06-03,76,SKU-10076,2,161.1
2026-06-04,76,SKU-10076,0,0.0
2026-06-05,76,SKU-10076,1,80.55
2026-06-06,76,SKU-10076,0,0.0
2026-06-07,76,SKU-10076,1,80.55
2026-06-08,76,SKU-10076,0,0.0
2026-06-09,76,SKU-10076,1,80.55
2026-06-10,76,SKU-10076,0,0.0
2026-06-11,76,SKU-10076,0,0.0
2026-06-12,76,SKU-10076,1,80.55
2026-06-13,76,SKU-10076,1,80.55
2026-06-14,76,SKU-10076,2,161.1
2026-06-15,76,SKU-10076,1,80.55
2026-06-16,76,SKU-10076,1,80.55
2026-06-17,76,SKU-10076,0,0.0
2026-06-18,76,SKU-10076,0,0.0
2026-06-19,76,SKU-10076,0,0.0
2026-06-20,76,SKU-10076,0,0.0
2026-06-21,76,SKU-10076,0,0.0
2026-06-22,76,SKU-10076,1,80.55
2026-06-23,76,SKU-10076,0,0.0
2026-06-24,76,SKU-10076,2,161.1
2026-06-25,76,SKU-10076,0,0.0
2026-06-26,76,SKU-10076,0,0.0
2026-06-27,76,SKU-10076,2,161.1
2026-06-28,76,SKU-10076,1,80.55
2026-06-29,76,SKU-10076,2,161.1
2026-06-30,76,SKU-10076,0,0.0
2026-07-01,76,SKU-10076,0,0.0
2026-07-02,76,SKU-10076,1,80.55
2026-07-03,76,SKU-10076,0,0.0
2026-07-04,76,SKU-10076,0,0.0
2026-07-05,76,SKU-10076,1,80.55
2026-07-06,76,SKU-10076,0,0.0
2026-07-07,76,SKU-10076,2,161.1
2026-07-08,76,SKU-10076,0,0.0
2026-07-09,76,SKU-10076,1,80.55
2026-07-10,76,SKU-10076,1,80.55
2026-07-11,76,SKU-10076,0,0.0
2026-07-12,76,SKU-10076,0,0.0
2026-07-13,76,SKU-10076,1,80.55
2026-07-14,76,SKU-10076,0,0.0
2026-07-15,76,SKU-10076,0,0.0
2026-07-16,76,SKU-10076,2,161.1
2026-07-17,76,SKU-10076,0,0.0
2026-07-18,76,SKU-10076,1,80.55
2026-07-19,76,SKU-10076,0,0.0
2026-07-20,76,SKU-10076,0,0.0
2026-07-21,76,SKU-10076,0,0.0
2026-07-22,76,SKU-10076,0,0.0
2026-07-23,76,SKU-10076,2,161.1
2026-07-24,76,SKU-10076,0,0.0
2026-07-25,76,SKU-10076,1,80.55
2026-07-26,76,SKU-10076,0,0.0
2026-07-27,76,SKU-10076,1,80.55
2026-07-28,76,SKU-10076,0,0.0
2026-07-29,76,SKU-10076,0,0.0
2026-07-30,76,SKU-10076,0,0.0
2026-07-31,76,SKU-10076,0,0.0
2026-08-01,76,SKU-10076,0,0.0
2026-08-02,76,SKU-10076,2,161.1
2026-08-03,76,SKU-10076,0,0.0
2026-08-04,76,SKU-10076,0,0.0
2026-08-05,76,SKU-10076,1,80.55
2026-08-06,76,SKU-10076,0,0.0
2026-08-07,76,SKU-10076,1,80.55
2026-08-08,76,SKU-10076,1,80.55
2026-08-09,76,SKU-10076,3,241.65
2026-08-10,76,SKU-10076,0,0.0
2026-08-11,76,SKU-10076,0,0.0
2026-08-12,76,SKU-10076,0,0.0
2026-08-13,76,SKU-10076,1,80.55
2026-08-14,76,SKU-10076,1,80.55
2026-08-15,76,SKU-10076,0,0.0
2026-08-16,76,SKU-10076,2,161.1
2026-08-17,76,SKU-10076,1,80.55
2026-08-18,76,SKU-10076,1,80.55
2026-08-19,76,SKU-10076,0,0.0
2026-08-20,76,SKU-10076,0,0.0
2026-08-21,76,SKU-10076,1,80.55
2026-08-22,76,SKU-10076,2,161.1
2026-08-23,76,SKU-10076,0,0.0
2026-08-24,76,SKU-10076,1,80.55
2026-08-25,76,SKU-10076,0,0.0
2026-08-26,76,SKU-10076,2,161.1
2026-05-29,77,SKU-10077,4,597.52
2026-05-30,77,SKU-10077,1,149.38
2026-05-31,77,SKU-10077,4,597.52
2026-06-01,77,SKU-10077,1,149.38
2026-06-02,77,SKU-10077,4,597.52
2026-06-03,77,SKU-10077,4,597.52
2026-06-04,77,SKU-10077,2,298.76
2026-06-05,77,SKU-10077,5,746.9
2026-06-06,77,SKU-10077,2,298.76
2026-06-07,77,SKU-10077,2,298.76
2026-06-08,77,SKU-10077,1,149.38
2026-06-09,77,SKU-10077,2,298.76
2026-06-10,77,SKU-10077,1,149.38
2026-06-11,77,SKU-10077,1,149.38
2026-06-12,77,SKU-10077,2,298.76
2026-06-13,77,SKU-10077,1,149.38
2026-06-14,77,SKU-10077,1,149.38
2026-06-15,77,SKU-10077,2,298.76
2026-06-16,77,SKU-10077,2,298.76
2026-06-17,77,SKU-10077,1,149.38
2026-06-18,77,SKU-10077,1,149.38
2026-06-19,77,SKU-10077,3,448.14
2026-06-20,77,SKU-10077,2,298.76
2026-06-21,77,SKU-10077,4,597.52
2026-06-22,77,SKU-10077,0,0.0
2026-06-23,77,SKU-10077,2,298.76
2026-06-24,77,SKU-10077,1,149.38
2026-06-25,77,SKU-10077,1,149.38
2026-06-26,77,SKU-10077,2,298.76
2026-06-27,77,SKU-10077,2,298.76
2026-06-28,77,SKU-10077,2,298.76
2026-06-29,77,SKU-10077,0,0.0
2026-06-30,77,SKU-10077,2,298.76
2026-07-01,77,SKU-10077,0,0.0
2026-07-02,77,SKU-10077,3,448.14
2026-07-03,77,SKU-10077,5,746.9
2026-07-04,77,SKU-10077,2,298.76
2026-07-05,77,SKU-10077,1,149.38
2026-07-06,77,SKU-10077,1,149.38
2026-07-07,77,SKU-10077,2,298.76
2026-07-08,77,SKU-10077,1,149.38
2026-07-09,77,SKU-10077,2,298.76
2026-07-10,77,SKU-10077,2,298.76
2026-07-11,77,SKU-10077,3,448.14
2026-07-12,77,SKU-10077,3,448.14
2026-07-13,77,SKU-10077,4,597.52
2026-07-14,77,SKU-10077,6,896.28
2026-07-15,77,SKU-10077,1,149.38
2026-07-16,77,SKU-10077,0,0.0
2026-07-17,77,SKU-10077,1,149.38
2026-07-18,77,SKU-10077,2,298.76
2026-07-19,77,SKU-10077,0,0.0
2026-07-20,77,SKU-10077,1,149.38
2026-07-21,77,SKU-10077,3,448.14
2026-07-22,77,SKU-10077,2,298.76
2026-07-23,77,SKU-10077,2,298.76
2026-07-24,77,SKU-10077,2,298.76
2026-07-25,77,SKU-10077,2,298.76
2026-07-26,77,SKU-10077,2,298.76
2026-07-27,77,SKU-10077,3,448.14
2026-07-28,77,SKU-10077,3,448.14
2026-07-29,77,SKU-10077,1,149.38
2026-07-30,77,SKU-10077,0,0.0
2026-07-31,77,SKU-10077,1,149.38
2026-08-01,77,SKU-10077,0,0.0
2026-08-02,77,SKU-10077,2,298.76
2026-08-03,77,SKU-10077,1,149.38
2026-08-04,77,SKU-10077,1,149.38
2026-08-05,77,SKU-10077,3,448.14
2026-08-06,77,SKU-10077,2,298.76
2026-08-07,77,SKU-10077,0,0.0
2026-08-08,77,SKU-10077,2,298.76
2026-08-09,77,SKU-10077,0,0.0
2026-08-10,77,SKU-10077,0,0.0
2026-08-11,77,SKU-10077,1,149.38
2026-08-12,77,SKU-10077,0,0.0
2026-08-13,77,SKU-10077,1,149.38
2026-08-14,77,SKU-10077,2,298.76
2026-08-15,77,SKU-10077,2,298.76
2026-08-16,77,SKU-10077,2,298.76
2026-08-17,77,SKU-10077,1,149.38
2026-08-18,77,SKU-10077,3,448.14
2026-08-19,77,SKU-10077,1,149.38
2026-08-20,77,SKU-10077,1,149.38
2026-08-21,77,SKU-10077,1,149.38
2026-08-22,77,SKU-10077,2,298.76
2026-08-23,77,SKU-10077,1,149.38
2026-08-24,77,SKU-10077,2,298.76
2026-08-25,77,SKU-10077,4,597.52
2026-08-26,77,SKU-10077,1,149.38
2026-05-29,78,SKU-10078,0,0.0
2026-05-30,78,SKU-10078,0,0.0
2026-05-31,78,SKU-10078,0,0.0
2026-06-01,78,SKU-10078,0,0.0
2026-06-02,78,SKU-10078,1,126.39
2026-06-03,78,SKU-10078,0,0.0
2026-06-04,78,SKU-10078,0,0.0
2026-06-05,78,SKU-10078,0,0.0
2026-06-06,78,SKU-10078,0,0.0
2026-06-07,78,SKU-10078,0,0.0
2026-06-08,78,SKU-10078,1,126.39
2026-06-09,78,SKU-10078,0,0.0
2026-06-10,78,SKU-10078,1,126.39
2026-06-11,78,SKU-10078,1,126.39
2026-06-12,78,SKU-10078,1,126.39
2026-06-13,78,SKU-10078,0,0.0
2026-06-14,78,SKU-10078,1,126.39
2026-06-15,78,SKU-10078,0,0.0
2026-06-16,78,SKU-10078,0,0.0
2026-06-17,78,SKU-10078,0,0.0
2026-06-18,78,SKU-10078,3,379.17
2026-06-19,78,SKU-10078,0,0.0
2026-06-20,78,SKU-10078,0,0.0
2026-06-21,78,SKU-10078,0,0.0
2026-06-22,78,SKU-10078,1,126.39
2026-06-23,78,SKU-10078,3,379.17
2026-06-24,78,SKU-10078,1,126.39
2026-06-25,78,SKU-10078,1,126.39
2026-06-26,78,SKU-10078,2,252.78
2026-06-27,78,SKU-10078,0,0.0
2026-06-28,78,SKU-10078,0,0.0
2026-06-29,78,SKU-10078,1,126.39
2026-06-30,78,SKU-10078,1,126.39
2026-07-01,78,SKU-10078,0,0.0
2026-07-02,78,SKU-10078,0,0.0
2026-07-03,78,SKU-10078,1,126.39
2026-07-04,78,SKU-10078,4,505.56
2026-07-05,78,SKU-10078,0,0.0
2026-07-06,78,SKU-10078,0,0.0
2026-07-07,78,SKU-10078,1,126.39
2026-07-08,78,SKU-10078,1,126.39
2026-07-09,78,SKU-10078,0,0.0
2026-07-10,78,SKU-10078,0,0.0
2026-07-11,78,SKU-10078,1,126.39
2026-07-12,78,SKU-10078,0,0.0
2026-07-13,78,SKU-10078,2,252.78
2026-07-14,78,SKU-10078,0,0.0
2026-07-15,78,SKU-10078,0,0.0
2026-07-16,78,SKU-10078,2,252.78
2026-07-17,78,SKU-10078,0,0.0
2026-07-18,78,SKU-10078,1,126.39
2026-07-19,78,SKU-10078,0,0.0
2026-07-20,78,SKU-10078,2,252.78
2026-07-21,78,SKU-10078,1,126.39
2026-07-22,78,SKU-10078,1,126.39
2026-07-23,78,SKU-10078,3,379.17
2026-07-24,78,SKU-10078,0,0.0
2026-07-25,78,SKU-10078,0,0.0
2026-07-26,78,SKU-10078,2,252.78
2026-07-27,78,SKU-10078,1,126.39
2026-07-28,78,SKU-10078,0,0.0
2026-07-29,78,SKU-10078,2,252.78
2026-07-30,78,SKU-10078,1,126.39
2026-07-31,78,SKU-10078,0,0.0
2026-08-01,78,SKU-10078,1,126.39
2026-08-02,78,SKU-10078,0,0.0
2026-08-03,78,SKU-10078,2,252.78
2026-08-04,78,SKU-10078,0,0.0
2026-08-05,78,SKU-10078,2,252.78
2026-08-06,78,SKU-10078,0,0.0
2026-08-07,78,SKU-10078,0,0.0
2026-08-08,78,SKU-10078,1,126.39
2026-08-09,78,SKU-10078,1,126.39
2026-08-10,78,SKU-10078,0,0.0
2026-08-11,78,SKU-10078,2,252.78
2026-08-12,78,SKU-10078,0,0.0
2026-08-13,78,SKU-10078,1,126.39
2026-08-14,78,SKU-10078,2,252.78
2026-08-15,78,SKU-10078,0,0.0
2026-08-16,78,SKU-10078,3,379.17
2026-08-17,78,SKU-10078,1,126.39
2026-08-18,78,SKU-10078,1,126.39
2026-08-19,78,SKU-10078,1,126.39
2026-08-20,78,SKU-10078,0,0.0
2026-08-21,78,SKU-10078,1,126.39
2026-08-22,78,SKU-10078,1,126.39
2026-08-23,78,SKU-10078,0,0.0
2026-08-24,78,SKU-10078,0,0.0
2026-08-25,78,SKU-10078,2,252.78
2026-08-26,78,SKU-10078,1,126.39
2026-05-29,79,SKU-10079,2,120.92
2026-05-30,79,SKU-10079,3,181.38
2026-05-31,79,SKU-10079,3,181.38
2026-06-01,79,SKU-10079,1,60.46
2026-06-02,79,SKU-10079,3,181.38
2026-06-03,79,SKU-10079,4,241.84
2026-06-04,79,SKU-10079,1,60.46
2026-06-05,79,SKU-10079,6,362.76
2026-06-06,79,SKU-10079,4,241.84
2026-06-07,79,SKU-10079,2,120.92
2026-06-08,79,SKU-10079,3,181.38
2026-06-09,79,SKU-10079,1,60.46
2026-06-10,79,SKU-10079,2,120.92
2026-06-11,79,SKU-10079,3,181.38
2026-06-12,79,SKU-10079,6,362.76
2026-06-13,79,SKU-10079,1,60.46
2026-06-14,79,SKU-10079,1,60.46
2026-06-15,79,SKU-10079,1,60.46
2026-06-16,79,SKU-10079,3,181.38
2026-06-17,79,SKU-10079,4,241.84
2026-06-18,79,SKU-10079,2,120.92
2026-06-19,79,SKU-10079,2,120.92
2026-06-20,79,SKU-10079,5,302.3
2026-06-21,79,SKU-10079,1,60.46
2026-06-22,79,SKU-10079,3,181.38
2026-06-23,79,SKU-10079,1,60.46
2026-06-24,79,SKU-10079,2,120.92
2026-06-25,79,SKU-10079,5,302.3
2026-06-26,79,SKU-10079,5,302.3
2026-06-27,79,SKU-10079,3,181.38
2026-06-28,79,SKU-10079,2,120.92
2026-06-29,79,SKU-10079,2,120.92
2026-06-30,79,SKU-10079,6,362.76
2026-07-01,79,SKU-10079,1,60.46
2026-07-02,79,SKU-10079,2,120.92
2026-07-03,79,SKU-10079,2,120.92
2026-07-04,79,SKU-10079,3,181.38
2026-07-05,79,SKU-10079,3,181.38
2026-07-06,79,SKU-10079,2,120.92
2026-07-07,79,SKU-10079,1,60.46
2026-07-08,79,SKU-10079,3,181.38
2026-07-09,79,SKU-10079,2,120.92
2026-07-10,79,SKU-10079,5,302.3
2026-07-11,79,SKU-10079,2,120.92
2026-07-12,79,SKU-10079,2,120.92
2026-07-13,79,SKU-10079,1,60.46
2026-07-14,79,SKU-10079,3,181.38
2026-07-15,79,SKU-10079,1,60.46
2026-07-16,79,SKU-10079,5,302.3
2026-07-17,79,SKU-10079,1,60.46
2026-07-18,79,SKU-10079,2,120.92
2026-07-19,79,SKU-10079,5,302.3
2026-07-20,79,SKU-10079,3,181.38
2026-07-21,79,SKU-10079,3,181.38
2026-07-22,79,SKU-10079,5,302.3
2026-07-23,79,SKU-10079,2,120.92
2026-07-24,79,SKU-10079,3,181.38
2026-07-25,79,SKU-10079,3,181.38
2026-07-26,79,SKU-10079,1,60.46
2026-07-27,79,SKU-10079,0,0.0
2026-07-28,79,SKU-10079,4,241.84
2026-07-29,79,SKU-10079,3,181.38
2026-07-30,79,SKU-10079,1,60.46
2026-07-31,79,SKU-10079,1,60.46
2026-08-01,79,SKU-10079,2,120.92
2026-08-02,79,SKU-10079,4,241.84
2026-08-03,79,SKU-10079,3,181.38
2026-08-04,79,SKU-10079,1,60.46
2026-08-05,79,SKU-10079,4,241.84
2026-08-06,79,SKU-10079,4,241.84
2026-08-07,79,SKU-10079,1,60.46
2026-08-08,79,SKU-10079,3,181.38
2026-08-09,79,SKU-10079,3,181.38
2026-08-10,79,SKU-10079,3,181.38
2026-08-11,79,SKU-10079,4,241.84
2026-08-12,79,SKU-10079,2,120.92
2026-08-13,79,SKU-10079,1,60.46
2026-08-14,79,SKU-10079,1,60.46
2026-08-15,79,SKU-10079,4,241.84
2026-08-16,79,SKU-10079,0,0.0
2026-08-17,79,SKU-10079,3,181.38
2026-08-18,79,SKU-10079,2,120.92
2026-08-19,79,SKU-10079,1,60.46
2026-08-20,79,SKU-10079,4,241.84
2026-08-21,79,SKU-10079,4,241.84
2026-08-22,79,SKU-10079,2,120.92
2026-08-23,79,SKU-10079,6,362.76
2026-08-24,79,SKU-10079,5,302.3
2026-08-25,79,SKU-10079,8,483.68
2026-08-26,79,SKU-10079,6,362.76
2026-05-29,80,SKU-10080,0,0.0
2026-05-30,80,SKU-10080,2,84.46
2026-05-31,80,SKU-10080,4,168.92
2026-06-01,80,SKU-10080,1,42.23
2026-06-02,80,SKU-10080,0,0.0
2026-06-03,80,SKU-10080,1,42.23
2026-06-04,80,SKU-10080,1,42.23
2026-06-05,80,SKU-10080,0,0.0
2026-06-06,80,SKU-10080,1,42.23
2026-06-07,80,SKU-10080,3,126.69
2026-06-08,80,SKU-10080,0,0.0
2026-06-09,80,SKU-10080,2,84.46
2026-06-10,80,SKU-10080,2,84.46
2026-06-11,80,SKU-10080,1,42.23
2026-06-12,80,SKU-10080,1,42.23
2026-06-13,80,SKU-10080,0,0.0
2026-06-14,80,SKU-10080,0,0.0
2026-06-15,80,SKU-10080,5,211.15
2026-06-16,80,SKU-10080,3,126.69
2026-06-17,80,SKU-10080,2,84.46
2026-06-18,80,SKU-10080,1,42.23
2026-06-19,80,SKU-10080,2,84.46
2026-06-20,80,SKU-10080,2,84.46
2026-06-21,80,SKU-10080,0,0.0
2026-06-22,80,SKU-10080,1,42.23
2026-06-23,80,SKU-10080,0,0.0
2026-06-24,80,SKU-10080,0,0.0
2026-06-25,80,SKU-10080,1,42.23
2026-06-26,80,SKU-10080,3,126.69
2026-06-27,80,SKU-10080,1,42.23
2026-06-28,80,SKU-10080,0,0.0
2026-06-29,80,SKU-10080,0,0.0
2026-06-30,80,SKU-10080,1,42.23
2026-07-01,80,SKU-10080,1,42.23
2026-07-02,80,SKU-10080,2,84.46
2026-07-03,80,SKU-10080,1,42.23
2026-07-04,80,SKU-10080,1,42.23
2026-07-05,80,SKU-10080,1,42.23
2026-07-06,80,SKU-10080,1,42.23
2026-07-07,80,SKU-10080,2,84.46
2026-07-08,80,SKU-10080,1,42.23
2026-07-09,80,SKU-10080,1,42.23
2026-07-10,80,SKU-10080,3,126.69
2026-07-11,80,SKU-10080,2,84.46
2026-07-12,80,SKU-10080,3,126.69
2026-07-13,80,SKU-10080,3,126.69
2026-07-14,80,SKU-10080,1,42.23
2026-07-15,80,SKU-10080,0,0.0
2026-07-16,80,SKU-10080,1,42.23
2026-07-17,80,SKU-10080,0,0.0
2026-07-18,80,SKU-10080,3,126.69
2026-07-19,80,SKU-10080,3,126.69
2026-07-20,80,SKU-10080,1,42.23
2026-07-21,80,SKU-10080,2,84.46
2026-07-22,80,SKU-10080,0,0.0
2026-07-23,80,SKU-10080,2,84.46
2026-07-24,80,SKU-10080,3,126.69
2026-07-25,80,SKU-10080,0,0.0
2026-07-26,80,SKU-10080,3,126.69
2026-07-27,80,SKU-10080,1,42.23
2026-07-28,80,SKU-10080,1,42.23
2026-07-29,80,SKU-10080,2,84.46
2026-07-30,80,SKU-10080,0,0.0
2026-07-31,80,SKU-10080,2,84.46
2026-08-01,80,SKU-10080,3,126.69
2026-08-02,80,SKU-10080,2,84.46
2026-08-03,80,SKU-10080,2,84.46
2026-08-04,80,SKU-10080,0,0.0
2026-08-05,80,SKU-10080,0,0.0
2026-08-06,80,SKU-10080,3,126.69
2026-08-07,80,SKU-10080,1,42.23
2026-08-08,80,SKU-10080,2,84.46
2026-08-09,80,SKU-10080,1,42.23
2026-08-10,80,SKU-10080,3,126.69
2026-08-11,80,SKU-10080,1,42.23
2026-08-12,80,SKU-10080,1,42.23
2026-08-13,80,SKU-10080,1,42.23
2026-08-14,80,SKU-10080,1,42.23
2026-08-15,80,SKU-10080,1,42.23
2026-08-16,80,SKU-10080,0,0.0
2026-08-17,80,SKU-10080,0,0.0
2026-08-18,80,SKU-10080,1,42.23
2026-08-19,80,SKU-10080,3,126.69
2026-08-20,80,SKU-10080,1,42.23
2026-08-21,80,SKU-10080,1,42.23
2026-08-22,80,SKU-10080,0,0.0
2026-08-23,80,SKU-10080,4,168.92
2026-08-24,80,SKU-10080,0,0.0
2026-08-25,80,SKU-10080,0,0.0
2026-08-26,80,SKU-10080,1,42.23
2026-05-29,81,SKU-10081,8,1137.44
2026-05-30,81,SKU-10081,4,568.72
2026-05-31,81,SKU-10081,6,853.08
2026-06-01,81,SKU-10081,6,853.08
2026-06-02,81,SKU-10081,5,710.9
2026-06-03,81,SKU-10081,5,710.9
2026-06-04,81,SKU-10081,7,995.26
2026-06-05,81,SKU-10081,6,853.08
2026-06-06,81,SKU-10081,0,0.0
2026-06-07,81,SKU-10081,5,710.9
2026-06-08,81,SKU-10081,8,1137.44
2026-06-09,81,SKU-10081,4,568.72
2026-06-10,81,SKU-10081,1,142.18
2026-06-11,81,SKU-10081,5,710.9
2026-06-12,81,SKU-10081,3,426.54
2026-06-13,81,SKU-10081,5,710.9
2026-06-14,81,SKU-10081,4,568.72
2026-06-15,81,SKU-10081,3,426.54
2026-06-16,81,SKU-10081,4,568.72
2026-06-17,81,SKU-10081,3,426.54
2026-06-18,81,SKU-10081,3,426.54
2026-06-19,81,SKU-10081,2,284.36
2026-06-20,81,SKU-10081,8,1137.44
2026-06-21,81,SKU-10081,3,426.54
2026-06-22,81,SKU-10081,2,284.36
2026-06-23,81,SKU-10081,7,995.26
2026-06-24,81,SKU-10081,5,710.9
2026-06-25,81,SKU-10081,7,995.26
2026-06-26,81,SKU-10081,3,426.54
2026-06-27,81,SKU-10081,9,1279.62
2026-06-28,81,SKU-10081,3,426.54
2026-06-29,81,SKU-10081,3,426.54
2026-06-30,81,SKU-10081,4,568.72
2026-07-01,81,SKU-10081,3,426.54
2026-07-02,81,SKU-10081,3,426.54
2026-07-03,81,SKU-10081,5,710.9
2026-07-04,81,SKU-10081,6,853.08
2026-07-05,81,SKU-10081,6,853.08
2026-07-06,81,SKU-10081,5,710.9
2026-07-07,81,SKU-10081,3,426.54
2026-07-08,81,SKU-10081,4,568.72
2026-07-09,81,SKU-10081,3,426.54
2026-07-10,81,SKU-10081,3,426.54
2026-07-11,81,SKU-10081,0,0.0
2026-07-12,81,SKU-10081,4,568.72
2026-07-13,81,SKU-10081,2,284.36
2026-07-14,81,SKU-10081,6,853.08
2026-07-15,81,SKU-10081,4,568.72
2026-07-16,81,SKU-10081,2,284.36
2026-07-17,81,SKU-10081,5,710.9
2026-07-18,81,SKU-10081,2,284.36
2026-07-19,81,SKU-10081,4,568.72
2026-07-20,81,SKU-10081,7,995.26
2026-07-21,81,SKU-10081,1,142.18
2026-07-22,81,SKU-10081,2,284.36
2026-07-23,81,SKU-10081,3,426.54
2026-07-24,81,SKU-10081,8,1137.44
2026-07-25,81,SKU-10081,11,1563.98
2026-07-26,81,SKU-10081,6,853.08
2026-07-27,81,SKU-10081,5,710.9
2026-07-28,81,SKU-10081,8,1137.44
2026-07-29,81,SKU-10081,4,568.72
2026-07-30,81,SKU-10081,4,568.72
2026-07-31,81,SKU-10081,6,853.08
2026-08-01,81,SKU-10081,7,995.26
2026-08-02,81,SKU-10081,7,995.26
2026-08-03,81,SKU-10081,5,710.9
2026-08-04,81,SKU-10081,3,426.54
2026-08-05,81,SKU-10081,3,426.54
2026-08-06,81,SKU-10081,1,142.18
2026-08-07,81,SKU-10081,6,853.08
2026-08-08,81,SKU-10081,3,426.54
2026-08-09,81,SKU-10081,4,568.72
2026-08-10,81,SKU-10081,7,995.26
2026-08-11,81,SKU-10081,11,1563.98
2026-08-12,81,SKU-10081,4,568.72
2026-08-13,81,SKU-10081,6,853.08
2026-08-14,81,SKU-10081,7,995.26
2026-08-15,81,SKU-10081,8,1137.44
2026-08-16,81,SKU-10081,4,568.72
2026-08-17,81,SKU-10081,3,426.54
2026-08-18,81,SKU-10081,5,710.9
2026-08-19,81,SKU-10081,6,853.08
2026-08-20,81,SKU-10081,6,853.08
2026-08-21,81,SKU-10081,3,426.54
2026-08-22,81,SKU-10081,7,995.26
2026-08-23,81,SKU-10081,2,284.36
2026-08-24,81,SKU-10081,5,710.9
2026-08-25,81,SKU-10081,4,568.72
2026-08-26,81,SKU-10081,1,142.18
2026-05-29,82,SKU-10082,1,126.14
2026-05-30,82,SKU-10082,0,0.0
2026-05-31,82,SKU-10082,0,0.0
2026-06-01,82,SKU-10082,0,0.0
2026-06-02,82,SKU-10082,0,0.0
2026-06-03,82,SKU-10082,0,0.0
2026-06-04,82,SKU-10082,1,126.14
2026-06-05,82,SKU-10082,0,0.0
2026-06-06,82,SKU-10082,1,126.14
2026-06-07,82,SKU-10082,0,0.0
2026-06-08,82,SKU-10082,0,0.0
2026-06-09,82,SKU-10082,0,0.0
2026-06-10,82,SKU-10082,1,126.14
2026-06-11,82,SKU-10082,1,126.14
2026-06-12,82,SKU-10082,1,126.14
2026-06-13,82,SKU-10082,1,126.14
2026-06-14,82,SKU-10082,0,0.0
2026-06-15,82,SKU-10082,0,0.0
2026-06-16,82,SKU-10082,1,126.14
2026-06-17,82,SKU-10082,0,0.0
2026-06-18,82,SKU-10082,1,126.14
2026-06-19,82,SKU-10082,1,126.14
2026-06-20,82,SKU-10082,2,252.28
2026-06-21,82,SKU-10082,0,0.0
2026-06-22,82,SKU-10082,1,126.14
2026-06-23,82,SKU-10082,0,0.0
2026-06-24,82,SKU-10082,0,0.0
2026-06-25,82,SKU-10082,0,0.0
2026-06-26,82,SKU-10082,0,0.0
2026-06-27,82,SKU-10082,2,252.28
2026-06-28,82,SKU-10082,3,378.42
2026-06-29,82,SKU-10082,3,378.42
2026-06-30,82,SKU-10082,2,252.28
2026-07-01,82,SKU-10082,0,0.0
2026-07-02,82,SKU-10082,2,252.28
2026-07-03,82,SKU-10082,1,126.14
2026-07-04,82,SKU-10082,2,252.28
2026-07-05,82,SKU-10082,2,252.28
2026-07-06,82,SKU-10082,0,0.0
2026-07-07,82,SKU-10082,0,0.0
2026-07-08,82,SKU-10082,0,0.0
2026-07-09,82,SKU-10082,0,0.0
2026-07-10,82,SKU-10082,0,0.0
2026-07-11,82,SKU-10082,0,0.0
2026-07-12,82,SKU-10082,1,126.14
2026-07-13,82,SKU-10082,1,126.14
2026-07-14,82,SKU-10082,1,126.14
2026-07-15,82,SKU-10082,0,0.0
2026-07-16,82,SKU-10082,0,0.0
2026-07-17,82,SKU-10082,0,0.0
2026-07-18,82,SKU-10082,2,252.28
2026-07-19,82,SKU-10082,0,0.0
2026-07-20,82,SKU-10082,0,0.0
2026-07-21,82,SKU-10082,1,126.14
2026-07-22,82,SKU-10082,0,0.0
2026-07-23,82,SKU-10082,3,378.42
2026-07-24,82,SKU-10082,0,0.0
2026-07-25,82,SKU-10082,1,126.14
2026-07-26,82,SKU-10082,0,0.0
2026-07-27,82,SKU-10082,0,0.0
2026-07-28,82,SKU-10082,0,0.0
2026-07-29,82,SKU-10082,1,126.14
2026-07-30,82,SKU-10082,0,0.0
2026-07-31,82,SKU-10082,1,126.14
2026-08-01,82,SKU-10082,1,126.14
2026-08-02,82,SKU-10082,1,126.14
2026-08-03,82,SKU-10082,0,0.0
2026-08-04,82,SKU-10082,0,0.0
2026-08-05,82,SKU-10082,1,126.14
2026-08-06,82,SKU-10082,1,126.14
2026-08-07,82,SKU-10082,1,126.14
2026-08-08,82,SKU-10082,0,0.0
2026-08-09,82,SKU-10082,1,126.14
2026-08-10,82,SKU-10082,0,0.0
2026-08-11,82,SKU-10082,2,252.28
2026-08-12,82,SKU-10082,1,126.14
2026-08-13,82,SKU-10082,0,0.0
2026-08-14,82,SKU-10082,1,126.14
2026-08-15,82,SKU-10082,0,0.0
2026-08-16,82,SKU-10082,1,126.14
2026-08-17,82,SKU-10082,0,0.0
2026-08-18,82,SKU-10082,0,0.0
2026-08-19,82,SKU-10082,1,126.14
2026-08-20,82,SKU-10082,0,0.0
2026-08-21,82,SKU-10082,1,126.14
2026-08-22,82,SKU-10082,2,252.28
2026-08-23,82,SKU-10082,2,252.28
2026-08-24,82,SKU-10082,1,126.14
2026-08-25,82,SKU-10082,0,0.0
2026-08-26,82,SKU-10082,2,252.28
2026-05-29,83,SKU-10083,5,604.55
2026-05-30,83,SKU-10083,2,241.82
2026-05-31,83,SKU-10083,3,362.73
2026-06-01,83,SKU-10083,5,604.55
2026-06-02,83,SKU-10083,6,725.46
2026-06-03,83,SKU-10083,2,241.82
2026-06-04,83,SKU-10083,1,120.91
2026-06-05,83,SKU-10083,2,241.82
2026-06-06,83,SKU-10083,4,483.64
2026-06-07,83,SKU-10083,0,0.0
2026-06-08,83,SKU-10083,0,0.0
2026-06-09,83,SKU-10083,3,362.73
2026-06-10,83,SKU-10083,1,120.91
2026-06-11,83,SKU-10083,0,0.0
2026-06-12,83,SKU-10083,4,483.64
2026-06-13,83,SKU-10083,2,241.82
2026-06-14,83,SKU-10083,1,120.91
2026-06-15,83,SKU-10083,3,362.73
2026-06-16,83,SKU-10083,1,120.91
2026-06-17,83,SKU-10083,1,120.91
2026-06-18,83,SKU-10083,0,0.0
2026-06-19,83,SKU-10083,1,120.91
2026-06-20,83,SKU-10083,0,0.0
2026-06-21,83,SKU-10083,1,120.91
2026-06-22,83,SKU-10083,5,604.55
2026-06-23,83,SKU-10083,0,0.0
2026-06-24,83,SKU-10083,1,120.91
2026-06-25,83,SKU-10083,5,604.55
2026-06-26,83,SKU-10083,2,241.82
2026-06-27,83,SKU-10083,1,120.91
2026-06-28,83,SKU-10083,3,362.73
2026-06-29,83,SKU-10083,5,604.55
2026-06-30,83,SKU-10083,6,725.46
2026-07-01,83,SKU-10083,4,483.64
2026-07-02,83,SKU-10083,0,0.0
2026-07-03,83,SKU-10083,4,483.64
2026-07-04,83,SKU-10083,3,362.73
2026-07-05,83,SKU-10083,4,483.64
2026-07-06,83,SKU-10083,1,120.91
2026-07-07,83,SKU-10083,5,604.55
2026-07-08,83,SKU-10083,2,241.82
2026-07-09,83,SKU-10083,2,241.82
2026-07-10,83,SKU-10083,5,604.55
2026-07-11,83,SKU-10083,2,241.82
2026-07-12,83,SKU-10083,1,120.91
2026-07-13,83,SKU-10083,2,241.82
2026-07-14,83,SKU-10083,1,120.91
2026-07-15,83,SKU-10083,2,241.82
2026-07-16,83,SKU-10083,3,362.73
2026-07-17,83,SKU-10083,4,483.64
2026-07-18,83,SKU-10083,5,604.55
2026-07-19,83,SKU-10083,2,241.82
2026-07-20,83,SKU-10083,2,241.82
2026-07-21,83,SKU-10083,3,362.73
2026-07-22,83,SKU-10083,3,362.73
2026-07-23,83,SKU-10083,2,241.82
2026-07-24,83,SKU-10083,0,0.0
2026-07-25,83,SKU-10083,4,483.64
2026-07-26,83,SKU-10083,1,120.91
2026-07-27,83,SKU-10083,0,0.0
2026-07-28,83,SKU-10083,5,604.55
2026-07-29,83,SKU-10083,3,362.73
2026-07-30,83,SKU-10083,4,483.64
2026-07-31,83,SKU-10083,3,362.73
2026-08-01,83,SKU-10083,1,120.91
2026-08-02,83,SKU-10083,6,725.46
2026-08-03,83,SKU-10083,4,483.64
2026-08-04,83,SKU-10083,4,483.64
2026-08-05,83,SKU-10083,3,362.73
2026-08-06,83,SKU-10083,2,241.82
2026-08-07,83,SKU-10083,6,725.46
2026-08-08,83,SKU-10083,2,241.82
2026-08-09,83,SKU-10083,4,483.64
2026-08-10,83,SKU-10083,10,1209.1
2026-08-11,83,SKU-10083,3,362.73
2026-08-12,83,SKU-10083,3,362.73
2026-08-13,83,SKU-10083,5,604.55
2026-08-14,83,SKU-10083,4,483.64
2026-08-15,83,SKU-10083,5,604.55
2026-08-16,83,SKU-10083,4,483.64
2026-08-17,83,SKU-10083,2,241.82
2026-08-18,83,SKU-10083,3,362.73
2026-08-19,83,SKU-10083,4,483.64
2026-08-20,83,SKU-10083,3,362.73
2026-08-21,83,SKU-10083,3,362.73
2026-08-22,83,SKU-10083,4,483.64
2026-08-23,83,SKU-10083,2,241.82
2026-08-24,83,SKU-10083,3,362.73
2026-08-25,83,SKU-10083,2,241.82
2026-08-26,83,SKU-10083,3,362.73
2026-05-29,84,SKU-10084,1,39.26
2026-05-30,84,SKU-10084,1,39.26
2026-05-31,84,SKU-10084,1,39.26
2026-06-01,84,SKU-10084,0,0.0
2026-06-02,84,SKU-10084,0,0.0
2026-06-03,84,SKU-10084,1,39.26
2026-06-04,84,SKU-10084,0,0.0
2026-06-05,84,SKU-10084,0,0.0
2026-06-06,84,SKU-10084,0,0.0
2026-06-07,84,SKU-10084,1,39.26
2026-06-08,84,SKU-10084,0,0.0
2026-06-09,84,SKU-10084,0,0.0
2026-06-10,84,SKU-10084,0,0.0
2026-06-11,84,SKU-10084,1,39.26
2026-06-12,84,SKU-10084,1,39.26
2026-06-13,84,SKU-10084,2,78.52
2026-06-14,84,SKU-10084,0,0.0
2026-06-15,84,SKU-10084,2,78.52
2026-06-16,84,SKU-10084,0,0.0
2026-06-17,84,SKU-10084,0,0.0
2026-06-18,84,SKU-10084,0,0.0
2026-06-19,84,SKU-10084,2,78.52
2026-06-20,84,SKU-10084,2,78.52
2026-06-21,84,SKU-10084,0,0.0
2026-06-22,84,SKU-10084,0,0.0
2026-06-23,84,SKU-10084,0,0.0
2026-06-24,84,SKU-10084,0,0.0
2026-06-25,84,SKU-10084,3,117.78
2026-06-26,84,SKU-10084,0,0.0
2026-06-27,84,SKU-10084,0,0.0
2026-06-28,84,SKU-10084,0,0.0
2026-06-29,84,SKU-10084,0,0.0
2026-06-30,84,SKU-10084,0,0.0
2026-07-01,84,SKU-10084,1,39.26
2026-07-02,84,SKU-10084,3,117.78
2026-07-03,84,SKU-10084,1,39.26
2026-07-04,84,SKU-10084,1,39.26
2026-07-05,84,SKU-10084,1,39.26
2026-07-06,84,SKU-10084,4,157.04
2026-07-07,84,SKU-10084,0,0.0
2026-07-08,84,SKU-10084,4,157.04
2026-07-09,84,SKU-10084,1,39.26
2026-07-10,84,SKU-10084,1,39.26
2026-07-11,84,SKU-10084,2,78.52
2026-07-12,84,SKU-10084,1,39.26
2026-07-13,84,SKU-10084,0,0.0
2026-07-14,84,SKU-10084,1,39.26
2026-07-15,84,SKU-10084,1,39.26
2026-07-16,84,SKU-10084,0,0.0
2026-07-17,84,SKU-10084,1,39.26
2026-07-18,84,SKU-10084,1,39.26
2026-07-19,84,SKU-10084,0,0.0
2026-07-20,84,SKU-10084,0,0.0
2026-07-21,84,SKU-10084,2,78.52
2026-07-22,84,SKU-10084,1,39.26
2026-07-23,84,SKU-10084,1,39.26
2026-07-24,84,SKU-10084,1,39.26
2026-07-25,84,SKU-10084,0,0.0
2026-07-26,84,SKU-10084,0,0.0
2026-07-27,84,SKU-10084,1,39.26
2026-07-28,84,SKU-10084,0,0.0
2026-07-29,84,SKU-10084,2,78.52
2026-07-30,84,SKU-10084,0,0.0
2026-07-31,84,SKU-10084,2,78.52
2026-08-01,84,SKU-10084,1,39.26
2026-08-02,84,SKU-10084,1,39.26
2026-08-03,84,SKU-10084,1,39.26
2026-08-04,84,SKU-10084,0,0.0
2026-08-05,84,SKU-10084,1,39.26
2026-08-06,84,SKU-10084,0,0.0
2026-08-07,84,SKU-10084,3,117.78
2026-08-08,84,SKU-10084,2,78.52
2026-08-09,84,SKU-10084,2,78.52
2026-08-10,84,SKU-10084,0,0.0
2026-08-11,84,SKU-10084,1,39.26
2026-08-12,84,SKU-10084,0,0.0
2026-08-13,84,SKU-10084,1,39.26
2026-08-14,84,SKU-10084,0,0.0
2026-08-15,84,SKU-10084,1,39.26
2026-08-16,84,SKU-10084,1,39.26
2026-08-17,84,SKU-10084,0,0.0
2026-08-18,84,SKU-10084,1,39.26
2026-08-19,84,SKU-10084,1,39.26
2026-08-20,84,SKU-10084,1,39.26
2026-08-21,84,SKU-10084,4,157.04
2026-08-22,84,SKU-10084,0,0.0
2026-08-23,84,SKU-10084,0,0.0
2026-08-24,84,SKU-10084,1,39.26
2026-08-25,84,SKU-10084,3,117.78
2026-08-26,84,SKU-10084,0,0.0
2026-05-29,85,SKU-10085,8,1120.88
2026-05-30,85,SKU-10085,3,420.33
2026-05-31,85,SKU-10085,2,280.22
2026-06-01,85,SKU-10085,2,280.22
2026-06-02,85,SKU-10085,4,560.44
2026-06-03,85,SKU-10085,3,420.33
2026-06-04,85,SKU-10085,4,560.44
2026-06-05,85,SKU-10085,2,280.22
2026-06-06,85,SKU-10085,3,420.33
2026-06-07,85,SKU-10085,3,420.33
2026-06-08,85,SKU-10085,0,0.0
2026-06-09,85,SKU-10085,3,420.33
2026-06-10,85,SKU-10085,3,420.33
2026-06-11,85,SKU-10085,4,560.44
2026-06-12,85,SKU-10085,0,0.0
2026-06-13,85,SKU-10085,6,840.66
2026-06-14,85,SKU-10085,4,560.44
2026-06-15,85,SKU-10085,2,280.22
2026-06-16,85,SKU-10085,4,560.44
2026-06-17,85,SKU-10085,2,280.22
2026-06-18,85,SKU-10085,1,140.11
2026-06-19,85,SKU-10085,3,420.33
2026-06-20,85,SKU-10085,3,420.33
2026-06-21,85,SKU-10085,4,560.44
2026-06-22,85,SKU-10085,0,0.0
2026-06-23,85,SKU-10085,2,280.22
2026-06-24,85,SKU-10085,1,140.11
2026-06-25,85,SKU-10085,3,420.33
2026-06-26,85,SKU-10085,0,0.0
2026-06-27,85,SKU-10085,4,560.44
2026-06-28,85,SKU-10085,2,280.22
2026-06-29,85,SKU-10085,3,420.33
2026-06-30,85,SKU-10085,1,140.11
2026-07-01,85,SKU-10085,3,420.33
2026-07-02,85,SKU-10085,3,420.33
2026-07-03,85,SKU-10085,4,560.44
2026-07-04,85,SKU-10085,2,280.22
2026-07-05,85,SKU-10085,5,700.55
2026-07-06,85,SKU-10085,5,700.55
2026-07-07,85,SKU-10085,3,420.33
2026-07-08,85,SKU-10085,1,140.11
2026-07-09,85,SKU-10085,3,420.33
2026-07-10,85,SKU-10085,2,280.22
2026-07-11,85,SKU-10085,2,280.22
2026-07-12,85,SKU-10085,3,420.33
2026-07-13,85,SKU-10085,5,700.55
2026-07-14,85,SKU-10085,4,560.44
2026-07-15,85,SKU-10085,2,280.22
2026-07-16,85,SKU-10085,1,140.11
2026-07-17,85,SKU-10085,3,420.33
2026-07-18,85,SKU-10085,5,700.55
2026-07-19,85,SKU-10085,2,280.22
2026-07-20,85,SKU-10085,3,420.33
2026-07-21,85,SKU-10085,2,280.22
2026-07-22,85,SKU-10085,3,420.33
2026-07-23,85,SKU-10085,3,420.33
2026-07-24,85,SKU-10085,1,140.11
2026-07-25,85,SKU-10085,2,280.22
2026-07-26,85,SKU-10085,3,420.33
2026-07-27,85,SKU-10085,2,280.22
2026-07-28,85,SKU-10085,2,280.22
2026-07-29,85,SKU-10085,8,1120.88
2026-07-30,85,SKU-10085,0,0.0
2026-07-31,85,SKU-10085,5,700.55
2026-08-01,85,SKU-10085,6,840.66
2026-08-02,85,SKU-10085,4,560.44
2026-08-03,85,SKU-10085,7,980.77
2026-08-04,85,SKU-10085,3,420.33
2026-08-05,85,SKU-10085,4,560.44
2026-08-06,85,SKU-10085,1,140.11
2026-08-07,85,SKU-10085,3,420.33
2026-08-08,85,SKU-10085,3,420.33
2026-08-09,85,SKU-10085,5,700.55
2026-08-10,85,SKU-10085,3,420.33
2026-08-11,85,SKU-10085,3,420.33
2026-08-12,85,SKU-10085,8,1120.88
2026-08-13,85,SKU-10085,3,420.33
2026-08-14,85,SKU-10085,5,700.55
2026-08-15,85,SKU-10085,4,560.44
2026-08-16,85,SKU-10085,3,420.33
2026-08-17,85,SKU-10085,2,280.22
2026-08-18,85,SKU-10085,0,0.0
2026-08-19,85,SKU-10085,5,700.55
2026-08-20,85,SKU-10085,3,420.33
2026-08-21,85,SKU-10085,5,700.55
2026-08-22,85,SKU-10085,2,280.22
2026-08-23,85,SKU-10085,6,840.66
2026-08-24,85,SKU-10085,3,420.33
2026-08-25,85,SKU-10085,5,700.55
2026-08-26,85,SKU-10085,7,980.77
2026-05-29,86,SKU-10086,0,0.0
2026-05-30,86,SKU-10086,0,0.0
2026-05-31,86,SKU-10086,1,90.62
2026-06-01,86,SKU-10086,2,181.24
2026-06-02,86,SKU-10086,0,0.0
2026-06-03,86,SKU-10086,0,0.0
2026-06-04,86,SKU-10086,0,0.0
2026-06-05,86,SKU-10086,1,90.62
2026-06-06,86,SKU-10086,1,90.62
2026-06-07,86,SKU-10086,1,90.62
2026-06-08,86,SKU-10086,0,0.0
2026-06-09,86,SKU-10086,0,0.0
2026-06-10,86,SKU-10086,1,90.62
2026-06-11,86,SKU-10086,0,0.0
2026-06-12,86,SKU-10086,1,90.62
2026-06-13,86,SKU-10086,2,181.24
2026-06-14,86,SKU-10086,0,0.0
2026-06-15,86,SKU-10086,0,0.0
2026-06-16,86,SKU-10086,1,90.62
2026-06-17,86,SKU-10086,0,0.0
2026-06-18,86,SKU-10086,0,0.0
2026-06-19,86,SKU-10086,0,0.0
2026-06-20,86,SKU-10086,3,271.86
2026-06-21,86,SKU-10086,0,0.0
2026-06-22,86,SKU-10086,0,0.0
2026-06-23,86,SKU-10086,0,0.0
2026-06-24,86,SKU-10086,3,271.86
2026-06-25,86,SKU-10086,0,0.0
2026-06-26,86,SKU-10086,0,0.0
2026-06-27,86,SKU-10086,1,90.62
2026-06-28,86,SKU-10086,1,90.62
2026-06-29,86,SKU-10086,0,0.0
2026-06-30,86,SKU-10086,0,0.0
2026-07-01,86,SKU-10086,1,90.62
2026-07-02,86,SKU-10086,1,90.62
2026-07-03,86,SKU-10086,0,0.0
2026-07-04,86,SKU-10086,0,0.0
2026-07-05,86,SKU-10086,1,90.62
2026-07-06,86,SKU-10086,0,0.0
2026-07-07,86,SKU-10086,1,90.62
2026-07-08,86,SKU-10086,1,90.62
2026-07-09,86,SKU-10086,1,90.62
2026-07-10,86,SKU-10086,0,0.0
2026-07-11,86,SKU-10086,0,0.0
2026-07-12,86,SKU-10086,0,0.0
2026-07-13,86,SKU-10086,1,90.62
2026-07-14,86,SKU-10086,1,90.62
2026-07-15,86,SKU-10086,0,0.0
2026-07-16,86,SKU-10086,1,90.62
2026-07-17,86,SKU-10086,0,0.0
2026-07-18,86,SKU-10086,1,90.62
2026-07-19,86,SKU-10086,0,0.0
2026-07-20,86,SKU-10086,3,271.86
2026-07-21,86,SKU-10086,0,0.0
2026-07-22,86,SKU-10086,1,90.62
2026-07-23,86,SKU-10086,0,0.0
2026-07-24,86,SKU-10086,0,0.0
2026-07-25,86,SKU-10086,1,90.62
2026-07-26,86,SKU-10086,0,0.0
2026-07-27,86,SKU-10086,2,181.24
2026-07-28,86,SKU-10086,0,0.0
2026-07-29,86,SKU-10086,1,90.62
2026-07-30,86,SKU-10086,0,0.0
2026-07-31,86,SKU-10086,0,0.0
2026-08-01,86,SKU-10086,0,0.0
2026-08-02,86,SKU-10086,0,0.0
2026-08-03,86,SKU-10086,4,362.48
2026-08-04,86,SKU-10086,0,0.0
2026-08-05,86,SKU-10086,1,90.62
2026-08-06,86,SKU-10086,1,90.62
2026-08-07,86,SKU-10086,2,181.24
2026-08-08,86,SKU-10086,0,0.0
2026-08-09,86,SKU-10086,1,90.62
2026-08-10,86,SKU-10086,0,0.0
2026-08-11,86,SKU-10086,0,0.0
2026-08-12,86,SKU-10086,1,90.62
2026-08-13,86,SKU-10086,2,181.24
2026-08-14,86,SKU-10086,1,90.62
2026-08-15,86,SKU-10086,0,0.0
2026-08-16,86,SKU-10086,1,90.62
2026-08-17,86,SKU-10086,0,0.0
2026-08-18,86,SKU-10086,3,271.86
2026-08-19,86,SKU-10086,2,181.24
2026-08-20,86,SKU-10086,0,0.0
2026-08-21,86,SKU-10086,1,90.62
2026-08-22,86,SKU-10086,1,90.62
2026-08-23,86,SKU-10086,0,0.0
2026-08-24,86,SKU-10086,0,0.0
2026-08-25,86,SKU-10086,0,0.0
2026-08-26,86,SKU-10086,3,271.86
2026-05-29,87,SKU-10087,4,323.64
2026-05-30,87,SKU-10087,0,0.0
2026-05-31,87,SKU-10087,1,80.91
2026-06-01,87,SKU-10087,3,242.73
2026-06-02,87,SKU-10087,1,80.91
2026-06-03,87,SKU-10087,2,161.82
2026-06-04,87,SKU-10087,2,161.82
2026-06-05,87,SKU-10087,0,0.0
2026-06-06,87,SKU-10087,0,0.0
2026-06-07,87,SKU-10087,3,242.73
2026-06-08,87,SKU-10087,1,80.91
2026-06-09,87,SKU-10087,2,161.82
2026-06-10,87,SKU-10087,0,0.0
2026-06-11,87,SKU-10087,1,80.91
2026-06-12,87,SKU-10087,0,0.0
2026-06-13,87,SKU-10087,2,161.82
2026-06-14,87,SKU-10087,0,0.0
2026-06-15,87,SKU-10087,2,161.82
2026-06-16,87,SKU-10087,0,0.0
2026-06-17,87,SKU-10087,1,80.91
2026-06-18,87,SKU-10087,2,161.82
2026-06-19,87,SKU-10087,0,0.0
2026-06-20,87,SKU-10087,1,80.91
2026-06-21,87,SKU-10087,0,0.0
2026-06-22,87,SKU-10087,1,80.91
2026-06-23,87,SKU-10087,1,80.91
2026-06-24,87,SKU-10087,2,161.82
2026-06-25,87,SKU-10087,0,0.0
2026-06-26,87,SKU-10087,0,0.0
2026-06-27,87,SKU-10087,1,80.91
2026-06-28,87,SKU-10087,0,0.0
2026-06-29,87,SKU-10087,2,161.82
2026-06-30,87,SKU-10087,0,0.0
2026-07-01,87,SKU-10087,1,80.91
2026-07-02,87,SKU-10087,1,80.91
2026-07-03,87,SKU-10087,1,80.91
2026-07-04,87,SKU-10087,0,0.0
2026-07-05,87,SKU-10087,1,80.91
2026-07-06,87,SKU-10087,2,161.82
2026-07-07,87,SKU-10087,1,80.91
2026-07-08,87,SKU-10087,3,242.73
2026-07-09,87,SKU-10087,2,161.82
2026-07-10,87,SKU-10087,0,0.0
2026-07-11,87,SKU-10087,2,161.82
2026-07-12,87,SKU-10087,1,80.91
2026-07-13,87,SKU-10087,0,0.0
2026-07-14,87,SKU-10087,1,80.91
2026-07-15,87,SKU-10087,0,0.0
2026-07-16,87,SKU-10087,0,0.0
2026-07-17,87,SKU-10087,1,80.91
2026-07-18,87,SKU-10087,0,0.0
2026-07-19,87,SKU-10087,2,161.82
2026-07-20,87,SKU-10087,0,0.0
2026-07-21,87,SKU-10087,0,0.0
2026-07-22,87,SKU-10087,0,0.0
2026-07-23,87,SKU-10087,1,80.91
2026-07-24,87,SKU-10087,0,0.0
2026-07-25,87,SKU-10087,1,80.91
2026-07-26,87,SKU-10087,0,0.0
2026-07-27,87,SKU-10087,1,80.91
2026-07-28,87,SKU-10087,0,0.0
2026-07-29,87,SKU-10087,0,0.0
2026-07-30,87,SKU-10087,0,0.0
2026-07-31,87,SKU-10087,0,0.0
2026-08-01,87,SKU-10087,1,80.91
2026-08-02,87,SKU-10087,0,0.0
2026-08-03,87,SKU-10087,4,323.64
2026-08-04,87,SKU-10087,0,0.0
2026-08-05,87,SKU-10087,1,80.91
2026-08-06,87,SKU-10087,1,80.91
2026-08-07,87,SKU-10087,0,0.0
2026-08-08,87,SKU-10087,0,0.0
2026-08-09,87,SKU-10087,1,80.91
2026-08-10,87,SKU-10087,4,323.64
2026-08-11,87,SKU-10087,0,0.0
2026-08-12,87,SKU-10087,0,0.0
2026-08-13,87,SKU-10087,2,161.82
2026-08-14,87,SKU-10087,0,0.0
2026-08-15,87,SKU-10087,2,161.82
2026-08-16,87,SKU-10087,1,80.91
2026-08-17,87,SKU-10087,1,80.91
2026-08-18,87,SKU-10087,1,80.91
2026-08-19,87,SKU-10087,1,80.91
2026-08-20,87,SKU-10087,2,161.82
2026-08-21,87,SKU-10087,0,0.0
2026-08-22,87,SKU-10087,2,161.82
2026-08-23,87,SKU-10087,2,161.82
2026-08-24,87,SKU-10087,2,161.82
2026-08-25,87,SKU-10087,1,80.91
2026-08-26,87,SKU-10087,1,80.91
2026-05-29,88,SKU-10088,3,127.11
2026-05-30,88,SKU-10088,2,84.74
2026-05-31,88,SKU-10088,3,127.11
2026-06-01,88,SKU-10088,0,0.0
2026-06-02,88,SKU-10088,4,169.48
2026-06-03,88,SKU-10088,1,42.37
2026-06-04,88,SKU-10088,1,42.37
2026-06-05,88,SKU-10088,2,84.74
2026-06-06,88,SKU-10088,3,127.11
2026-06-07,88,SKU-10088,2,84.74
2026-06-08,88,SKU-10088,2,84.74
2026-06-09,88,SKU-10088,1,42.37
2026-06-10,88,SKU-10088,0,0.0
2026-06-11,88,SKU-10088,1,42.37
2026-06-12,88,SKU-10088,4,169.48
2026-06-13,88,SKU-10088,1,42.37
2026-06-14,88,SKU-10088,1,42.37
2026-06-15,88,SKU-10088,4,169.48
2026-06-16,88,SKU-10088,2,84.74
2026-06-17,88,SKU-10088,3,127.11
2026-06-18,88,SKU-10088,2,84.74
2026-06-19,88,SKU-10088,3,127.11
2026-06-20,88,SKU-10088,2,84.74
2026-06-21,88,SKU-10088,0,0.0
2026-06-22,88,SKU-10088,4,169.48
2026-06-23,88,SKU-10088,1,42.37
2026-06-24,88,SKU-10088,4,169.48
2026-06-25,88,SKU-10088,1,42.37
2026-06-26,88,SKU-10088,2,84.74
2026-06-27,88,SKU-10088,3,127.11
2026-06-28,88,SKU-10088,2,84.74
2026-06-29,88,SKU-10088,1,42.37
2026-06-30,88,SKU-10088,3,127.11
2026-07-01,88,SKU-10088,3,127.11
2026-07-02,88,SKU-10088,0,0.0
2026-07-03,88,SKU-10088,4,169.48
2026-07-04,88,SKU-10088,3,127.11
2026-07-05,88,SKU-10088,0,0.0
2026-07-06,88,SKU-10088,2,84.74
2026-07-07,88,SKU-10088,2,84.74
2026-07-08,88,SKU-10088,4,169.48
2026-07-09,88,SKU-10088,2,84.74
2026-07-10,88,SKU-10088,3,127.11
2026-07-11,88,SKU-10088,6,254.22
2026-07-12,88,SKU-10088,1,42.37
2026-07-13,88,SKU-10088,3,127.11
2026-07-14,88,SKU-10088,1,42.37
2026-07-15,88,SKU-10088,2,84.74
2026-07-16,88,SKU-10088,2,84.74
2026-07-17,88,SKU-10088,2,84.74
2026-07-18,88,SKU-10088,3,127.11
2026-07-19,88,SKU-10088,0,0.0
2026-07-20,88,SKU-10088,4,169.48
2026-07-21,88,SKU-10088,2,84.74
2026-07-22,88,SKU-10088,3,127.11
2026-07-23,88,SKU-10088,3,127.11
2026-07-24,88,SKU-10088,5,211.85
2026-07-25,88,SKU-10088,1,42.37
2026-07-26,88,SKU-10088,2,84.74
2026-07-27,88,SKU-10088,4,169.48
2026-07-28,88,SKU-10088,5,211.85
2026-07-29,88,SKU-10088,4,169.48
2026-07-30,88,SKU-10088,2,84.74
2026-07-31,88,SKU-10088,1,42.37
2026-08-01,88,SKU-10088,4,169.48
2026-08-02,88,SKU-10088,3,127.11
2026-08-03,88,SKU-10088,3,127.11
2026-08-04,88,SKU-10088,4,169.48
2026-08-05,88,SKU-10088,3,127.11
2026-08-06,88,SKU-10088,1,42.37
2026-08-07,88,SKU-10088,3,127.11
2026-08-08,88,SKU-10088,4,169.48
2026-08-09,88,SKU-10088,3,127.11
2026-08-10,88,SKU-10088,1,42.37
2026-08-11,88,SKU-10088,3,127.11
2026-08-12,88,SKU-10088,5,211.85
2026-08-13,88,SKU-10088,1,42.37
2026-08-14,88,SKU-10088,0,0.0
2026-08-15,88,SKU-10088,4,169.48
2026-08-16,88,SKU-10088,2,84.74
2026-08-17,88,SKU-10088,7,296.59
2026-08-18,88,SKU-10088,4,169.48
2026-08-19,88,SKU-10088,2,84.74
2026-08-20,88,SKU-10088,2,84.74
2026-08-21,88,SKU-10088,3,127.11
2026-08-22,88,SKU-10088,1,42.37
2026-08-23,88,SKU-10088,1,42.37
2026-08-24,88,SKU-10088,1,42.37
2026-08-25,88,SKU-10088,1,42.37
2026-08-26,88,SKU-10088,8,338.96
2026-05-29,89,SKU-10089,1,89.12
2026-05-30,89,SKU-10089,1,89.12
2026-05-31,89,SKU-10089,1,89.12
2026-06-01,89,SKU-10089,3,267.36
2026-06-02,89,SKU-10089,0,0.0
2026-06-03,89,SKU-10089,1,89.12
2026-06-04,89,SKU-10089,0,0.0
2026-06-05,89,SKU-10089,1,89.12
2026-06-06,89,SKU-10089,0,0.0
2026-06-07,89,SKU-10089,1,89.12
2026-06-08,89,SKU-10089,1,89.12
2026-06-09,89,SKU-10089,2,178.24
2026-06-10,89,SKU-10089,0,0.0
2026-06-11,89,SKU-10089,2,178.24
2026-06-12,89,SKU-10089,0,0.0
2026-06-13,89,SKU-10089,1,89.12
2026-06-14,89,SKU-10089,1,89.12
2026-06-15,89,SKU-10089,0,0.0
2026-06-16,89,SKU-10089,1,89.12
2026-06-17,89,SKU-10089,0,0.0
2026-06-18,89,SKU-10089,0,0.0
2026-06-19,89,SKU-10089,0,0.0
2026-06-20,89,SKU-10089,0,0.0
2026-06-21,89,SKU-10089,3,267.36
2026-06-22,89,SKU-10089,0,0.0
2026-06-23,89,SKU-10089,1,89.12
2026-06-24,89,SKU-10089,1,89.12
2026-06-25,89,SKU-10089,1,89.12
2026-06-26,89,SKU-10089,1,89.12
2026-06-27,89,SKU-10089,0,0.0
2026-06-28,89,SKU-10089,1,89.12
2026-06-29,89,SKU-10089,1,89.12
2026-06-30,89,SKU-10089,1,89.12
2026-07-01,89,SKU-10089,0,0.0
2026-07-02,89,SKU-10089,1,89.12
2026-07-03,89,SKU-10089,2,178.24
2026-07-04,89,SKU-10089,0,0.0
2026-07-05,89,SKU-10089,0,0.0
2026-07-06,89,SKU-10089,2,178.24
2026-07-07,89,SKU-10089,1,89.12
2026-07-08,89,SKU-10089,1,89.12
2026-07-09,89,SKU-10089,1,89.12
2026-07-10,89,SKU-10089,2,178.24
2026-07-11,89,SKU-10089,3,267.36
2026-07-12,89,SKU-10089,0,0.0
2026-07-13,89,SKU-10089,2,178.24
2026-07-14,89,SKU-10089,0,0.0
2026-07-15,89,SKU-10089,1,89.12
2026-07-16,89,SKU-10089,1,89.12
2026-07-17,89,SKU-10089,1,89.12
2026-07-18,89,SKU-10089,0,0.0
2026-07-19,89,SKU-10089,1,89.12
2026-07-20,89,SKU-10089,0,0.0
2026-07-21,89,SKU-10089,0,0.0
2026-07-22,89,SKU-10089,2,178.24
2026-07-23,89,SKU-10089,1,89.12
2026-07-24,89,SKU-10089,0,0.0
2026-07-25,89,SKU-10089,0,0.0
2026-07-26,89,SKU-10089,1,89.12
2026-07-27,89,SKU-10089,1,89.12
2026-07-28,89,SKU-10089,0,0.0
2026-07-29,89,SKU-10089,2,178.24
2026-07-30,89,SKU-10089,2,178.24
2026-07-31,89,SKU-10089,0,0.0
2026-08-01,89,SKU-10089,2,178.24
2026-08-02,89,SKU-10089,0,0.0
2026-08-03,89,SKU-10089,2,178.24
2026-08-04,89,SKU-10089,2,178.24
2026-08-05,89,SKU-10089,3,267.36
2026-08-06,89,SKU-10089,2,178.24
2026-08-07,89,SKU-10089,3,267.36
2026-08-08,89,SKU-10089,2,178.24
2026-08-09,89,SKU-10089,1,89.12
2026-08-10,89,SKU-10089,3,267.36
2026-08-11,89,SKU-10089,2,178.24
2026-08-12,89,SKU-10089,2,178.24
2026-08-13,89,SKU-10089,0,0.0
2026-08-14,89,SKU-10089,2,178.24
2026-08-15,89,SKU-10089,2,178.24
2026-08-16,89,SKU-10089,1,89.12
2026-08-17,89,SKU-10089,3,267.36
2026-08-18,89,SKU-10089,3,267.36
2026-08-19,89,SKU-10089,2,178.24
2026-08-20,89,SKU-10089,0,0.0
2026-08-21,89,SKU-10089,1,89.12
2026-08-22,89,SKU-10089,0,0.0
2026-08-23,89,SKU-10089,1,89.12
2026-08-24,89,SKU-10089,2,178.24
2026-08-25,89,SKU-10089,1,89.12
2026-08-26,89,SKU-10089,2,178.24
2026-05-29,90,SKU-10090,0,0.0
2026-05-30,90,SKU-10090,0,0.0
2026-05-31,90,SKU-10090,0,0.0
2026-06-01,90,SKU-10090,0,0.0
2026-06-02,90,SKU-10090,0,0.0
2026-06-03,90,SKU-10090,0,0.0
2026-06-04,90,SKU-10090,0,0.0
2026-06-05,90,SKU-10090,0,0.0
2026-06-06,90,SKU-10090,0,0.0
2026-06-07,90,SKU-10090,0,0.0
2026-06-08,90,SKU-10090,0,0.0
2026-06-09,90,SKU-10090,0,0.0
2026-06-10,90,SKU-10090,0,0.0
2026-06-11,90,SKU-10090,0,0.0
2026-06-12,90,SKU-10090,0,0.0
2026-06-13,90,SKU-10090,0,0.0
2026-06-14,90,SKU-10090,0,0.0
2026-06-15,90,SKU-10090,0,0.0
2026-06-16,90,SKU-10090,0,0.0
2026-06-17,90,SKU-10090,0,0.0
2026-06-18,90,SKU-10090,0,0.0
2026-06-19,90,SKU-10090,0,0.0
2026-06-20,90,SKU-10090,0,0.0
2026-06-21,90,SKU-10090,0,0.0
2026-06-22,90,SKU-10090,0,0.0
2026-06-23,90,SKU-10090,0,0.0
2026-06-24,90,SKU-10090,0,0.0
2026-06-25,90,SKU-10090,0,0.0
2026-06-26,90,SKU-10090,0,0.0
2026-06-27,90,SKU-10090,0,0.0
2026-06-28,90,SKU-10090,0,0.0
2026-06-29,90,SKU-10090,0,0.0
2026-06-30,90,SKU-10090,0,0.0
2026-07-01,90,SKU-10090,0,0.0
2026-07-02,90,SKU-10090,0,0.0
2026-07-03,90,SKU-10090,0,0.0
2026-07-04,90,SKU-10090,0,0.0
2026-07-05,90,SKU-10090,0,0.0
2026-07-06,90,SKU-10090,0,0.0
2026-07-07,90,SKU-10090,0,0.0
2026-07-08,90,SKU-10090,0,0.0
2026-07-09,90,SKU-10090,0,0.0
2026-07-10,90,SKU-10090,0,0.0
2026-07-11,90,SKU-10090,0,0.0
2026-07-12,90,SKU-10090,0,0.0
2026-07-13,90,SKU-10090,0,0.0
2026-07-14,90,SKU-10090,0,0.0
2026-07-15,90,SKU-10090,0,0.0
2026-07-16,90,SKU-10090,0,0.0
2026-07-17,90,SKU-10090,0,0.0
2026-07-18,90,SKU-10090,0,0.0
2026-07-19,90,SKU-10090,0,0.0
2026-07-20,90,SKU-10090,0,0.0
2026-07-21,90,SKU-10090,0,0.0
2026-07-22,90,SKU-10090,0,0.0
2026-07-23,90,SKU-10090,0,0.0
2026-07-24,90,SKU-10090,0,0.0
2026-07-25,90,SKU-10090,0,0.0
2026-07-26,90,SKU-10090,0,0.0
2026-07-27,90,SKU-10090,0,0.0
2026-07-28,90,SKU-10090,0,0.0
2026-07-29,90,SKU-10090,0,0.0
2026-07-30,90,SKU-10090,0,0.0
2026-07-31,90,SKU-10090,0,0.0
2026-08-01,90,SKU-10090,0,0.0
2026-08-02,90,SKU-10090,0,0.0
2026-08-03,90,SKU-10090,0,0.0
2026-08-04,90,SKU-10090,0,0.0
2026-08-05,90,SKU-10090,0,0.0
2026-08-06,90,SKU-10090,0,0.0
2026-08-07,90,SKU-10090,0,0.0
2026-08-08,90,SKU-10090,0,0.0
2026-08-09,90,SKU-10090,0,0.0
2026-08-10,90,SKU-10090,0,0.0
2026-08-11,90,SKU-10090,0,0.0
2026-08-12,90,SKU-10090,0,0.0
2026-08-13,90,SKU-10090,0,0.0
2026-08-14,90,SKU-10090,0,0.0
2026-08-15,90,SKU-10090,0,0.0
2026-08-16,90,SKU-10090,0,0.0
2026-08-17,90,SKU-10090,0,0.0
2026-08-18,90,SKU-10090,0,0.0
2026-08-19,90,SKU-10090,0,0.0
2026-08-20,90,SKU-10090,0,0.0
2026-08-21,90,SKU-10090,0,0.0
2026-08-22,90,SKU-10090,0,0.0
2026-08-23,90,SKU-10090,0,0.0
2026-08-24,90,SKU-10090,0,0.0
2026-08-25,90,SKU-10090,0,0.0
2026-08-26,90,SKU-10090,0,0.0
2026-05-29,91,SKU-10091,0,0.0
2026-05-30,91,SKU-10091,0,0.0
2026-05-31,91,SKU-10091,0,0.0
2026-06-01,91,SKU-10091,0,0.0
2026-06-02,91,SKU-10091,0,0.0
2026-06-03,91,SKU-10091,0,0.0
2026-06-04,91,SKU-10091,0,0.0
2026-06-05,91,SKU-10091,0,0.0
2026-06-06,91,SKU-10091,0,0.0
2026-06-07,91,SKU-10091,0,0.0
2026-06-08,91,SKU-10091,0,0.0
2026-06-09,91,SKU-10091,0,0.0
2026-06-10,91,SKU-10091,0,0.0
2026-06-11,91,SKU-10091,0,0.0
2026-06-12,91,SKU-10091,0,0.0
2026-06-13,91,SKU-10091,0,0.0
2026-06-14,91,SKU-10091,0,0.0
2026-06-15,91,SKU-10091,0,0.0
2026-06-16,91,SKU-10091,0,0.0
2026-06-17,91,SKU-10091,0,0.0
2026-06-18,91,SKU-10091,0,0.0
2026-06-19,91,SKU-10091,0,0.0
2026-06-20,91,SKU-10091,0,0.0
2026-06-21,91,SKU-10091,0,0.0
2026-06-22,91,SKU-10091,0,0.0
2026-06-23,91,SKU-10091,0,0.0
2026-06-24,91,SKU-10091,0,0.0
2026-06-25,91,SKU-10091,0,0.0
2026-06-26,91,SKU-10091,0,0.0
2026-06-27,91,SKU-10091,0,0.0
2026-06-28,91,SKU-10091,0,0.0
2026-06-29,91,SKU-10091,0,0.0
2026-06-30,91,SKU-10091,0,0.0
2026-07-01,91,SKU-10091,0,0.0
2026-07-02,91,SKU-10091,0,0.0
2026-07-03,91,SKU-10091,0,0.0
2026-07-04,91,SKU-10091,0,0.0
2026-07-05,91,SKU-10091,0,0.0
2026-07-06,91,SKU-10091,0,0.0
2026-07-07,91,SKU-10091,0,0.0
2026-07-08,91,SKU-10091,0,0.0
2026-07-09,91,SKU-10091,0,0.0
2026-07-10,91,SKU-10091,0,0.0
2026-07-11,91,SKU-10091,0,0.0
2026-07-12,91,SKU-10091,0,0.0
2026-07-13,91,SKU-10091,0,0.0
2026-07-14,91,SKU-10091,0,0.0
2026-07-15,91,SKU-10091,0,0.0
2026-07-16,91,SKU-10091,0,0.0
2026-07-17,91,SKU-10091,0,0.0
2026-07-18,91,SKU-10091,0,0.0
2026-07-19,91,SKU-10091,0,0.0
2026-07-20,91,SKU-10091,0,0.0
2026-07-21,91,SKU-10091,0,0.0
2026-07-22,91,SKU-10091,0,0.0
2026-07-23,91,SKU-10091,0,0.0
2026-07-24,91,SKU-10091,0,0.0
2026-07-25,91,SKU-10091,0,0.0
2026-07-26,91,SKU-10091,0,0.0
2026-07-27,91,SKU-10091,0,0.0
2026-07-28,91,SKU-10091,0,0.0
2026-07-29,91,SKU-10091,0,0.0
2026-07-30,91,SKU-10091,0,0.0
2026-07-31,91,SKU-10091,0,0.0
2026-08-01,91,SKU-10091,0,0.0
2026-08-02,91,SKU-10091,0,0.0
2026-08-03,91,SKU-10091,0,0.0
2026-08-04,91,SKU-10091,0,0.0
2026-08-05,91,SKU-10091,0,0.0
2026-08-06,91,SKU-10091,0,0.0
2026-08-07,91,SKU-10091,0,0.0
2026-08-08,91,SKU-10091,0,0.0
2026-08-09,91,SKU-10091,0,0.0
2026-08-10,91,SKU-10091,0,0.0
2026-08-11,91,SKU-10091,0,0.0
2026-08-12,91,SKU-10091,0,0.0
2026-08-13,91,SKU-10091,0,0.0
2026-08-14,91,SKU-10091,0,0.0
2026-08-15,91,SKU-10091,0,0.0
2026-08-16,91,SKU-10091,0,0.0
2026-08-17,91,SKU-10091,0,0.0
2026-08-18,91,SKU-10091,0,0.0
2026-08-19,91,SKU-10091,0,0.0
2026-08-20,91,SKU-10091,0,0.0
2026-08-21,91,SKU-10091,0,0.0
2026-08-22,91,SKU-10091,0,0.0
2026-08-23,91,SKU-10091,0,0.0
2026-08-24,91,SKU-10091,0,0.0
2026-08-25,91,SKU-10091,0,0.0
2026-08-26,91,SKU-10091,0,0.0
2026-05-29,92,SKU-10092,5,407.05
2026-05-30,92,SKU-10092,5,407.05
2026-05-31,92,SKU-10092,4,325.64
2026-06-01,92,SKU-10092,10,814.1
2026-06-02,92,SKU-10092,3,244.23
2026-06-03,92,SKU-10092,5,407.05
2026-06-04,92,SKU-10092,4,325.64
2026-06-05,92,SKU-10092,3,244.23
2026-06-06,92,SKU-10092,7,569.87
2026-06-07,92,SKU-10092,5,407.05
2026-06-08,92,SKU-10092,1,81.41
2026-06-09,92,SKU-10092,2,162.82
2026-06-10,92,SKU-10092,4,325.64
2026-06-11,92,SKU-10092,4,325.64
2026-06-12,92,SKU-10092,3,244.23
2026-06-13,92,SKU-10092,7,569.87
2026-06-14,92,SKU-10092,5,407.05
2026-06-15,92,SKU-10092,4,325.64
2026-06-16,92,SKU-10092,5,407.05
2026-06-17,92,SKU-10092,3,244.23
2026-06-18,92,SKU-10092,4,325.64
2026-06-19,92,SKU-10092,6,488.46
2026-06-20,92,SKU-10092,5,407.05
2026-06-21,92,SKU-10092,5,407.05
2026-06-22,92,SKU-10092,4,325.64
2026-06-23,92,SKU-10092,3,244.23
2026-06-24,92,SKU-10092,6,488.46
2026-06-25,92,SKU-10092,3,244.23
2026-06-26,92,SKU-10092,4,325.64
2026-06-27,92,SKU-10092,8,651.28
2026-06-28,92,SKU-10092,5,407.05
2026-06-29,92,SKU-10092,3,244.23
2026-06-30,92,SKU-10092,3,244.23
2026-07-01,92,SKU-10092,4,325.64
2026-07-02,92,SKU-10092,2,162.82
2026-07-03,92,SKU-10092,2,162.82
2026-07-04,92,SKU-10092,7,569.87
2026-07-05,92,SKU-10092,5,407.05
2026-07-06,92,SKU-10092,3,244.23
2026-07-07,92,SKU-10092,7,569.87
2026-07-08,92,SKU-10092,4,325.64
2026-07-09,92,SKU-10092,2,162.82
2026-07-10,92,SKU-10092,5,407.05
2026-07-11,92,SKU-10092,5,407.05
2026-07-12,92,SKU-10092,4,325.64
2026-07-13,92,SKU-10092,3,244.23
2026-07-14,92,SKU-10092,4,325.64
2026-07-15,92,SKU-10092,9,732.69
2026-07-16,92,SKU-10092,3,244.23
2026-07-17,92,SKU-10092,3,244.23
2026-07-18,92,SKU-10092,4,325.64
2026-07-19,92,SKU-10092,3,244.23
2026-07-20,92,SKU-10092,4,325.64
2026-07-21,92,SKU-10092,5,407.05
2026-07-22,92,SKU-10092,4,325.64
2026-07-23,92,SKU-10092,3,244.23
2026-07-24,92,SKU-10092,2,162.82
2026-07-25,92,SKU-10092,8,651.28
2026-07-26,92,SKU-10092,7,569.87
2026-07-27,92,SKU-10092,10,814.1
2026-07-28,92,SKU-10092,3,244.23
2026-07-29,92,SKU-10092,3,244.23
2026-07-30,92,SKU-10092,4,325.64
2026-07-31,92,SKU-10092,9,732.69
2026-08-01,92,SKU-10092,5,407.05
2026-08-02,92,SKU-10092,3,244.23
2026-08-03,92,SKU-10092,5,407.05
2026-08-04,92,SKU-10092,4,325.64
2026-08-05,92,SKU-10092,4,325.64
2026-08-06,92,SKU-10092,3,244.23
2026-08-07,92,SKU-10092,5,407.05
2026-08-08,92,SKU-10092,8,651.28
2026-08-09,92,SKU-10092,4,325.64
2026-08-10,92,SKU-10092,5,407.05
2026-08-11,92,SKU-10092,4,325.64
2026-08-12,92,SKU-10092,7,569.87
2026-08-13,92,SKU-10092,3,244.23
2026-08-14,92,SKU-10092,4,325.64
2026-08-15,92,SKU-10092,7,569.87
2026-08-16,92,SKU-10092,6,488.46
2026-08-17,92,SKU-10092,9,732.69
2026-08-18,92,SKU-10092,7,569.87
2026-08-19,92,SKU-10092,1,81.41
2026-08-20,92,SKU-10092,5,407.05
2026-08-21,92,SKU-10092,2,162.82
2026-08-22,92,SKU-10092,8,651.28
2026-08-23,92,SKU-10092,2,162.82
2026-08-24,92,SKU-10092,4,325.64
2026-08-25,92,SKU-10092,4,325.64
2026-08-26,92,SKU-10092,2,162.82
2026-05-29,93,SKU-10093,0,0.0
2026-05-30,93,SKU-10093,1,10.75
2026-05-31,93,SKU-10093,1,10.75
2026-06-01,93,SKU-10093,1,10.75
2026-06-02,93,SKU-10093,2,21.5
2026-06-03,93,SKU-10093,1,10.75
2026-06-04,93,SKU-10093,1,10.75
2026-06-05,93,SKU-10093,0,0.0
2026-06-06,93,SKU-10093,0,0.0
2026-06-07,93,SKU-10093,0,0.0
2026-06-08,93,SKU-10093,0,0.0
2026-06-09,93,SKU-10093,0,0.0
2026-06-10,93,SKU-10093,2,21.5
2026-06-11,93,SKU-10093,0,0.0
2026-06-12,93,SKU-10093,0,0.0
2026-06-13,93,SKU-10093,0,0.0
2026-06-14,93,SKU-10093,0,0.0
2026-06-15,93,SKU-10093,0,0.0
2026-06-16,93,SKU-10093,1,10.75
2026-06-17,93,SKU-10093,3,32.25
2026-06-18,93,SKU-10093,1,10.75
2026-06-19,93,SKU-10093,1,10.75
2026-06-20,93,SKU-10093,1,10.75
2026-06-21,93,SKU-10093,2,21.5
2026-06-22,93,SKU-10093,1,10.75
2026-06-23,93,SKU-10093,2,21.5
2026-06-24,93,SKU-10093,0,0.0
2026-06-25,93,SKU-10093,0,0.0
2026-06-26,93,SKU-10093,1,10.75
2026-06-27,93,SKU-10093,0,0.0
2026-06-28,93,SKU-10093,0,0.0
2026-06-29,93,SKU-10093,0,0.0
2026-06-30,93,SKU-10093,1,10.75
2026-07-01,93,SKU-10093,0,0.0
2026-07-02,93,SKU-10093,0,0.0
2026-07-03,93,SKU-10093,1,10.75
2026-07-04,93,SKU-10093,1,10.75
2026-07-05,93,SKU-10093,1,10.75
2026-07-06,93,SKU-10093,0,0.0
2026-07-07,93,SKU-10093,0,0.0
2026-07-08,93,SKU-10093,0,0.0
2026-07-09,93,SKU-10093,1,10.75
2026-07-10,93,SKU-10093,2,21.5
2026-07-11,93,SKU-10093,0,0.0
2026-07-12,93,SKU-10093,0,0.0
2026-07-13,93,SKU-10093,0,0.0
2026-07-14,93,SKU-10093,0,0.0
2026-07-15,93,SKU-10093,3,32.25
2026-07-16,93,SKU-10093,1,10.75
2026-07-17,93,SKU-10093,0,0.0
2026-07-18,93,SKU-10093,2,21.5
2026-07-19,93,SKU-10093,1,10.75
2026-07-20,93,SKU-10093,0,0.0
2026-07-21,93,SKU-10093,0,0.0
2026-07-22,93,SKU-10093,0,0.0
2026-07-23,93,SKU-10093,2,21.5
2026-07-24,93,SKU-10093,1,10.75
2026-07-25,93,SKU-10093,0,0.0
2026-07-26,93,SKU-10093,0,0.0
2026-07-27,93,SKU-10093,1,10.75
2026-07-28,93,SKU-10093,0,0.0
2026-07-29,93,SKU-10093,0,0.0
2026-07-30,93,SKU-10093,2,21.5
2026-07-31,93,SKU-10093,1,10.75
2026-08-01,93,SKU-10093,0,0.0
2026-08-02,93,SKU-10093,0,0.0
2026-08-03,93,SKU-10093,1,10.75
2026-08-04,93,SKU-10093,0,0.0
2026-08-05,93,SKU-10093,2,21.5
2026-08-06,93,SKU-10093,1,10.75
2026-08-07,93,SKU-10093,1,10.75
2026-08-08,93,SKU-10093,2,21.5
2026-08-09,93,SKU-10093,0,0.0
2026-08-10,93,SKU-10093,0,0.0
2026-08-11,93,SKU-10093,1,10.75
2026-08-12,93,SKU-10093,1,10.75
2026-08-13,93,SKU-10093,0,0.0
2026-08-14,93,SKU-10093,2,21.5
2026-08-15,93,SKU-10093,0,0.0
2026-08-16,93,SKU-10093,1,10.75
2026-08-17,93,SKU-10093,1,10.75
2026-08-18,93,SKU-10093,2,21.5
2026-08-19,93,SKU-10093,0,0.0
2026-08-20,93,SKU-10093,0,0.0
2026-08-21,93,SKU-10093,0,0.0
2026-08-22,93,SKU-10093,1,10.75
2026-08-23,93,SKU-10093,0,0.0
2026-08-24,93,SKU-10093,2,21.5
2026-08-25,93,SKU-10093,3,32.25
2026-08-26,93,SKU-10093,1,10.75
2026-05-29,94,SKU-10094,0,0.0
2026-05-30,94,SKU-10094,1,82.85
2026-05-31,94,SKU-10094,1,82.85
2026-06-01,94,SKU-10094,1,82.85
2026-06-02,94,SKU-10094,0,0.0
2026-06-03,94,SKU-10094,0,0.0
2026-06-04,94,SKU-10094,1,82.85
2026-06-05,94,SKU-10094,0,0.0
2026-06-06,94,SKU-10094,0,0.0
2026-06-07,94,SKU-10094,0,0.0
2026-06-08,94,SKU-10094,0,0.0
2026-06-09,94,SKU-10094,1,82.85
2026-06-10,94,SKU-10094,0,0.0
2026-06-11,94,SKU-10094,0,0.0
2026-06-12,94,SKU-10094,2,165.7
2026-06-13,94,SKU-10094,0,0.0
2026-06-14,94,SKU-10094,1,82.85
2026-06-15,94,SKU-10094,2,165.7
2026-06-16,94,SKU-10094,1,82.85
2026-06-17,94,SKU-10094,0,0.0
2026-06-18,94,SKU-10094,0,0.0
2026-06-19,94,SKU-10094,0,0.0
2026-06-20,94,SKU-10094,1,82.85
2026-06-21,94,SKU-10094,1,82.85
2026-06-22,94,SKU-10094,0,0.0
2026-06-23,94,SKU-10094,0,0.0
2026-06-24,94,SKU-10094,1,82.85
2026-06-25,94,SKU-10094,0,0.0
2026-06-26,94,SKU-10094,0,0.0
2026-06-27,94,SKU-10094,0,0.0
2026-06-28,94,SKU-10094,2,165.7
2026-06-29,94,SKU-10094,1,82.85
2026-06-30,94,SKU-10094,1,82.85
2026-07-01,94,SKU-10094,0,0.0
2026-07-02,94,SKU-10094,0,0.0
2026-07-03,94,SKU-10094,1,82.85
2026-07-04,94,SKU-10094,1,82.85
2026-07-05,94,SKU-10094,1,82.85
2026-07-06,94,SKU-10094,0,0.0
2026-07-07,94,SKU-10094,1,82.85
2026-07-08,94,SKU-10094,0,0.0
2026-07-09,94,SKU-10094,0,0.0
2026-07-10,94,SKU-10094,5,414.25
2026-07-11,94,SKU-10094,0,0.0
2026-07-12,94,SKU-10094,1,82.85
2026-07-13,94,SKU-10094,1,82.85
2026-07-14,94,SKU-10094,0,0.0
2026-07-15,94,SKU-10094,1,82.85
2026-07-16,94,SKU-10094,0,0.0
2026-07-17,94,SKU-10094,1,82.85
2026-07-18,94,SKU-10094,2,165.7
2026-07-19,94,SKU-10094,1,82.85
2026-07-20,94,SKU-10094,0,0.0
2026-07-21,94,SKU-10094,2,165.7
2026-07-22,94,SKU-10094,0,0.0
2026-07-23,94,SKU-10094,0,0.0
2026-07-24,94,SKU-10094,1,82.85
2026-07-25,94,SKU-10094,0,0.0
2026-07-26,94,SKU-10094,0,0.0
2026-07-27,94,SKU-10094,0,0.0
2026-07-28,94,SKU-10094,0,0.0
2026-07-29,94,SKU-10094,1,82.85
2026-07-30,94,SKU-10094,0,0.0
2026-07-31,94,SKU-10094,1,82.85
2026-08-01,94,SKU-10094,0,0.0
2026-08-02,94,SKU-10094,2,165.7
2026-08-03,94,SKU-10094,0,0.0
2026-08-04,94,SKU-10094,4,331.4
2026-08-05,94,SKU-10094,1,82.85
2026-08-06,94,SKU-10094,1,82.85
2026-08-07,94,SKU-10094,3,248.55
2026-08-08,94,SKU-10094,2,165.7
2026-08-09,94,SKU-10094,1,82.85
2026-08-10,94,SKU-10094,0,0.0
2026-08-11,94,SKU-10094,0,0.0
2026-08-12,94,SKU-10094,1,82.85
2026-08-13,94,SKU-10094,1,82.85
2026-08-14,94,SKU-10094,1,82.85
2026-08-15,94,SKU-10094,1,82.85
2026-08-16,94,SKU-10094,1,82.85
2026-08-17,94,SKU-10094,2,165.7
2026-08-18,94,SKU-10094,2,165.7
2026-08-19,94,SKU-10094,0,0.0
2026-08-20,94,SKU-10094,0,0.0
2026-08-21,94,SKU-10094,1,82.85
2026-08-22,94,SKU-10094,0,0.0
2026-08-23,94,SKU-10094,1,82.85
2026-08-24,94,SKU-10094,1,82.85
2026-08-25,94,SKU-10094,1,82.85
2026-08-26,94,SKU-10094,1,82.85
2026-05-29,95,SKU-10095,0,0.0
2026-05-30,95,SKU-10095,3,396.03
2026-05-31,95,SKU-10095,1,132.01
2026-06-01,95,SKU-10095,1,132.01
2026-06-02,95,SKU-10095,1,132.01
2026-06-03,95,SKU-10095,0,0.0
2026-06-04,95,SKU-10095,2,264.02
2026-06-05,95,SKU-10095,1,132.01
2026-06-06,95,SKU-10095,2,264.02
2026-06-07,95,SKU-10095,1,132.01
2026-06-08,95,SKU-10095,1,132.01
2026-06-09,95,SKU-10095,0,0.0
2026-06-10,95,SKU-10095,1,132.01
2026-06-11,95,SKU-10095,2,264.02
2026-06-12,95,SKU-10095,1,132.01
2026-06-13,95,SKU-10095,5,660.05
2026-06-14,95,SKU-10095,0,0.0
2026-06-15,95,SKU-10095,0,0.0
2026-06-16,95,SKU-10095,1,132.01
2026-06-17,95,SKU-10095,0,0.0
2026-06-18,95,SKU-10095,2,264.02
2026-06-19,95,SKU-10095,0,0.0
2026-06-20,95,SKU-10095,2,264.02
2026-06-21,95,SKU-10095,1,132.01
2026-06-22,95,SKU-10095,0,0.0
2026-06-23,95,SKU-10095,1,132.01
2026-06-24,95,SKU-10095,0,0.0
2026-06-25,95,SKU-10095,0,0.0
2026-06-26,95,SKU-10095,0,0.0
2026-06-27,95,SKU-10095,1,132.01
2026-06-28,95,SKU-10095,0,0.0
2026-06-29,95,SKU-10095,1,132.01
2026-06-30,95,SKU-10095,2,264.02
2026-07-01,95,SKU-10095,0,0.0
2026-07-02,95,SKU-10095,1,132.01
2026-07-03,95,SKU-10095,1,132.01
2026-07-04,95,SKU-10095,1,132.01
2026-07-05,95,SKU-10095,1,132.01
2026-07-06,95,SKU-10095,1,132.01
2026-07-07,95,SKU-10095,0,0.0
2026-07-08,95,SKU-10095,1,132.01
2026-07-09,95,SKU-10095,2,264.02
2026-07-10,95,SKU-10095,1,132.01
2026-07-11,95,SKU-10095,1,132.01
2026-07-12,95,SKU-10095,1,132.01
2026-07-13,95,SKU-10095,2,264.02
2026-07-14,95,SKU-10095,3,396.03
2026-07-15,95,SKU-10095,3,396.03
2026-07-16,95,SKU-10095,2,264.02
2026-07-17,95,SKU-10095,0,0.0
2026-07-18,95,SKU-10095,3,396.03
2026-07-19,95,SKU-10095,2,264.02
2026-07-20,95,SKU-10095,1,132.01
2026-07-21,95,SKU-10095,0,0.0
2026-07-22,95,SKU-10095,2,264.02
2026-07-23,95,SKU-10095,2,264.02
2026-07-24,95,SKU-10095,0,0.0
2026-07-25,95,SKU-10095,1,132.01
2026-07-26,95,SKU-10095,4,528.04
2026-07-27,95,SKU-10095,2,264.02
2026-07-28,95,SKU-10095,1,132.01
2026-07-29,95,SKU-10095,3,396.03
2026-07-30,95,SKU-10095,2,264.02
2026-07-31,95,SKU-10095,1,132.01
2026-08-01,95,SKU-10095,1,132.01
2026-08-02,95,SKU-10095,1,132.01
2026-08-03,95,SKU-10095,1,132.01
2026-08-04,95,SKU-10095,1,132.01
2026-08-05,95,SKU-10095,1,132.01
2026-08-06,95,SKU-10095,2,264.02
2026-08-07,95,SKU-10095,0,0.0
2026-08-08,95,SKU-10095,1,132.01
2026-08-09,95,SKU-10095,1,132.01
2026-08-10,95,SKU-10095,1,132.01
2026-08-11,95,SKU-10095,2,264.02
2026-08-12,95,SKU-10095,1,132.01
2026-08-13,95,SKU-10095,2,264.02
2026-08-14,95,SKU-10095,1,132.01
2026-08-15,95,SKU-10095,2,264.02
2026-08-16,95,SKU-10095,2,264.02
2026-08-17,95,SKU-10095,2,264.02
2026-08-18,95,SKU-10095,2,264.02
2026-08-19,95,SKU-10095,2,264.02
2026-08-20,95,SKU-10095,0,0.0
2026-08-21,95,SKU-10095,1,132.01
2026-08-22,95,SKU-10095,2,264.02
2026-08-23,95,SKU-10095,1,132.01
2026-08-24,95,SKU-10095,0,0.0
2026-08-25,95,SKU-10095,1,132.01
2026-08-26,95,SKU-10095,4,528.04
2026-05-29,96,SKU-10096,1,41.54
2026-05-30,96,SKU-10096,3,124.62
2026-05-31,96,SKU-10096,1,41.54
2026-06-01,96,SKU-10096,1,41.54
2026-06-02,96,SKU-10096,3,124.62
2026-06-03,96,SKU-10096,3,124.62
2026-06-04,96,SKU-10096,0,0.0
2026-06-05,96,SKU-10096,0,0.0
2026-06-06,96,SKU-10096,2,83.08
2026-06-07,96,SKU-10096,2,83.08
2026-06-08,96,SKU-10096,2,83.08
2026-06-09,96,SKU-10096,1,41.54
2026-06-10,96,SKU-10096,1,41.54
2026-06-11,96,SKU-10096,1,41.54
2026-06-12,96,SKU-10096,1,41.54
2026-06-13,96,SKU-10096,2,83.08
2026-06-14,96,SKU-10096,2,83.08
2026-06-15,96,SKU-10096,1,41.54
2026-06-16,96,SKU-10096,3,124.62
2026-06-17,96,SKU-10096,2,83.08
2026-06-18,96,SKU-10096,2,83.08
2026-06-19,96,SKU-10096,2,83.08
2026-06-20,96,SKU-10096,1,41.54
2026-06-21,96,SKU-10096,2,83.08
2026-06-22,96,SKU-10096,0,0.0
2026-06-23,96,SKU-10096,3,124.62
2026-06-24,96,SKU-10096,7,290.78
2026-06-25,96,SKU-10096,1,41.54
2026-06-26,96,SKU-10096,2,83.08
2026-06-27,96,SKU-10096,2,83.08
2026-06-28,96,SKU-10096,2,83.08
2026-06-29,96,SKU-10096,3,124.62
2026-06-30,96,SKU-10096,3,124.62
2026-07-01,96,SKU-10096,2,83.08
2026-07-02,96,SKU-10096,2,83.08
2026-07-03,96,SKU-10096,1,41.54
2026-07-04,96,SKU-10096,3,124.62
2026-07-05,96,SKU-10096,1,41.54
2026-07-06,96,SKU-10096,1,41.54
2026-07-07,96,SKU-10096,2,83.08
2026-07-08,96,SKU-10096,2,83.08
2026-07-09,96,SKU-10096,6,249.24
2026-07-10,96,SKU-10096,3,124.62
2026-07-11,96,SKU-10096,3,124.62
2026-07-12,96,SKU-10096,1,41.54
2026-07-13,96,SKU-10096,1,41.54
2026-07-14,96,SKU-10096,2,83.08
2026-07-15,96,SKU-10096,3,124.62
2026-07-16,96,SKU-10096,2,83.08
2026-07-17,96,SKU-10096,1,41.54
2026-07-18,96,SKU-10096,2,83.08
2026-07-19,96,SKU-10096,1,41.54
2026-07-20,96,SKU-10096,1,41.54
2026-07-21,96,SKU-10096,1,41.54
2026-07-22,96,SKU-10096,1,41.54
2026-07-23,96,SKU-10096,1,41.54
2026-07-24,96,SKU-10096,5,207.7
2026-07-25,96,SKU-10096,2,83.08
2026-07-26,96,SKU-10096,3,124.62
2026-07-27,96,SKU-10096,2,83.08
2026-07-28,96,SKU-10096,3,124.62
2026-07-29,96,SKU-10096,3,124.62
2026-07-30,96,SKU-10096,2,83.08
2026-07-31,96,SKU-10096,6,249.24
2026-08-01,96,SKU-10096,4,166.16
2026-08-02,96,SKU-10096,0,0.0
2026-08-03,96,SKU-10096,6,249.24
2026-08-04,96,SKU-10096,1,41.54
2026-08-05,96,SKU-10096,0,0.0
2026-08-06,96,SKU-10096,0,0.0
2026-08-07,96,SKU-10096,3,124.62
2026-08-08,96,SKU-10096,0,0.0
2026-08-09,96,SKU-10096,3,124.62
2026-08-10,96,SKU-10096,1,41.54
2026-08-11,96,SKU-10096,3,124.62
2026-08-12,96,SKU-10096,3,124.62
2026-08-13,96,SKU-10096,1,41.54
2026-08-14,96,SKU-10096,7,290.78
2026-08-15,96,SKU-10096,2,83.08
2026-08-16,96,SKU-10096,4,166.16
2026-08-17,96,SKU-10096,2,83.08
2026-08-18,96,SKU-10096,2,83.08
2026-08-19,96,SKU-10096,2,83.08
2026-08-20,96,SKU-10096,1,41.54
2026-08-21,96,SKU-10096,1,41.54
2026-08-22,96,SKU-10096,3,124.62
2026-08-23,96,SKU-10096,5,207.7
2026-08-24,96,SKU-10096,3,124.62
2026-08-25,96,SKU-10096,4,166.16
2026-08-26,96,SKU-10096,1,41.54
2026-05-29,97,SKU-10097,1,16.24
2026-05-30,97,SKU-10097,0,0.0
2026-05-31,97,SKU-10097,0,0.0
2026-06-01,97,SKU-10097,0,0.0
2026-06-02,97,SKU-10097,2,32.48
2026-06-03,97,SKU-10097,3,48.72
2026-06-04,97,SKU-10097,1,16.24
2026-06-05,97,SKU-10097,0,0.0
2026-06-06,97,SKU-10097,1,16.24
2026-06-07,97,SKU-10097,2,32.48
2026-06-08,97,SKU-10097,2,32.48
2026-06-09,97,SKU-10097,2,32.48
2026-06-10,97,SKU-10097,0,0.0
2026-06-11,97,SKU-10097,1,16.24
2026-06-12,97,SKU-10097,3,48.72
2026-06-13,97,SKU-10097,3,48.72
2026-06-14,97,SKU-10097,0,0.0
2026-06-15,97,SKU-10097,2,32.48
2026-06-16,97,SKU-10097,0,0.0
2026-06-17,97,SKU-10097,2,32.48
2026-06-18,97,SKU-10097,2,32.48
2026-06-19,97,SKU-10097,0,0.0
2026-06-20,97,SKU-10097,3,48.72
2026-06-21,97,SKU-10097,0,0.0
2026-06-22,97,SKU-10097,1,16.24
2026-06-23,97,SKU-10097,0,0.0
2026-06-24,97,SKU-10097,3,48.72
2026-06-25,97,SKU-10097,1,16.24
2026-06-26,97,SKU-10097,2,32.48
2026-06-27,97,SKU-10097,1,16.24
2026-06-28,97,SKU-10097,3,48.72
2026-06-29,97,SKU-10097,4,64.96
2026-06-30,97,SKU-10097,3,48.72
2026-07-01,97,SKU-10097,3,48.72
2026-07-02,97,SKU-10097,3,48.72
2026-07-03,97,SKU-10097,3,48.72
2026-07-04,97,SKU-10097,2,32.48
2026-07-05,97,SKU-10097,1,16.24
2026-07-06,97,SKU-10097,1,16.24
2026-07-07,97,SKU-10097,4,64.96
2026-07-08,97,SKU-10097,3,48.72
2026-07-09,97,SKU-10097,2,32.48
2026-07-10,97,SKU-10097,0,0.0
2026-07-11,97,SKU-10097,2,32.48
2026-07-12,97,SKU-10097,2,32.48
2026-07-13,97,SKU-10097,1,16.24
2026-07-14,97,SKU-10097,0,0.0
2026-07-15,97,SKU-10097,1,16.24
2026-07-16,97,SKU-10097,0,0.0
2026-07-17,97,SKU-10097,3,48.72
2026-07-18,97,SKU-10097,1,16.24
2026-07-19,97,SKU-10097,0,0.0
2026-07-20,97,SKU-10097,2,32.48
2026-07-21,97,SKU-10097,0,0.0
2026-07-22,97,SKU-10097,1,16.24
2026-07-23,97,SKU-10097,2,32.48
2026-07-24,97,SKU-10097,3,48.72
2026-07-25,97,SKU-10097,1,16.24
2026-07-26,97,SKU-10097,3,48.72
2026-07-27,97,SKU-10097,2,32.48
2026-07-28,97,SKU-10097,0,0.0
2026-07-29,97,SKU-10097,1,16.24
2026-07-30,97,SKU-10097,3,48.72
2026-07-31,97,SKU-10097,1,16.24
2026-08-01,97,SKU-10097,1,16.24
2026-08-02,97,SKU-10097,2,32.48
2026-08-03,97,SKU-10097,2,32.48
2026-08-04,97,SKU-10097,3,48.72
2026-08-05,97,SKU-10097,2,32.48
2026-08-06,97,SKU-10097,3,48.72
2026-08-07,97,SKU-10097,0,0.0
2026-08-08,97,SKU-10097,2,32.48
2026-08-09,97,SKU-10097,1,16.24
2026-08-10,97,SKU-10097,3,48.72
2026-08-11,97,SKU-10097,1,16.24
2026-08-12,97,SKU-10097,2,32.48
2026-08-13,97,SKU-10097,3,48.72
2026-08-14,97,SKU-10097,1,16.24
2026-08-15,97,SKU-10097,0,0.0
2026-08-16,97,SKU-10097,3,48.72
2026-08-17,97,SKU-10097,0,0.0
2026-08-18,97,SKU-10097,2,32.48
2026-08-19,97,SKU-10097,2,32.48
2026-08-20,97,SKU-10097,2,32.48
2026-08-21,97,SKU-10097,1,16.24
2026-08-22,97,SKU-10097,6,97.44
2026-08-23,97,SKU-10097,2,32.48
2026-08-24,97,SKU-10097,1,16.24
2026-08-25,97,SKU-10097,2,32.48
2026-08-26,97,SKU-10097,4,64.96
2026-05-29,98,SKU-10098,6,137.28
2026-05-30,98,SKU-10098,5,114.4
2026-05-31,98,SKU-10098,2,45.76
2026-06-01,98,SKU-10098,2,45.76
2026-06-02,98,SKU-10098,2,45.76
2026-06-03,98,SKU-10098,2,45.76
2026-06-04,98,SKU-10098,0,0.0
2026-06-05,98,SKU-10098,3,68.64
2026-06-06,98,SKU-10098,6,137.28
2026-06-07,98,SKU-10098,1,22.88
2026-06-08,98,SKU-10098,2,45.76
2026-06-09,98,SKU-10098,3,68.64
2026-06-10,98,SKU-10098,2,45.76
2026-06-11,98,SKU-10098,0,0.0
2026-06-12,98,SKU-10098,5,114.4
2026-06-13,98,SKU-10098,3,68.64
2026-06-14,98,SKU-10098,2,45.76
2026-06-15,98,SKU-10098,1,22.88
2026-06-16,98,SKU-10098,5,114.4
2026-06-17,98,SKU-10098,0,0.0
2026-06-18,98,SKU-10098,0,0.0
2026-06-19,98,SKU-10098,2,45.76
2026-06-20,98,SKU-10098,1,22.88
2026-06-21,98,SKU-10098,1,22.88
2026-06-22,98,SKU-10098,1,22.88
2026-06-23,98,SKU-10098,2,45.76
2026-06-24,98,SKU-10098,4,91.52
2026-06-25,98,SKU-10098,4,91.52
2026-06-26,98,SKU-10098,2,45.76
2026-06-27,98,SKU-10098,2,45.76
2026-06-28,98,SKU-10098,3,68.64
2026-06-29,98,SKU-10098,2,45.76
2026-06-30,98,SKU-10098,5,114.4
2026-07-01,98,SKU-10098,2,45.76
2026-07-02,98,SKU-10098,4,91.52
2026-07-03,98,SKU-10098,3,68.64
2026-07-04,98,SKU-10098,2,45.76
2026-07-05,98,SKU-10098,2,45.76
2026-07-06,98,SKU-10098,3,68.64
2026-07-07,98,SKU-10098,3,68.64
2026-07-08,98,SKU-10098,1,22.88
2026-07-09,98,SKU-10098,0,0.0
2026-07-10,98,SKU-10098,4,91.52
2026-07-11,98,SKU-10098,3,68.64
2026-07-12,98,SKU-10098,2,45.76
2026-07-13,98,SKU-10098,7,160.16
2026-07-14,98,SKU-10098,0,0.0
2026-07-15,98,SKU-10098,3,68.64
2026-07-16,98,SKU-10098,2,45.76
2026-07-17,98,SKU-10098,5,114.4
2026-07-18,98,SKU-10098,2,45.76
2026-07-19,98,SKU-10098,3,68.64
2026-07-20,98,SKU-10098,0,0.0
2026-07-21,98,SKU-10098,0,0.0
2026-07-22,98,SKU-10098,2,45.76
2026-07-23,98,SKU-10098,3,68.64
2026-07-24,98,SKU-10098,5,114.4
2026-07-25,98,SKU-10098,4,91.52
2026-07-26,98,SKU-10098,2,45.76
2026-07-27,98,SKU-10098,1,22.88
2026-07-28,98,SKU-10098,2,45.76
2026-07-29,98,SKU-10098,2,45.76
2026-07-30,98,SKU-10098,2,45.76
2026-07-31,98,SKU-10098,3,68.64
2026-08-01,98,SKU-10098,2,45.76
2026-08-02,98,SKU-10098,1,22.88
2026-08-03,98,SKU-10098,3,68.64
2026-08-04,98,SKU-10098,4,91.52
2026-08-05,98,SKU-10098,2,45.76
2026-08-06,98,SKU-10098,2,45.76
2026-08-07,98,SKU-10098,5,114.4
2026-08-08,98,SKU-10098,1,22.88
2026-08-09,98,SKU-10098,4,91.52
2026-08-10,98,SKU-10098,4,91.52
2026-08-11,98,SKU-10098,2,45.76
2026-08-12,98,SKU-10098,2,45.76
2026-08-13,98,SKU-10098,2,45.76
2026-08-14,98,SKU-10098,3,68.64
2026-08-15,98,SKU-10098,4,91.52
2026-08-16,98,SKU-10098,2,45.76
2026-08-17,98,SKU-10098,2,45.76
2026-08-18,98,SKU-10098,4,91.52
2026-08-19,98,SKU-10098,3,68.64
2026-08-20,98,SKU-10098,3,68.64
2026-08-21,98,SKU-10098,2,45.76
2026-08-22,98,SKU-10098,1,22.88
2026-08-23,98,SKU-10098,2,45.76
2026-08-24,98,SKU-10098,2,45.76
2026-08-25,98,SKU-10098,1,22.88
2026-08-26,98,SKU-10098,1,22.88
2026-05-29,99,SKU-10099,0,0.0
2026-05-30,99,SKU-10099,0,0.0
2026-05-31,99,SKU-10099,0,0.0
2026-06-01,99,SKU-10099,0,0.0
2026-06-02,99,SKU-10099,1,157.68
2026-06-03,99,SKU-10099,0,0.0
2026-06-04,99,SKU-10099,0,0.0
2026-06-05,99,SKU-10099,1,157.68
2026-06-06,99,SKU-10099,0,0.0
2026-06-07,99,SKU-10099,0,0.0
2026-06-08,99,SKU-10099,0,0.0
2026-06-09,99,SKU-10099,0,0.0
2026-06-10,99,SKU-10099,1,157.68
2026-06-11,99,SKU-10099,1,157.68
2026-06-12,99,SKU-10099,1,157.68
2026-06-13,99,SKU-10099,1,157.68
2026-06-14,99,SKU-10099,0,0.0
2026-06-15,99,SKU-10099,1,157.68
2026-06-16,99,SKU-10099,0,0.0
2026-06-17,99,SKU-10099,0,0.0
2026-06-18,99,SKU-10099,0,0.0
2026-06-19,99,SKU-10099,1,157.68
2026-06-20,99,SKU-10099,0,0.0
2026-06-21,99,SKU-10099,1,157.68
2026-06-22,99,SKU-10099,0,0.0
2026-06-23,99,SKU-10099,0,0.0
2026-06-24,99,SKU-10099,0,0.0
2026-06-25,99,SKU-10099,0,0.0
2026-06-26,99,SKU-10099,1,157.68
2026-06-27,99,SKU-10099,1,157.68
2026-06-28,99,SKU-10099,1,157.68
2026-06-29,99,SKU-10099,0,0.0
2026-06-30,99,SKU-10099,2,315.36
2026-07-01,99,SKU-10099,0,0.0
2026-07-02,99,SKU-10099,0,0.0
2026-07-03,99,SKU-10099,1,157.68
2026-07-04,99,SKU-10099,0,0.0
2026-07-05,99,SKU-10099,0,0.0
2026-07-06,99,SKU-10099,1,157.68
2026-07-07,99,SKU-10099,0,0.0
2026-07-08,99,SKU-10099,1,157.68
2026-07-09,99,SKU-10099,2,315.36
2026-07-10,99,SKU-10099,1,157.68
2026-07-11,99,SKU-10099,1,157.68
2026-07-12,99,SKU-10099,0,0.0
2026-07-13,99,SKU-10099,1,157.68
2026-07-14,99,SKU-10099,1,157.68
2026-07-15,99,SKU-10099,4,630.72
2026-07-16,99,SKU-10099,0,0.0
2026-07-17,99,SKU-10099,0,0.0
2026-07-18,99,SKU-10099,1,157.68
2026-07-19,99,SKU-10099,1,157.68
2026-07-20,99,SKU-10099,1,157.68
2026-07-21,99,SKU-10099,0,0.0
2026-07-22,99,SKU-10099,1,157.68
2026-07-23,99,SKU-10099,1,157.68
2026-07-24,99,SKU-10099,0,0.0
2026-07-25,99,SKU-10099,1,157.68
2026-07-26,99,SKU-10099,0,0.0
2026-07-27,99,SKU-10099,0,0.0
2026-07-28,99,SKU-10099,0,0.0
2026-07-29,99,SKU-10099,1,157.68
2026-07-30,99,SKU-10099,0,0.0
2026-07-31,99,SKU-10099,1,157.68
2026-08-01,99,SKU-10099,0,0.0
2026-08-02,99,SKU-10099,0,0.0
2026-08-03,99,SKU-10099,0,0.0
2026-08-04,99,SKU-10099,1,157.68
2026-08-05,99,SKU-10099,0,0.0
2026-08-06,99,SKU-10099,1,157.68
2026-08-07,99,SKU-10099,0,0.0
2026-08-08,99,SKU-10099,2,315.36
2026-08-09,99,SKU-10099,1,157.68
2026-08-10,99,SKU-10099,0,0.0
2026-08-11,99,SKU-10099,0,0.0
2026-08-12,99,SKU-10099,0,0.0
2026-08-13,99,SKU-10099,1,157.68
2026-08-14,99,SKU-10099,3,473.04
2026-08-15,99,SKU-10099,0,0.0
2026-08-16,99,SKU-10099,0,0.0
2026-08-17,99,SKU-10099,2,315.36
2026-08-18,99,SKU-10099,1,157.68
2026-08-19,99,SKU-10099,0,0.0
2026-08-20,99,SKU-10099,0,0.0
2026-08-21,99,SKU-10099,0,0.0
2026-08-22,99,SKU-10099,0,0.0
2026-08-23,99,SKU-10099,0,0.0
2026-08-24,99,SKU-10099,0,0.0
2026-08-25,99,SKU-10099,0,0.0
2026-08-26,99,SKU-10099,0,0.0
2026-05-29,100,SKU-10100,0,0.0
2026-05-30,100,SKU-10100,1,30.99
2026-05-31,100,SKU-10100,0,0.0
2026-06-01,100,SKU-10100,1,30.99
2026-06-02,100,SKU-10100,1,30.99
2026-06-03,100,SKU-10100,0,0.0
2026-06-04,100,SKU-10100,0,0.0
2026-06-05,100,SKU-10100,3,92.97
2026-06-06,100,SKU-10100,1,30.99
2026-06-07,100,SKU-10100,0,0.0
2026-06-08,100,SKU-10100,0,0.0
2026-06-09,100,SKU-10100,1,30.99
2026-06-10,100,SKU-10100,1,30.99
2026-06-11,100,SKU-10100,0,0.0
2026-06-12,100,SKU-10100,1,30.99
2026-06-13,100,SKU-10100,2,61.98
2026-06-14,100,SKU-10100,1,30.99
2026-06-15,100,SKU-10100,0,0.0
2026-06-16,100,SKU-10100,0,0.0
2026-06-17,100,SKU-10100,0,0.0
2026-06-18,100,SKU-10100,0,0.0
2026-06-19,100,SKU-10100,1,30.99
2026-06-20,100,SKU-10100,0,0.0
2026-06-21,100,SKU-10100,1,30.99
2026-06-22,100,SKU-10100,0,0.0
2026-06-23,100,SKU-10100,3,92.97
2026-06-24,100,SKU-10100,1,30.99
2026-06-25,100,SKU-10100,1,30.99
2026-06-26,100,SKU-10100,0,0.0
2026-06-27,100,SKU-10100,1,30.99
2026-06-28,100,SKU-10100,3,92.97
2026-06-29,100,SKU-10100,0,0.0
2026-06-30,100,SKU-10100,1,30.99
2026-07-01,100,SKU-10100,1,30.99
2026-07-02,100,SKU-10100,1,30.99
2026-07-03,100,SKU-10100,1,30.99
2026-07-04,100,SKU-10100,2,61.98
2026-07-05,100,SKU-10100,1,30.99
2026-07-06,100,SKU-10100,2,61.98
2026-07-07,100,SKU-10100,2,61.98
2026-07-08,100,SKU-10100,0,0.0
2026-07-09,100,SKU-10100,2,61.98
2026-07-10,100,SKU-10100,0,0.0
2026-07-11,100,SKU-10100,1,30.99
2026-07-12,100,SKU-10100,0,0.0
2026-07-13,100,SKU-10100,0,0.0
2026-07-14,100,SKU-10100,1,30.99
2026-07-15,100,SKU-10100,0,0.0
2026-07-16,100,SKU-10100,0,0.0
2026-07-17,100,SKU-10100,1,30.99
2026-07-18,100,SKU-10100,1,30.99
2026-07-19,100,SKU-10100,0,0.0
2026-07-20,100,SKU-10100,0,0.0
2026-07-21,100,SKU-10100,2,61.98
2026-07-22,100,SKU-10100,1,30.99
2026-07-23,100,SKU-10100,0,0.0
2026-07-24,100,SKU-10100,0,0.0
2026-07-25,100,SKU-10100,0,0.0
2026-07-26,100,SKU-10100,0,0.0
2026-07-27,100,SKU-10100,0,0.0
2026-07-28,100,SKU-10100,2,61.98
2026-07-29,100,SKU-10100,2,61.98
2026-07-30,100,SKU-10100,0,0.0
2026-07-31,100,SKU-10100,0,0.0
2026-08-01,100,SKU-10100,3,92.97
2026-08-02,100,SKU-10100,2,61.98
2026-08-03,100,SKU-10100,0,0.0
2026-08-04,100,SKU-10100,1,30.99
2026-08-05,100,SKU-10100,0,0.0
2026-08-06,100,SKU-10100,1,30.99
2026-08-07,100,SKU-10100,2,61.98
2026-08-08,100,SKU-10100,1,30.99
2026-08-09,100,SKU-10100,2,61.98
2026-08-10,100,SKU-10100,1,30.99
2026-08-11,100,SKU-10100,0,0.0
2026-08-12,100,SKU-10100,0,0.0
2026-08-13,100,SKU-10100,1,30.99
2026-08-14,100,SKU-10100,1,30.99
2026-08-15,100,SKU-10100,1,30.99
2026-08-16,100,SKU-10100,0,0.0
2026-08-17,100,SKU-10100,0,0.0
2026-08-18,100,SKU-10100,2,61.98
2026-08-19,100,SKU-10100,1,30.99
2026-08-20,100,SKU-10100,1,30.99
2026-08-21,100,SKU-10100,2,61.98
2026-08-22,100,SKU-10100,0,0.0
2026-08-23,100,SKU-10100,0,0.0
2026-08-24,100,SKU-10100,4,123.96
2026-08-25,100,SKU-10100,1,30.99
2026-08-26,100,SKU-10100,1,30.99
2026-05-29,101,SKU-10101,0,0.0
2026-05-30,101,SKU-10101,0,0.0
2026-05-31,101,SKU-10101,0,0.0
2026-06-01,101,SKU-10101,0,0.0
2026-06-02,101,SKU-10101,0,0.0
2026-06-03,101,SKU-10101,0,0.0
2026-06-04,101,SKU-10101,0,0.0
2026-06-05,101,SKU-10101,0,0.0
2026-06-06,101,SKU-10101,0,0.0
2026-06-07,101,SKU-10101,0,0.0
2026-06-08,101,SKU-10101,0,0.0
2026-06-09,101,SKU-10101,0,0.0
2026-06-10,101,SKU-10101,0,0.0
2026-06-11,101,SKU-10101,0,0.0
2026-06-12,101,SKU-10101,0,0.0
2026-06-13,101,SKU-10101,0,0.0
2026-06-14,101,SKU-10101,0,0.0
2026-06-15,101,SKU-10101,0,0.0
2026-06-16,101,SKU-10101,0,0.0
2026-06-17,101,SKU-10101,0,0.0
2026-06-18,101,SKU-10101,0,0.0
2026-06-19,101,SKU-10101,0,0.0
2026-06-20,101,SKU-10101,0,0.0
2026-06-21,101,SKU-10101,0,0.0
2026-06-22,101,SKU-10101,0,0.0
2026-06-23,101,SKU-10101,0,0.0
2026-06-24,101,SKU-10101,0,0.0
2026-06-25,101,SKU-10101,0,0.0
2026-06-26,101,SKU-10101,0,0.0
2026-06-27,101,SKU-10101,0,0.0
2026-06-28,101,SKU-10101,0,0.0
2026-06-29,101,SKU-10101,0,0.0
2026-06-30,101,SKU-10101,0,0.0
2026-07-01,101,SKU-10101,0,0.0
2026-07-02,101,SKU-10101,0,0.0
2026-07-03,101,SKU-10101,0,0.0
2026-07-04,101,SKU-10101,0,0.0
2026-07-05,101,SKU-10101,0,0.0
2026-07-06,101,SKU-10101,0,0.0
2026-07-07,101,SKU-10101,0,0.0
2026-07-08,101,SKU-10101,0,0.0
2026-07-09,101,SKU-10101,0,0.0
2026-07-10,101,SKU-10101,0,0.0
2026-07-11,101,SKU-10101,0,0.0
2026-07-12,101,SKU-10101,0,0.0
2026-07-13,101,SKU-10101,0,0.0
2026-07-14,101,SKU-10101,0,0.0
2026-07-15,101,SKU-10101,0,0.0
2026-07-16,101,SKU-10101,0,0.0
2026-07-17,101,SKU-10101,0,0.0
2026-07-18,101,SKU-10101,0,0.0
2026-07-19,101,SKU-10101,0,0.0
2026-07-20,101,SKU-10101,0,0.0
2026-07-21,101,SKU-10101,0,0.0
2026-07-22,101,SKU-10101,0,0.0
2026-07-23,101,SKU-10101,0,0.0
2026-07-24,101,SKU-10101,0,0.0
2026-07-25,101,SKU-10101,0,0.0
2026-07-26,101,SKU-10101,0,0.0
2026-07-27,101,SKU-10101,0,0.0
2026-07-28,101,SKU-10101,0,0.0
2026-07-29,101,SKU-10101,0,0.0
2026-07-30,101,SKU-10101,0,0.0
2026-07-31,101,SKU-10101,0,0.0
2026-08-01,101,SKU-10101,0,0.0
2026-08-02,101,SKU-10101,0,0.0
2026-08-03,101,SKU-10101,0,0.0
2026-08-04,101,SKU-10101,0,0.0
2026-08-05,101,SKU-10101,0,0.0
2026-08-06,101,SKU-10101,0,0.0
2026-08-07,101,SKU-10101,0,0.0
2026-08-08,101,SKU-10101,0,0.0
2026-08-09,101,SKU-10101,0,0.0
2026-08-10,101,SKU-10101,0,0.0
2026-08-11,101,SKU-10101,0,0.0
2026-08-12,101,SKU-10101,0,0.0
2026-08-13,101,SKU-10101,0,0.0
2026-08-14,101,SKU-10101,0,0.0
2026-08-15,101,SKU-10101,0,0.0
2026-08-16,101,SKU-10101,0,0.0
2026-08-17,101,SKU-10101,0,0.0
2026-08-18,101,SKU-10101,0,0.0
2026-08-19,101,SKU-10101,0,0.0
2026-08-20,101,SKU-10101,0,0.0
2026-08-21,101,SKU-10101,0,0.0
2026-08-22,101,SKU-10101,0,0.0
2026-08-23,101,SKU-10101,0,0.0
2026-08-24,101,SKU-10101,0,0.0
2026-08-25,101,SKU-10101,0,0.0
2026-08-26,101,SKU-10101,0,0.0
2026-05-29,102,SKU-10102,1,54.75
2026-05-30,102,SKU-10102,1,54.75
2026-05-31,102,SKU-10102,2,109.5
2026-06-01,102,SKU-10102,2,109.5
2026-06-02,102,SKU-10102,0,0.0
2026-06-03,102,SKU-10102,1,54.75
2026-06-04,102,SKU-10102,0,0.0
2026-06-05,102,SKU-10102,1,54.75
2026-06-06,102,SKU-10102,0,0.0
2026-06-07,102,SKU-10102,0,0.0
2026-06-08,102,SKU-10102,0,0.0
2026-06-09,102,SKU-10102,0,0.0
2026-06-10,102,SKU-10102,0,0.0
2026-06-11,102,SKU-10102,1,54.75
2026-06-12,102,SKU-10102,1,54.75
2026-06-13,102,SKU-10102,2,109.5
2026-06-14,102,SKU-10102,0,0.0
2026-06-15,102,SKU-10102,2,109.5
2026-06-16,102,SKU-10102,1,54.75
2026-06-17,102,SKU-10102,2,109.5
2026-06-18,102,SKU-10102,2,109.5
2026-06-19,102,SKU-10102,2,109.5
2026-06-20,102,SKU-10102,1,54.75
2026-06-21,102,SKU-10102,1,54.75
2026-06-22,102,SKU-10102,1,54.75
2026-06-23,102,SKU-10102,1,54.75
2026-06-24,102,SKU-10102,0,0.0
2026-06-25,102,SKU-10102,3,164.25
2026-06-26,102,SKU-10102,2,109.5
2026-06-27,102,SKU-10102,1,54.75
2026-06-28,102,SKU-10102,0,0.0
2026-06-29,102,SKU-10102,1,54.75
2026-06-30,102,SKU-10102,1,54.75
2026-07-01,102,SKU-10102,1,54.75
2026-07-02,102,SKU-10102,0,0.0
2026-07-03,102,SKU-10102,0,0.0
2026-07-04,102,SKU-10102,1,54.75
2026-07-05,102,SKU-10102,0,0.0
2026-07-06,102,SKU-10102,1,54.75
2026-07-07,102,SKU-10102,2,109.5
2026-07-08,102,SKU-10102,0,0.0
2026-07-09,102,SKU-10102,0,0.0
2026-07-10,102,SKU-10102,1,54.75
2026-07-11,102,SKU-10102,0,0.0
2026-07-12,102,SKU-10102,1,54.75
2026-07-13,102,SKU-10102,1,54.75
2026-07-14,102,SKU-10102,0,0.0
2026-07-15,102,SKU-10102,1,54.75
2026-07-16,102,SKU-10102,2,109.5
2026-07-17,102,SKU-10102,1,54.75
2026-07-18,102,SKU-10102,0,0.0
2026-07-19,102,SKU-10102,0,0.0
2026-07-20,102,SKU-10102,5,273.75
2026-07-21,102,SKU-10102,0,0.0
2026-07-22,102,SKU-10102,1,54.75
2026-07-23,102,SKU-10102,1,54.75
2026-07-24,102,SKU-10102,2,109.5
2026-07-25,102,SKU-10102,3,164.25
2026-07-26,102,SKU-10102,1,54.75
2026-07-27,102,SKU-10102,2,109.5
2026-07-28,102,SKU-10102,2,109.5
2026-07-29,102,SKU-10102,0,0.0
2026-07-30,102,SKU-10102,1,54.75
2026-07-31,102,SKU-10102,2,109.5
2026-08-01,102,SKU-10102,1,54.75
2026-08-02,102,SKU-10102,1,54.75
2026-08-03,102,SKU-10102,1,54.75
2026-08-04,102,SKU-10102,0,0.0
2026-08-05,102,SKU-10102,1,54.75
2026-08-06,102,SKU-10102,0,0.0
2026-08-07,102,SKU-10102,1,54.75
2026-08-08,102,SKU-10102,2,109.5
2026-08-09,102,SKU-10102,1,54.75
2026-08-10,102,SKU-10102,2,109.5
2026-08-11,102,SKU-10102,0,0.0
2026-08-12,102,SKU-10102,1,54.75
2026-08-13,102,SKU-10102,1,54.75
2026-08-14,102,SKU-10102,3,164.25
2026-08-15,102,SKU-10102,2,109.5
2026-08-16,102,SKU-10102,0,0.0
2026-08-17,102,SKU-10102,1,54.75
2026-08-18,102,SKU-10102,1,54.75
2026-08-19,102,SKU-10102,1,54.75
2026-08-20,102,SKU-10102,0,0.0
2026-08-21,102,SKU-10102,0,0.0
2026-08-22,102,SKU-10102,1,54.75
2026-08-23,102,SKU-10102,1,54.75
2026-08-24,102,SKU-10102,0,0.0
2026-08-25,102,SKU-10102,0,0.0
2026-08-26,102,SKU-10102,0,0.0
2026-05-29,103,SKU-10103,1,74.15
2026-05-30,103,SKU-10103,7,519.05
2026-05-31,103,SKU-10103,4,296.6
2026-06-01,103,SKU-10103,2,148.3
2026-06-02,103,SKU-10103,2,148.3
2026-06-03,103,SKU-10103,2,148.3
2026-06-04,103,SKU-10103,1,74.15
2026-06-05,103,SKU-10103,1,74.15
2026-06-06,103,SKU-10103,3,222.45
2026-06-07,103,SKU-10103,2,148.3
2026-06-08,103,SKU-10103,3,222.45
2026-06-09,103,SKU-10103,2,148.3
2026-06-10,103,SKU-10103,3,222.45
2026-06-11,103,SKU-10103,0,0.0
2026-06-12,103,SKU-10103,3,222.45
2026-06-13,103,SKU-10103,3,222.45
2026-06-14,103,SKU-10103,5,370.75
2026-06-15,103,SKU-10103,1,74.15
2026-06-16,103,SKU-10103,2,148.3
2026-06-17,103,SKU-10103,5,370.75
2026-06-18,103,SKU-10103,3,222.45
2026-06-19,103,SKU-10103,2,148.3
2026-06-20,103,SKU-10103,3,222.45
2026-06-21,103,SKU-10103,3,222.45
2026-06-22,103,SKU-10103,3,222.45
2026-06-23,103,SKU-10103,3,222.45
2026-06-24,103,SKU-10103,2,148.3
2026-06-25,103,SKU-10103,2,148.3
2026-06-26,103,SKU-10103,1,74.15
2026-06-27,103,SKU-10103,4,296.6
2026-06-28,103,SKU-10103,1,74.15
2026-06-29,103,SKU-10103,1,74.15
2026-06-30,103,SKU-10103,2,148.3
2026-07-01,103,SKU-10103,2,148.3
2026-07-02,103,SKU-10103,0,0.0
2026-07-03,103,SKU-10103,1,74.15
2026-07-04,103,SKU-10103,3,222.45
2026-07-05,103,SKU-10103,1,74.15
2026-07-06,103,SKU-10103,1,74.15
2026-07-07,103,SKU-10103,1,74.15
2026-07-08,103,SKU-10103,5,370.75
2026-07-09,103,SKU-10103,2,148.3
2026-07-10,103,SKU-10103,3,222.45
2026-07-11,103,SKU-10103,2,148.3
2026-07-12,103,SKU-10103,3,222.45
2026-07-13,103,SKU-10103,2,148.3
2026-07-14,103,SKU-10103,0,0.0
2026-07-15,103,SKU-10103,6,444.9
2026-07-16,103,SKU-10103,4,296.6
2026-07-17,103,SKU-10103,3,222.45
2026-07-18,103,SKU-10103,1,74.15
2026-07-19,103,SKU-10103,1,74.15
2026-07-20,103,SKU-10103,4,296.6
2026-07-21,103,SKU-10103,1,74.15
2026-07-22,103,SKU-10103,4,296.6
2026-07-23,103,SKU-10103,2,148.3
2026-07-24,103,SKU-10103,0,0.0
2026-07-25,103,SKU-10103,4,296.6
2026-07-26,103,SKU-10103,4,296.6
2026-07-27,103,SKU-10103,1,74.15
2026-07-28,103,SKU-10103,3,222.45
2026-07-29,103,SKU-10103,3,222.45
2026-07-30,103,SKU-10103,5,370.75
2026-07-31,103,SKU-10103,4,296.6
2026-08-01,103,SKU-10103,4,296.6
2026-08-02,103,SKU-10103,1,74.15
2026-08-03,103,SKU-10103,2,148.3
2026-08-04,103,SKU-10103,6,444.9
2026-08-05,103,SKU-10103,1,74.15
2026-08-06,103,SKU-10103,2,148.3
2026-08-07,103,SKU-10103,4,296.6
2026-08-08,103,SKU-10103,3,222.45
2026-08-09,103,SKU-10103,3,222.45
2026-08-10,103,SKU-10103,4,296.6
2026-08-11,103,SKU-10103,5,370.75
2026-08-12,103,SKU-10103,3,222.45
2026-08-13,103,SKU-10103,1,74.15
2026-08-14,103,SKU-10103,4,296.6
2026-08-15,103,SKU-10103,2,148.3
2026-08-16,103,SKU-10103,1,74.15
2026-08-17,103,SKU-10103,0,0.0
2026-08-18,103,SKU-10103,2,148.3
2026-08-19,103,SKU-10103,2,148.3
2026-08-20,103,SKU-10103,4,296.6
2026-08-21,103,SKU-10103,2,148.3
2026-08-22,103,SKU-10103,1,74.15
2026-08-23,103,SKU-10103,4,296.6
2026-08-24,103,SKU-10103,2,148.3
2026-08-25,103,SKU-10103,1,74.15
2026-08-26,103,SKU-10103,3,222.45
2026-05-29,104,SKU-10104,2,59.4
2026-05-30,104,SKU-10104,2,59.4
2026-05-31,104,SKU-10104,0,0.0
2026-06-01,104,SKU-10104,3,89.1
2026-06-02,104,SKU-10104,2,59.4
2026-06-03,104,SKU-10104,0,0.0
2026-06-04,104,SKU-10104,0,0.0
2026-06-05,104,SKU-10104,1,29.7
2026-06-06,104,SKU-10104,4,118.8
2026-06-07,104,SKU-10104,0,0.0
2026-06-08,104,SKU-10104,2,59.4
2026-06-09,104,SKU-10104,1,29.7
2026-06-10,104,SKU-10104,2,59.4
2026-06-11,104,SKU-10104,1,29.7
2026-06-12,104,SKU-10104,2,59.4
2026-06-13,104,SKU-10104,0,0.0
2026-06-14,104,SKU-10104,1,29.7
2026-06-15,104,SKU-10104,1,29.7
2026-06-16,104,SKU-10104,3,89.1
2026-06-17,104,SKU-10104,0,0.0
2026-06-18,104,SKU-10104,0,0.0
2026-06-19,104,SKU-10104,2,59.4
2026-06-20,104,SKU-10104,2,59.4
2026-06-21,104,SKU-10104,1,29.7
2026-06-22,104,SKU-10104,2,59.4
2026-06-23,104,SKU-10104,0,0.0
2026-06-24,104,SKU-10104,3,89.1
2026-06-25,104,SKU-10104,3,89.1
2026-06-26,104,SKU-10104,3,89.1
2026-06-27,104,SKU-10104,3,89.1
2026-06-28,104,SKU-10104,1,29.7
2026-06-29,104,SKU-10104,1,29.7
2026-06-30,104,SKU-10104,2,59.4
2026-07-01,104,SKU-10104,3,89.1
2026-07-02,104,SKU-10104,0,0.0
2026-07-03,104,SKU-10104,1,29.7
2026-07-04,104,SKU-10104,0,0.0
2026-07-05,104,SKU-10104,3,89.1
2026-07-06,104,SKU-10104,2,59.4
2026-07-07,104,SKU-10104,3,89.1
2026-07-08,104,SKU-10104,1,29.7
2026-07-09,104,SKU-10104,1,29.7
2026-07-10,104,SKU-10104,0,0.0
2026-07-11,104,SKU-10104,1,29.7
2026-07-12,104,SKU-10104,2,59.4
2026-07-13,104,SKU-10104,2,59.4
2026-07-14,104,SKU-10104,1,29.7
2026-07-15,104,SKU-10104,1,29.7
2026-07-16,104,SKU-10104,2,59.4
2026-07-17,104,SKU-10104,5,148.5
2026-07-18,104,SKU-10104,2,59.4
2026-07-19,104,SKU-10104,4,118.8
2026-07-20,104,SKU-10104,1,29.7
2026-07-21,104,SKU-10104,0,0.0
2026-07-22,104,SKU-10104,1,29.7
2026-07-23,104,SKU-10104,0,0.0
2026-07-24,104,SKU-10104,0,0.0
2026-07-25,104,SKU-10104,1,29.7
2026-07-26,104,SKU-10104,1,29.7
2026-07-27,104,SKU-10104,2,59.4
2026-07-28,104,SKU-10104,2,59.4
2026-07-29,104,SKU-10104,1,29.7
2026-07-30,104,SKU-10104,2,59.4
2026-07-31,104,SKU-10104,1,29.7
2026-08-01,104,SKU-10104,1,29.7
2026-08-02,104,SKU-10104,0,0.0
2026-08-03,104,SKU-10104,0,0.0
2026-08-04,104,SKU-10104,1,29.7
2026-08-05,104,SKU-10104,1,29.7
2026-08-06,104,SKU-10104,1,29.7
2026-08-07,104,SKU-10104,3,89.1
2026-08-08,104,SKU-10104,0,0.0
2026-08-09,104,SKU-10104,1,29.7
2026-08-10,104,SKU-10104,1,29.7
2026-08-11,104,SKU-10104,1,29.7
2026-08-12,104,SKU-10104,1,29.7
2026-08-13,104,SKU-10104,0,0.0
2026-08-14,104,SKU-10104,4,118.8
2026-08-15,104,SKU-10104,1,29.7
2026-08-16,104,SKU-10104,1,29.7
2026-08-17,104,SKU-10104,0,0.0
2026-08-18,104,SKU-10104,1,29.7
2026-08-19,104,SKU-10104,2,59.4
2026-08-20,104,SKU-10104,2,59.4
2026-08-21,104,SKU-10104,2,59.4
2026-08-22,104,SKU-10104,1,29.7
2026-08-23,104,SKU-10104,4,118.8
2026-08-24,104,SKU-10104,2,59.4
2026-08-25,104,SKU-10104,2,59.4
2026-08-26,104,SKU-10104,2,59.4
2026-05-29,105,SKU-10105,1,71.52
2026-05-30,105,SKU-10105,0,0.0
2026-05-31,105,SKU-10105,0,0.0
2026-06-01,105,SKU-10105,1,71.52
2026-06-02,105,SKU-10105,1,71.52
2026-06-03,105,SKU-10105,4,286.08
2026-06-04,105,SKU-10105,1,71.52
2026-06-05,105,SKU-10105,3,214.56
2026-06-06,105,SKU-10105,4,286.08
2026-06-07,105,SKU-10105,1,71.52
2026-06-08,105,SKU-10105,0,0.0
2026-06-09,105,SKU-10105,2,143.04
2026-06-10,105,SKU-10105,0,0.0
2026-06-11,105,SKU-10105,0,0.0
2026-06-12,105,SKU-10105,2,143.04
2026-06-13,105,SKU-10105,2,143.04
2026-06-14,105,SKU-10105,2,143.04
2026-06-15,105,SKU-10105,0,0.0
2026-06-16,105,SKU-10105,1,71.52
2026-06-17,105,SKU-10105,4,286.08
2026-06-18,105,SKU-10105,1,71.52
2026-06-19,105,SKU-10105,2,143.04
2026-06-20,105,SKU-10105,2,143.04
2026-06-21,105,SKU-10105,0,0.0
2026-06-22,105,SKU-10105,2,143.04
2026-06-23,105,SKU-10105,0,0.0
2026-06-24,105,SKU-10105,0,0.0
2026-06-25,105,SKU-10105,0,0.0
2026-06-26,105,SKU-10105,0,0.0
2026-06-27,105,SKU-10105,3,214.56
2026-06-28,105,SKU-10105,3,214.56
2026-06-29,105,SKU-10105,0,0.0
2026-06-30,105,SKU-10105,2,143.04
2026-07-01,105,SKU-10105,4,286.08
2026-07-02,105,SKU-10105,0,0.0
2026-07-03,105,SKU-10105,2,143.04
2026-07-04,105,SKU-10105,2,143.04
2026-07-05,105,SKU-10105,1,71.52
2026-07-06,105,SKU-10105,3,214.56
2026-07-07,105,SKU-10105,0,0.0
2026-07-08,105,SKU-10105,2,143.04
2026-07-09,105,SKU-10105,2,143.04
2026-07-10,105,SKU-10105,1,71.52
2026-07-11,105,SKU-10105,4,286.08
2026-07-12,105,SKU-10105,2,143.04
2026-07-13,105,SKU-10105,0,0.0
2026-07-14,105,SKU-10105,3,214.56
2026-07-15,105,SKU-10105,0,0.0
2026-07-16,105,SKU-10105,3,214.56
2026-07-17,105,SKU-10105,1,71.52
2026-07-18,105,SKU-10105,2,143.04
2026-07-19,105,SKU-10105,0,0.0
2026-07-20,105,SKU-10105,0,0.0
2026-07-21,105,SKU-10105,4,286.08
2026-07-22,105,SKU-10105,2,143.04
2026-07-23,105,SKU-10105,2,143.04
2026-07-24,105,SKU-10105,2,143.04
2026-07-25,105,SKU-10105,1,71.52
2026-07-26,105,SKU-10105,4,286.08
2026-07-27,105,SKU-10105,0,0.0
2026-07-28,105,SKU-10105,4,286.08
2026-07-29,105,SKU-10105,0,0.0
2026-07-30,105,SKU-10105,2,143.04
2026-07-31,105,SKU-10105,1,71.52
2026-08-01,105,SKU-10105,1,71.52
2026-08-02,105,SKU-10105,0,0.0
2026-08-03,105,SKU-10105,0,0.0
2026-08-04,105,SKU-10105,2,143.04
2026-08-05,105,SKU-10105,0,0.0
2026-08-06,105,SKU-10105,2,143.04
2026-08-07,105,SKU-10105,0,0.0
2026-08-08,105,SKU-10105,3,214.56
2026-08-09,105,SKU-10105,2,143.04
2026-08-10,105,SKU-10105,1,71.52
2026-08-11,105,SKU-10105,2,143.04
2026-08-12,105,SKU-10105,1,71.52
2026-08-13,105,SKU-10105,3,214.56
2026-08-14,105,SKU-10105,1,71.52
2026-08-15,105,SKU-10105,3,214.56
2026-08-16,105,SKU-10105,3,214.56
2026-08-17,105,SKU-10105,3,214.56
2026-08-18,105,SKU-10105,2,143.04
2026-08-19,105,SKU-10105,1,71.52
2026-08-20,105,SKU-10105,2,143.04
2026-08-21,105,SKU-10105,3,214.56
2026-08-22,105,SKU-10105,1,71.52
2026-08-23,105,SKU-10105,0,0.0
2026-08-24,105,SKU-10105,1,71.52
2026-08-25,105,SKU-10105,2,143.04
2026-08-26,105,SKU-10105,4,286.08
2026-05-29,106,SKU-10106,0,0.0
2026-05-30,106,SKU-10106,0,0.0
2026-05-31,106,SKU-10106,0,0.0
2026-06-01,106,SKU-10106,0,0.0
2026-06-02,106,SKU-10106,0,0.0
2026-06-03,106,SKU-10106,0,0.0
2026-06-04,106,SKU-10106,0,0.0
2026-06-05,106,SKU-10106,0,0.0
2026-06-06,106,SKU-10106,0,0.0
2026-06-07,106,SKU-10106,0,0.0
2026-06-08,106,SKU-10106,0,0.0
2026-06-09,106,SKU-10106,0,0.0
2026-06-10,106,SKU-10106,0,0.0
2026-06-11,106,SKU-10106,0,0.0
2026-06-12,106,SKU-10106,0,0.0
2026-06-13,106,SKU-10106,0,0.0
2026-06-14,106,SKU-10106,0,0.0
2026-06-15,106,SKU-10106,0,0.0
2026-06-16,106,SKU-10106,0,0.0
2026-06-17,106,SKU-10106,0,0.0
2026-06-18,106,SKU-10106,0,0.0
2026-06-19,106,SKU-10106,0,0.0
2026-06-20,106,SKU-10106,0,0.0
2026-06-21,106,SKU-10106,0,0.0
2026-06-22,106,SKU-10106,0,0.0
2026-06-23,106,SKU-10106,0,0.0
2026-06-24,106,SKU-10106,0,0.0
2026-06-25,106,SKU-10106,0,0.0
2026-06-26,106,SKU-10106,0,0.0
2026-06-27,106,SKU-10106,0,0.0
2026-06-28,106,SKU-10106,0,0.0
2026-06-29,106,SKU-10106,0,0.0
2026-06-30,106,SKU-10106,0,0.0
2026-07-01,106,SKU-10106,0,0.0
2026-07-02,106,SKU-10106,0,0.0
2026-07-03,106,SKU-10106,0,0.0
2026-07-04,106,SKU-10106,0,0.0
2026-07-05,106,SKU-10106,0,0.0
2026-07-06,106,SKU-10106,0,0.0
2026-07-07,106,SKU-10106,0,0.0
2026-07-08,106,SKU-10106,0,0.0
2026-07-09,106,SKU-10106,0,0.0
2026-07-10,106,SKU-10106,0,0.0
2026-07-11,106,SKU-10106,0,0.0
2026-07-12,106,SKU-10106,0,0.0
2026-07-13,106,SKU-10106,0,0.0
2026-07-14,106,SKU-10106,0,0.0
2026-07-15,106,SKU-10106,0,0.0
2026-07-16,106,SKU-10106,0,0.0
2026-07-17,106,SKU-10106,0,0.0
2026-07-18,106,SKU-10106,0,0.0
2026-07-19,106,SKU-10106,0,0.0
2026-07-20,106,SKU-10106,0,0.0
2026-07-21,106,SKU-10106,0,0.0
2026-07-22,106,SKU-10106,0,0.0
2026-07-23,106,SKU-10106,0,0.0
2026-07-24,106,SKU-10106,0,0.0
2026-07-25,106,SKU-10106,0,0.0
2026-07-26,106,SKU-10106,0,0.0
2026-07-27,106,SKU-10106,0,0.0
2026-07-28,106,SKU-10106,0,0.0
2026-07-29,106,SKU-10106,0,0.0
2026-07-30,106,SKU-10106,0,0.0
2026-07-31,106,SKU-10106,0,0.0
2026-08-01,106,SKU-10106,0,0.0
2026-08-02,106,SKU-10106,0,0.0
2026-08-03,106,SKU-10106,0,0.0
2026-08-04,106,SKU-10106,0,0.0
2026-08-05,106,SKU-10106,0,0.0
2026-08-06,106,SKU-10106,0,0.0
2026-08-07,106,SKU-10106,0,0.0
2026-08-08,106,SKU-10106,0,0.0
2026-08-09,106,SKU-10106,0,0.0
2026-08-10,106,SKU-10106,0,0.0
2026-08-11,106,SKU-10106,0,0.0
2026-08-12,106,SKU-10106,0,0.0
2026-08-13,106,SKU-10106,0,0.0
2026-08-14,106,SKU-10106,0,0.0
2026-08-15,106,SKU-10106,0,0.0
2026-08-16,106,SKU-10106,0,0.0
2026-08-17,106,SKU-10106,0,0.0
2026-08-18,106,SKU-10106,0,0.0
2026-08-19,106,SKU-10106,0,0.0
2026-08-20,106,SKU-10106,0,0.0
2026-08-21,106,SKU-10106,0,0.0
2026-08-22,106,SKU-10106,0,0.0
2026-08-23,106,SKU-10106,0,0.0
2026-08-24,106,SKU-10106,0,0.0
2026-08-25,106,SKU-10106,0,0.0
2026-08-26,106,SKU-10106,0,0.0
2026-05-29,107,SKU-10107,0,0.0
2026-05-30,107,SKU-10107,0,0.0
2026-05-31,107,SKU-10107,0,0.0
2026-06-01,107,SKU-10107,0,0.0
2026-06-02,107,SKU-10107,0,0.0
2026-06-03,107,SKU-10107,0,0.0
2026-06-04,107,SKU-10107,0,0.0
2026-06-05,107,SKU-10107,0,0.0
2026-06-06,107,SKU-10107,0,0.0
2026-06-07,107,SKU-10107,0,0.0
2026-06-08,107,SKU-10107,0,0.0
2026-06-09,107,SKU-10107,0,0.0
2026-06-10,107,SKU-10107,0,0.0
2026-06-11,107,SKU-10107,0,0.0
2026-06-12,107,SKU-10107,0,0.0
2026-06-13,107,SKU-10107,0,0.0
2026-06-14,107,SKU-10107,0,0.0
2026-06-15,107,SKU-10107,0,0.0
2026-06-16,107,SKU-10107,0,0.0
2026-06-17,107,SKU-10107,0,0.0
2026-06-18,107,SKU-10107,0,0.0
2026-06-19,107,SKU-10107,0,0.0
2026-06-20,107,SKU-10107,0,0.0
2026-06-21,107,SKU-10107,0,0.0
2026-06-22,107,SKU-10107,0,0.0
2026-06-23,107,SKU-10107,0,0.0
2026-06-24,107,SKU-10107,0,0.0
2026-06-25,107,SKU-10107,0,0.0
2026-06-26,107,SKU-10107,0,0.0
2026-06-27,107,SKU-10107,0,0.0
2026-06-28,107,SKU-10107,0,0.0
2026-06-29,107,SKU-10107,0,0.0
2026-06-30,107,SKU-10107,0,0.0
2026-07-01,107,SKU-10107,0,0.0
2026-07-02,107,SKU-10107,0,0.0
2026-07-03,107,SKU-10107,0,0.0
2026-07-04,107,SKU-10107,0,0.0
2026-07-05,107,SKU-10107,0,0.0
2026-07-06,107,SKU-10107,0,0.0
2026-07-07,107,SKU-10107,0,0.0
2026-07-08,107,SKU-10107,0,0.0
2026-07-09,107,SKU-10107,0,0.0
2026-07-10,107,SKU-10107,0,0.0
2026-07-11,107,SKU-10107,0,0.0
2026-07-12,107,SKU-10107,0,0.0
2026-07-13,107,SKU-10107,0,0.0
2026-07-14,107,SKU-10107,0,0.0
2026-07-15,107,SKU-10107,0,0.0
2026-07-16,107,SKU-10107,0,0.0
2026-07-17,107,SKU-10107,0,0.0
2026-07-18,107,SKU-10107,0,0.0
2026-07-19,107,SKU-10107,0,0.0
2026-07-20,107,SKU-10107,0,0.0
2026-07-21,107,SKU-10107,0,0.0
2026-07-22,107,SKU-10107,0,0.0
2026-07-23,107,SKU-10107,0,0.0
2026-07-24,107,SKU-10107,0,0.0
2026-07-25,107,SKU-10107,0,0.0
2026-07-26,107,SKU-10107,0,0.0
2026-07-27,107,SKU-10107,0,0.0
2026-07-28,107,SKU-10107,0,0.0
2026-07-29,107,SKU-10107,0,0.0
2026-07-30,107,SKU-10107,0,0.0
2026-07-31,107,SKU-10107,0,0.0
2026-08-01,107,SKU-10107,0,0.0
2026-08-02,107,SKU-10107,0,0.0
2026-08-03,107,SKU-10107,0,0.0
2026-08-04,107,SKU-10107,0,0.0
2026-08-05,107,SKU-10107,0,0.0
2026-08-06,107,SKU-10107,0,0.0
2026-08-07,107,SKU-10107,0,0.0
2026-08-08,107,SKU-10107,0,0.0
2026-08-09,107,SKU-10107,0,0.0
2026-08-10,107,SKU-10107,0,0.0
2026-08-11,107,SKU-10107,0,0.0
2026-08-12,107,SKU-10107,0,0.0
2026-08-13,107,SKU-10107,0,0.0
2026-08-14,107,SKU-10107,0,0.0
2026-08-15,107,SKU-10107,0,0.0
2026-08-16,107,SKU-10107,0,0.0
2026-08-17,107,SKU-10107,0,0.0
2026-08-18,107,SKU-10107,0,0.0
2026-08-19,107,SKU-10107,0,0.0
2026-08-20,107,SKU-10107,0,0.0
2026-08-21,107,SKU-10107,0,0.0
2026-08-22,107,SKU-10107,0,0.0
2026-08-23,107,SKU-10107,0,0.0
2026-08-24,107,SKU-10107,0,0.0
2026-08-25,107,SKU-10107,0,0.0
2026-08-26,107,SKU-10107,0,0.0
2026-05-29,108,SKU-10108,0,0.0
2026-05-30,108,SKU-10108,0,0.0
2026-05-31,108,SKU-10108,1,103.0
2026-06-01,108,SKU-10108,0,0.0
2026-06-02,108,SKU-10108,0,0.0
2026-06-03,108,SKU-10108,0,0.0
2026-06-04,108,SKU-10108,0,0.0
2026-06-05,108,SKU-10108,0,0.0
2026-06-06,108,SKU-10108,0,0.0
2026-06-07,108,SKU-10108,0,0.0
2026-06-08,108,SKU-10108,1,103.0
2026-06-09,108,SKU-10108,0,0.0
2026-06-10,108,SKU-10108,0,0.0
2026-06-11,108,SKU-10108,0,0.0
2026-06-12,108,SKU-10108,1,103.0
2026-06-13,108,SKU-10108,0,0.0
2026-06-14,108,SKU-10108,0,0.0
2026-06-15,108,SKU-10108,0,0.0
2026-06-16,108,SKU-10108,0,0.0
2026-06-17,108,SKU-10108,0,0.0
2026-06-18,108,SKU-10108,2,206.0
2026-06-19,108,SKU-10108,0,0.0
2026-06-20,108,SKU-10108,0,0.0
2026-06-21,108,SKU-10108,0,0.0
2026-06-22,108,SKU-10108,0,0.0
2026-06-23,108,SKU-10108,0,0.0
2026-06-24,108,SKU-10108,1,103.0
2026-06-25,108,SKU-10108,0,0.0
2026-06-26,108,SKU-10108,0,0.0
2026-06-27,108,SKU-10108,0,0.0
2026-06-28,108,SKU-10108,0,0.0
2026-06-29,108,SKU-10108,2,206.0
2026-06-30,108,SKU-10108,0,0.0
2026-07-01,108,SKU-10108,1,103.0
2026-07-02,108,SKU-10108,0,0.0
2026-07-03,108,SKU-10108,1,103.0
2026-07-04,108,SKU-10108,0,0.0
2026-07-05,108,SKU-10108,1,103.0
2026-07-06,108,SKU-10108,1,103.0
2026-07-07,108,SKU-10108,0,0.0
2026-07-08,108,SKU-10108,0,0.0
2026-07-09,108,SKU-10108,0,0.0
2026-07-10,108,SKU-10108,0,0.0
2026-07-11,108,SKU-10108,1,103.0
2026-07-12,108,SKU-10108,1,103.0
2026-07-13,108,SKU-10108,0,0.0
2026-07-14,108,SKU-10108,0,0.0
2026-07-15,108,SKU-10108,0,0.0
2026-07-16,108,SKU-10108,0,0.0
2026-07-17,108,SKU-10108,0,0.0
2026-07-18,108,SKU-10108,0,0.0
2026-07-19,108,SKU-10108,0,0.0
2026-07-20,108,SKU-10108,1,103.0
2026-07-21,108,SKU-10108,0,0.0
2026-07-22,108,SKU-10108,0,0.0
2026-07-23,108,SKU-10108,0,0.0
2026-07-24,108,SKU-10108,0,0.0
2026-07-25,108,SKU-10108,0,0.0
2026-07-26,108,SKU-10108,0,0.0
2026-07-27,108,SKU-10108,0,0.0
2026-07-28,108,SKU-10108,0,0.0
2026-07-29,108,SKU-10108,0,0.0
2026-07-30,108,SKU-10108,1,103.0
2026-07-31,108,SKU-10108,0,0.0
2026-08-01,108,SKU-10108,0,0.0
2026-08-02,108,SKU-10108,0,0.0
2026-08-03,108,SKU-10108,1,103.0
2026-08-04,108,SKU-10108,0,0.0
2026-08-05,108,SKU-10108,0,0.0
2026-08-06,108,SKU-10108,0,0.0
2026-08-07,108,SKU-10108,0,0.0
2026-08-08,108,SKU-10108,1,103.0
2026-08-09,108,SKU-10108,0,0.0
2026-08-10,108,SKU-10108,0,0.0
2026-08-11,108,SKU-10108,0,0.0
2026-08-12,108,SKU-10108,0,0.0
2026-08-13,108,SKU-10108,0,0.0
2026-08-14,108,SKU-10108,0,0.0
2026-08-15,108,SKU-10108,1,103.0
2026-08-16,108,SKU-10108,0,0.0
2026-08-17,108,SKU-10108,0,0.0
2026-08-18,108,SKU-10108,0,0.0
2026-08-19,108,SKU-10108,0,0.0
2026-08-20,108,SKU-10108,0,0.0
2026-08-21,108,SKU-10108,0,0.0
2026-08-22,108,SKU-10108,0,0.0
2026-08-23,108,SKU-10108,0,0.0
2026-08-24,108,SKU-10108,0,0.0
2026-08-25,108,SKU-10108,0,0.0
2026-08-26,108,SKU-10108,0,0.0
2026-05-29,109,SKU-10109,5,90.25
2026-05-30,109,SKU-10109,1,18.05
2026-05-31,109,SKU-10109,3,54.15
2026-06-01,109,SKU-10109,0,0.0
2026-06-02,109,SKU-10109,4,72.2
2026-06-03,109,SKU-10109,2,36.1
2026-06-04,109,SKU-10109,2,36.1
2026-06-05,109,SKU-10109,3,54.15
2026-06-06,109,SKU-10109,1,18.05
2026-06-07,109,SKU-10109,2,36.1
2026-06-08,109,SKU-10109,6,108.3
2026-06-09,109,SKU-10109,3,54.15
2026-06-10,109,SKU-10109,3,54.15
2026-06-11,109,SKU-10109,7,126.35
2026-06-12,109,SKU-10109,1,18.05
2026-06-13,109,SKU-10109,0,0.0
2026-06-14,109,SKU-10109,4,72.2
2026-06-15,109,SKU-10109,3,54.15
2026-06-16,109,SKU-10109,2,36.1
2026-06-17,109,SKU-10109,2,36.1
2026-06-18,109,SKU-10109,2,36.1
2026-06-19,109,SKU-10109,2,36.1
2026-06-20,109,SKU-10109,3,54.15
2026-06-21,109,SKU-10109,0,0.0
2026-06-22,109,SKU-10109,3,54.15
2026-06-23,109,SKU-10109,0,0.0
2026-06-24,109,SKU-10109,1,18.05
2026-06-25,109,SKU-10109,1,18.05
2026-06-26,109,SKU-10109,3,54.15
2026-06-27,109,SKU-10109,1,18.05
2026-06-28,109,SKU-10109,4,72.2
2026-06-29,109,SKU-10109,5,90.25
2026-06-30,109,SKU-10109,0,0.0
2026-07-01,109,SKU-10109,3,54.15
2026-07-02,109,SKU-10109,1,18.05
2026-07-03,109,SKU-10109,1,18.05
2026-07-04,109,SKU-10109,3,54.15
2026-07-05,109,SKU-10109,5,90.25
2026-07-06,109,SKU-10109,1,18.05
2026-07-07,109,SKU-10109,1,18.05
2026-07-08,109,SKU-10109,5,90.25
2026-07-09,109,SKU-10109,1,18.05
2026-07-10,109,SKU-10109,3,54.15
2026-07-11,109,SKU-10109,1,18.05
2026-07-12,109,SKU-10109,1,18.05
2026-07-13,109,SKU-10109,5,90.25
2026-07-14,109,SKU-10109,0,0.0
2026-07-15,109,SKU-10109,2,36.1
2026-07-16,109,SKU-10109,1,18.05
2026-07-17,109,SKU-10109,4,72.2
2026-07-18,109,SKU-10109,3,54.15
2026-07-19,109,SKU-10109,3,54.15
2026-07-20,109,SKU-10109,3,54.15
2026-07-21,109,SKU-10109,2,36.1
2026-07-22,109,SKU-10109,2,36.1
2026-07-23,109,SKU-10109,2,36.1
2026-07-24,109,SKU-10109,7,126.35
2026-07-25,109,SKU-10109,3,54.15
2026-07-26,109,SKU-10109,2,36.1
2026-07-27,109,SKU-10109,2,36.1
2026-07-28,109,SKU-10109,2,36.1
2026-07-29,109,SKU-10109,2,36.1
2026-07-30,109,SKU-10109,1,18.05
2026-07-31,109,SKU-10109,7,126.35
2026-08-01,109,SKU-10109,1,18.05
2026-08-02,109,SKU-10109,1,18.05
2026-08-03,109,SKU-10109,2,36.1
2026-08-04,109,SKU-10109,3,54.15
2026-08-05,109,SKU-10109,5,90.25
2026-08-06,109,SKU-10109,0,0.0
2026-08-07,109,SKU-10109,3,54.15
2026-08-08,109,SKU-10109,2,36.1
2026-08-09,109,SKU-10109,0,0.0
2026-08-10,109,SKU-10109,2,36.1
2026-08-11,109,SKU-10109,4,72.2
2026-08-12,109,SKU-10109,3,54.15
2026-08-13,109,SKU-10109,1,18.05
2026-08-14,109,SKU-10109,3,54.15
2026-08-15,109,SKU-10109,5,90.25
2026-08-16,109,SKU-10109,2,36.1
2026-08-17,109,SKU-10109,4,72.2
2026-08-18,109,SKU-10109,3,54.15
2026-08-19,109,SKU-10109,2,36.1
2026-08-20,109,SKU-10109,7,126.35
2026-08-21,109,SKU-10109,4,72.2
2026-08-22,109,SKU-10109,5,90.25
2026-08-23,109,SKU-10109,6,108.3
2026-08-24,109,SKU-10109,3,54.15
2026-08-25,109,SKU-10109,4,72.2
2026-08-26,109,SKU-10109,4,72.2
2026-05-29,110,SKU-10110,0,0.0
2026-05-30,110,SKU-10110,0,0.0
2026-05-31,110,SKU-10110,0,0.0
2026-06-01,110,SKU-10110,1,44.78
2026-06-02,110,SKU-10110,0,0.0
2026-06-03,110,SKU-10110,0,0.0
2026-06-04,110,SKU-10110,0,0.0
2026-06-05,110,SKU-10110,1,44.78
2026-06-06,110,SKU-10110,0,0.0
2026-06-07,110,SKU-10110,0,0.0
2026-06-08,110,SKU-10110,0,0.0
2026-06-09,110,SKU-10110,0,0.0
2026-06-10,110,SKU-10110,0,0.0
2026-06-11,110,SKU-10110,0,0.0
2026-06-12,110,SKU-10110,1,44.78
2026-06-13,110,SKU-10110,1,44.78
2026-06-14,110,SKU-10110,0,0.0
2026-06-15,110,SKU-10110,1,44.78
2026-06-16,110,SKU-10110,1,44.78
2026-06-17,110,SKU-10110,0,0.0
2026-06-18,110,SKU-10110,1,44.78
2026-06-19,110,SKU-10110,0,0.0
2026-06-20,110,SKU-10110,2,89.56
2026-06-21,110,SKU-10110,1,44.78
2026-06-22,110,SKU-10110,0,0.0
2026-06-23,110,SKU-10110,0,0.0
2026-06-24,110,SKU-10110,0,0.0
2026-06-25,110,SKU-10110,3,134.34
2026-06-26,110,SKU-10110,0,0.0
2026-06-27,110,SKU-10110,1,44.78
2026-06-28,110,SKU-10110,1,44.78
2026-06-29,110,SKU-10110,1,44.78
2026-06-30,110,SKU-10110,0,0.0
2026-07-01,110,SKU-10110,1,44.78
2026-07-02,110,SKU-10110,0,0.0
2026-07-03,110,SKU-10110,0,0.0
2026-07-04,110,SKU-10110,3,134.34
2026-07-05,110,SKU-10110,1,44.78
2026-07-06,110,SKU-10110,1,44.78
2026-07-07,110,SKU-10110,1,44.78
2026-07-08,110,SKU-10110,0,0.0
2026-07-09,110,SKU-10110,1,44.78
2026-07-10,110,SKU-10110,0,0.0
2026-07-11,110,SKU-10110,0,0.0
2026-07-12,110,SKU-10110,1,44.78
2026-07-13,110,SKU-10110,0,0.0
2026-07-14,110,SKU-10110,1,44.78
2026-07-15,110,SKU-10110,0,0.0
2026-07-16,110,SKU-10110,0,0.0
2026-07-17,110,SKU-10110,0,0.0
2026-07-18,110,SKU-10110,0,0.0
2026-07-19,110,SKU-10110,1,44.78
2026-07-20,110,SKU-10110,0,0.0
2026-07-21,110,SKU-10110,1,44.78
2026-07-22,110,SKU-10110,1,44.78
2026-07-23,110,SKU-10110,0,0.0
2026-07-24,110,SKU-10110,1,44.78
2026-07-25,110,SKU-10110,1,44.78
2026-07-26,110,SKU-10110,1,44.78
2026-07-27,110,SKU-10110,1,44.78
2026-07-28,110,SKU-10110,0,0.0
2026-07-29,110,SKU-10110,1,44.78
2026-07-30,110,SKU-10110,0,0.0
2026-07-31,110,SKU-10110,0,0.0
2026-08-01,110,SKU-10110,0,0.0
2026-08-02,110,SKU-10110,1,44.78
2026-08-03,110,SKU-10110,2,89.56
2026-08-04,110,SKU-10110,1,44.78
2026-08-05,110,SKU-10110,0,0.0
2026-08-06,110,SKU-10110,1,44.78
2026-08-07,110,SKU-10110,1,44.78
2026-08-08,110,SKU-10110,0,0.0
2026-08-09,110,SKU-10110,0,0.0
2026-08-10,110,SKU-10110,0,0.0
2026-08-11,110,SKU-10110,0,0.0
2026-08-12,110,SKU-10110,1,44.78
2026-08-13,110,SKU-10110,0,0.0
2026-08-14,110,SKU-10110,1,44.78
2026-08-15,110,SKU-10110,0,0.0
2026-08-16,110,SKU-10110,0,0.0
2026-08-17,110,SKU-10110,1,44.78
2026-08-18,110,SKU-10110,0,0.0
2026-08-19,110,SKU-10110,0,0.0
2026-08-20,110,SKU-10110,1,44.78
2026-08-21,110,SKU-10110,0,0.0
2026-08-22,110,SKU-10110,0,0.0
2026-08-23,110,SKU-10110,1,44.78
2026-08-24,110,SKU-10110,2,89.56
2026-08-25,110,SKU-10110,0,0.0
2026-08-26,110,SKU-10110,0,0.0
2026-05-29,111,SKU-10111,2,71.64
2026-05-30,111,SKU-10111,5,179.1
2026-05-31,111,SKU-10111,3,107.46
2026-06-01,111,SKU-10111,11,394.02
2026-06-02,111,SKU-10111,4,143.28
2026-06-03,111,SKU-10111,4,143.28
2026-06-04,111,SKU-10111,2,71.64
2026-06-05,111,SKU-10111,8,286.56
2026-06-06,111,SKU-10111,4,143.28
2026-06-07,111,SKU-10111,4,143.28
2026-06-08,111,SKU-10111,7,250.74
2026-06-09,111,SKU-10111,9,322.38
2026-06-10,111,SKU-10111,5,179.1
2026-06-11,111,SKU-10111,3,107.46
2026-06-12,111,SKU-10111,7,250.74
2026-06-13,111,SKU-10111,6,214.92
2026-06-14,111,SKU-10111,3,107.46
2026-06-15,111,SKU-10111,7,250.74
2026-06-16,111,SKU-10111,0,0.0
2026-06-17,111,SKU-10111,10,358.2
2026-06-18,111,SKU-10111,3,107.46
2026-06-19,111,SKU-10111,1,35.82
2026-06-20,111,SKU-10111,6,214.92
2026-06-21,111,SKU-10111,1,35.82
2026-06-22,111,SKU-10111,4,143.28
2026-06-23,111,SKU-10111,10,358.2
2026-06-24,111,SKU-10111,3,107.46
2026-06-25,111,SKU-10111,5,179.1
2026-06-26,111,SKU-10111,6,214.92
2026-06-27,111,SKU-10111,8,286.56
2026-06-28,111,SKU-10111,1,35.82
2026-06-29,111,SKU-10111,3,107.46
2026-06-30,111,SKU-10111,2,71.64
2026-07-01,111,SKU-10111,2,71.64
2026-07-02,111,SKU-10111,10,358.2
2026-07-03,111,SKU-10111,7,250.74
2026-07-04,111,SKU-10111,8,286.56
2026-07-05,111,SKU-10111,4,143.28
2026-07-06,111,SKU-10111,3,107.46
2026-07-07,111,SKU-10111,4,143.28
2026-07-08,111,SKU-10111,2,71.64
2026-07-09,111,SKU-10111,5,179.1
2026-07-10,111,SKU-10111,2,71.64
2026-07-11,111,SKU-10111,7,250.74
2026-07-12,111,SKU-10111,2,71.64
2026-07-13,111,SKU-10111,2,71.64
2026-07-14,111,SKU-10111,6,214.92
2026-07-15,111,SKU-10111,5,179.1
2026-07-16,111,SKU-10111,2,71.64
2026-07-17,111,SKU-10111,7,250.74
2026-07-18,111,SKU-10111,10,358.2
2026-07-19,111,SKU-10111,5,179.1
2026-07-20,111,SKU-10111,5,179.1
2026-07-21,111,SKU-10111,6,214.92
2026-07-22,111,SKU-10111,5,179.1
2026-07-23,111,SKU-10111,1,35.82
2026-07-24,111,SKU-10111,6,214.92
2026-07-25,111,SKU-10111,8,286.56
2026-07-26,111,SKU-10111,9,322.38
2026-07-27,111,SKU-10111,6,214.92
2026-07-28,111,SKU-10111,6,214.92
2026-07-29,111,SKU-10111,9,322.38
2026-07-30,111,SKU-10111,10,358.2
2026-07-31,111,SKU-10111,13,465.66
2026-08-01,111,SKU-10111,7,250.74
2026-08-02,111,SKU-10111,7,250.74
2026-08-03,111,SKU-10111,7,250.74
2026-08-04,111,SKU-10111,8,286.56
2026-08-05,111,SKU-10111,3,107.46
2026-08-06,111,SKU-10111,8,286.56
2026-08-07,111,SKU-10111,7,250.74
2026-08-08,111,SKU-10111,5,179.1
2026-08-09,111,SKU-10111,7,250.74
2026-08-10,111,SKU-10111,5,179.1
2026-08-11,111,SKU-10111,5,179.1
2026-08-12,111,SKU-10111,6,214.92
2026-08-13,111,SKU-10111,4,143.28
2026-08-14,111,SKU-10111,6,214.92
2026-08-15,111,SKU-10111,10,358.2
2026-08-16,111,SKU-10111,10,358.2
2026-08-17,111,SKU-10111,7,250.74
2026-08-18,111,SKU-10111,5,179.1
2026-08-19,111,SKU-10111,4,143.28
2026-08-20,111,SKU-10111,4,143.28
2026-08-21,111,SKU-10111,6,214.92
2026-08-22,111,SKU-10111,2,71.64
2026-08-23,111,SKU-10111,7,250.74
2026-08-24,111,SKU-10111,5,179.1
2026-08-25,111,SKU-10111,2,71.64
2026-08-26,111,SKU-10111,7,250.74
2026-05-29,112,SKU-10112,0,0.0
2026-05-30,112,SKU-10112,1,16.0
2026-05-31,112,SKU-10112,1,16.0
2026-06-01,112,SKU-10112,2,32.0
2026-06-02,112,SKU-10112,0,0.0
2026-06-03,112,SKU-10112,0,0.0
2026-06-04,112,SKU-10112,0,0.0
2026-06-05,112,SKU-10112,1,16.0
2026-06-06,112,SKU-10112,2,32.0
2026-06-07,112,SKU-10112,0,0.0
2026-06-08,112,SKU-10112,0,0.0
2026-06-09,112,SKU-10112,2,32.0
2026-06-10,112,SKU-10112,0,0.0
2026-06-11,112,SKU-10112,2,32.0
2026-06-12,112,SKU-10112,5,80.0
2026-06-13,112,SKU-10112,0,0.0
2026-06-14,112,SKU-10112,2,32.0
2026-06-15,112,SKU-10112,0,0.0
2026-06-16,112,SKU-10112,0,0.0
2026-06-17,112,SKU-10112,4,64.0
2026-06-18,112,SKU-10112,0,0.0
2026-06-19,112,SKU-10112,0,0.0
2026-06-20,112,SKU-10112,1,16.0
2026-06-21,112,SKU-10112,1,16.0
2026-06-22,112,SKU-10112,0,0.0
2026-06-23,112,SKU-10112,3,48.0
2026-06-24,112,SKU-10112,2,32.0
2026-06-25,112,SKU-10112,1,16.0
2026-06-26,112,SKU-10112,1,16.0
2026-06-27,112,SKU-10112,1,16.0
2026-06-28,112,SKU-10112,0,0.0
2026-06-29,112,SKU-10112,1,16.0
2026-06-30,112,SKU-10112,0,0.0
2026-07-01,112,SKU-10112,1,16.0
2026-07-02,112,SKU-10112,5,80.0
2026-07-03,112,SKU-10112,3,48.0
2026-07-04,112,SKU-10112,3,48.0
2026-07-05,112,SKU-10112,1,16.0
2026-07-06,112,SKU-10112,2,32.0
2026-07-07,112,SKU-10112,3,48.0
2026-07-08,112,SKU-10112,2,32.0
2026-07-09,112,SKU-10112,3,48.0
2026-07-10,112,SKU-10112,4,64.0
2026-07-11,112,SKU-10112,0,0.0
2026-07-12,112,SKU-10112,3,48.0
2026-07-13,112,SKU-10112,1,16.0
2026-07-14,112,SKU-10112,2,32.0
2026-07-15,112,SKU-10112,2,32.0
2026-07-16,112,SKU-10112,1,16.0
2026-07-17,112,SKU-10112,0,0.0
2026-07-18,112,SKU-10112,1,16.0
2026-07-19,112,SKU-10112,1,16.0
2026-07-20,112,SKU-10112,1,16.0
2026-07-21,112,SKU-10112,1,16.0
2026-07-22,112,SKU-10112,2,32.0
2026-07-23,112,SKU-10112,1,16.0
2026-07-24,112,SKU-10112,1,16.0
2026-07-25,112,SKU-10112,1,16.0
2026-07-26,112,SKU-10112,3,48.0
2026-07-27,112,SKU-10112,2,32.0
2026-07-28,112,SKU-10112,0,0.0
2026-07-29,112,SKU-10112,3,48.0
2026-07-30,112,SKU-10112,1,16.0
2026-07-31,112,SKU-10112,2,32.0
2026-08-01,112,SKU-10112,2,32.0
2026-08-02,112,SKU-10112,1,16.0
2026-08-03,112,SKU-10112,2,32.0
2026-08-04,112,SKU-10112,0,0.0
2026-08-05,112,SKU-10112,2,32.0
2026-08-06,112,SKU-10112,3,48.0
2026-08-07,112,SKU-10112,0,0.0
2026-08-08,112,SKU-10112,2,32.0
2026-08-09,112,SKU-10112,2,32.0
2026-08-10,112,SKU-10112,3,48.0
2026-08-11,112,SKU-10112,1,16.0
2026-08-12,112,SKU-10112,1,16.0
2026-08-13,112,SKU-10112,1,16.0
2026-08-14,112,SKU-10112,2,32.0
2026-08-15,112,SKU-10112,0,0.0
2026-08-16,112,SKU-10112,2,32.0
2026-08-17,112,SKU-10112,1,16.0
2026-08-18,112,SKU-10112,2,32.0
2026-08-19,112,SKU-10112,2,32.0
2026-08-20,112,SKU-10112,0,0.0
2026-08-21,112,SKU-10112,1,16.0
2026-08-22,112,SKU-10112,2,32.0
2026-08-23,112,SKU-10112,0,0.0
2026-08-24,112,SKU-10112,1,16.0
2026-08-25,112,SKU-10112,2,32.0
2026-08-26,112,SKU-10112,2,32.0
2026-05-29,113,SKU-10113,1,41.28
2026-05-30,113,SKU-10113,1,41.28
2026-05-31,113,SKU-10113,2,82.56
2026-06-01,113,SKU-10113,1,41.28
2026-06-02,113,SKU-10113,1,41.28
2026-06-03,113,SKU-10113,0,0.0
2026-06-04,113,SKU-10113,0,0.0
2026-06-05,113,SKU-10113,0,0.0
2026-06-06,113,SKU-10113,1,41.28
2026-06-07,113,SKU-10113,1,41.28
2026-06-08,113,SKU-10113,2,82.56
2026-06-09,113,SKU-10113,0,0.0
2026-06-10,113,SKU-10113,0,0.0
2026-06-11,113,SKU-10113,0,0.0
2026-06-12,113,SKU-10113,1,41.28
2026-06-13,113,SKU-10113,1,41.28
2026-06-14,113,SKU-10113,0,0.0
2026-06-15,113,SKU-10113,3,123.84
2026-06-16,113,SKU-10113,0,0.0
2026-06-17,113,SKU-10113,0,0.0
2026-06-18,113,SKU-10113,1,41.28
2026-06-19,113,SKU-10113,3,123.84
2026-06-20,113,SKU-10113,2,82.56
2026-06-21,113,SKU-10113,0,0.0
2026-06-22,113,SKU-10113,3,123.84
2026-06-23,113,SKU-10113,0,0.0
2026-06-24,113,SKU-10113,2,82.56
2026-06-25,113,SKU-10113,0,0.0
2026-06-26,113,SKU-10113,0,0.0
2026-06-27,113,SKU-10113,0,0.0
2026-06-28,113,SKU-10113,0,0.0
2026-06-29,113,SKU-10113,1,41.28
2026-06-30,113,SKU-10113,0,0.0
2026-07-01,113,SKU-10113,0,0.0
2026-07-02,113,SKU-10113,0,0.0
2026-07-03,113,SKU-10113,0,0.0
2026-07-04,113,SKU-10113,1,41.28
2026-07-05,113,SKU-10113,1,41.28
2026-07-06,113,SKU-10113,1,41.28
2026-07-07,113,SKU-10113,1,41.28
2026-07-08,113,SKU-10113,0,0.0
2026-07-09,113,SKU-10113,0,0.0
2026-07-10,113,SKU-10113,0,0.0
2026-07-11,113,SKU-10113,1,41.28
2026-07-12,113,SKU-10113,0,0.0
2026-07-13,113,SKU-10113,2,82.56
2026-07-14,113,SKU-10113,0,0.0
2026-07-15,113,SKU-10113,0,0.0
2026-07-16,113,SKU-10113,0,0.0
2026-07-17,113,SKU-10113,1,41.28
2026-07-18,113,SKU-10113,1,41.28
2026-07-19,113,SKU-10113,2,82.56
2026-07-20,113,SKU-10113,0,0.0
2026-07-21,113,SKU-10113,1,41.28
2026-07-22,113,SKU-10113,2,82.56
2026-07-23,113,SKU-10113,0,0.0
2026-07-24,113,SKU-10113,2,82.56
2026-07-25,113,SKU-10113,0,0.0
2026-07-26,113,SKU-10113,0,0.0
2026-07-27,113,SKU-10113,0,0.0
2026-07-28,113,SKU-10113,0,0.0
2026-07-29,113,SKU-10113,0,0.0
2026-07-30,113,SKU-10113,0,0.0
2026-07-31,113,SKU-10113,1,41.28
2026-08-01,113,SKU-10113,0,0.0
2026-08-02,113,SKU-10113,0,0.0
2026-08-03,113,SKU-10113,1,41.28
2026-08-04,113,SKU-10113,0,0.0
2026-08-05,113,SKU-10113,1,41.28
2026-08-06,113,SKU-10113,0,0.0
2026-08-07,113,SKU-10113,0,0.0
2026-08-08,113,SKU-10113,0,0.0
2026-08-09,113,SKU-10113,0,0.0
2026-08-10,113,SKU-10113,1,41.28
2026-08-11,113,SKU-10113,2,82.56
2026-08-12,113,SKU-10113,1,41.28
2026-08-13,113,SKU-10113,0,0.0
2026-08-14,113,SKU-10113,1,41.28
2026-08-15,113,SKU-10113,0,0.0
2026-08-16,113,SKU-10113,0,0.0
2026-08-17,113,SKU-10113,2,82.56
2026-08-18,113,SKU-10113,2,82.56
2026-08-19,113,SKU-10113,1,41.28
2026-08-20,113,SKU-10113,0,0.0
2026-08-21,113,SKU-10113,2,82.56
2026-08-22,113,SKU-10113,1,41.28
2026-08-23,113,SKU-10113,1,41.28
2026-08-24,113,SKU-10113,1,41.28
2026-08-25,113,SKU-10113,1,41.28
2026-08-26,113,SKU-10113,1,41.28
2026-05-29,114,SKU-10114,0,0.0
2026-05-30,114,SKU-10114,0,0.0
2026-05-31,114,SKU-10114,0,0.0
2026-06-01,114,SKU-10114,0,0.0
2026-06-02,114,SKU-10114,0,0.0
2026-06-03,114,SKU-10114,0,0.0
2026-06-04,114,SKU-10114,1,33.84
2026-06-05,114,SKU-10114,0,0.0
2026-06-06,114,SKU-10114,0,0.0
2026-06-07,114,SKU-10114,0,0.0
2026-06-08,114,SKU-10114,1,33.84
2026-06-09,114,SKU-10114,0,0.0
2026-06-10,114,SKU-10114,0,0.0
2026-06-11,114,SKU-10114,0,0.0
2026-06-12,114,SKU-10114,0,0.0
2026-06-13,114,SKU-10114,1,33.84
2026-06-14,114,SKU-10114,0,0.0
2026-06-15,114,SKU-10114,0,0.0
2026-06-16,114,SKU-10114,0,0.0
2026-06-17,114,SKU-10114,0,0.0
2026-06-18,114,SKU-10114,0,0.0
2026-06-19,114,SKU-10114,0,0.0
2026-06-20,114,SKU-10114,0,0.0
2026-06-21,114,SKU-10114,1,33.84
2026-06-22,114,SKU-10114,1,33.84
2026-06-23,114,SKU-10114,0,0.0
2026-06-24,114,SKU-10114,0,0.0
2026-06-25,114,SKU-10114,1,33.84
2026-06-26,114,SKU-10114,0,0.0
2026-06-27,114,SKU-10114,0,0.0
2026-06-28,114,SKU-10114,1,33.84
2026-06-29,114,SKU-10114,0,0.0
2026-06-30,114,SKU-10114,1,33.84
2026-07-01,114,SKU-10114,0,0.0
2026-07-02,114,SKU-10114,1,33.84
2026-07-03,114,SKU-10114,1,33.84
2026-07-04,114,SKU-10114,1,33.84
2026-07-05,114,SKU-10114,0,0.0
2026-07-06,114,SKU-10114,0,0.0
2026-07-07,114,SKU-10114,0,0.0
2026-07-08,114,SKU-10114,0,0.0
2026-07-09,114,SKU-10114,0,0.0
2026-07-10,114,SKU-10114,0,0.0
2026-07-11,114,SKU-10114,0,0.0
2026-07-12,114,SKU-10114,1,33.84
2026-07-13,114,SKU-10114,1,33.84
2026-07-14,114,SKU-10114,0,0.0
2026-07-15,114,SKU-10114,0,0.0
2026-07-16,114,SKU-10114,0,0.0
2026-07-17,114,SKU-10114,0,0.0
2026-07-18,114,SKU-10114,0,0.0
2026-07-19,114,SKU-10114,0,0.0
2026-07-20,114,SKU-10114,0,0.0
2026-07-21,114,SKU-10114,1,33.84
2026-07-22,114,SKU-10114,0,0.0
2026-07-23,114,SKU-10114,0,0.0
2026-07-24,114,SKU-10114,0,0.0
2026-07-25,114,SKU-10114,0,0.0
2026-07-26,114,SKU-10114,0,0.0
2026-07-27,114,SKU-10114,0,0.0
2026-07-28,114,SKU-10114,0,0.0
2026-07-29,114,SKU-10114,0,0.0
2026-07-30,114,SKU-10114,0,0.0
2026-07-31,114,SKU-10114,0,0.0
2026-08-01,114,SKU-10114,0,0.0
2026-08-02,114,SKU-10114,0,0.0
2026-08-03,114,SKU-10114,0,0.0
2026-08-04,114,SKU-10114,0,0.0
2026-08-05,114,SKU-10114,0,0.0
2026-08-06,114,SKU-10114,0,0.0
2026-08-07,114,SKU-10114,1,33.84
2026-08-08,114,SKU-10114,1,33.84
2026-08-09,114,SKU-10114,1,33.84
2026-08-10,114,SKU-10114,0,0.0
2026-08-11,114,SKU-10114,0,0.0
2026-08-12,114,SKU-10114,1,33.84
2026-08-13,114,SKU-10114,0,0.0
2026-08-14,114,SKU-10114,1,33.84
2026-08-15,114,SKU-10114,0,0.0
2026-08-16,114,SKU-10114,0,0.0
2026-08-17,114,SKU-10114,3,101.52
2026-08-18,114,SKU-10114,1,33.84
2026-08-19,114,SKU-10114,0,0.0
2026-08-20,114,SKU-10114,0,0.0
2026-08-21,114,SKU-10114,1,33.84
2026-08-22,114,SKU-10114,1,33.84
2026-08-23,114,SKU-10114,0,0.0
2026-08-24,114,SKU-10114,0,0.0
2026-08-25,114,SKU-10114,0,0.0
2026-08-26,114,SKU-10114,0,0.0
2026-05-29,115,SKU-10115,3,423.0
2026-05-30,115,SKU-10115,3,423.0
2026-05-31,115,SKU-10115,5,705.0
2026-06-01,115,SKU-10115,2,282.0
2026-06-02,115,SKU-10115,3,423.0
2026-06-03,115,SKU-10115,5,705.0
2026-06-04,115,SKU-10115,1,141.0
2026-06-05,115,SKU-10115,6,846.0
2026-06-06,115,SKU-10115,7,987.0
2026-06-07,115,SKU-10115,8,1128.0
2026-06-08,115,SKU-10115,3,423.0
2026-06-09,115,SKU-10115,1,141.0
2026-06-10,115,SKU-10115,6,846.0
2026-06-11,115,SKU-10115,3,423.0
2026-06-12,115,SKU-10115,2,282.0
2026-06-13,115,SKU-10115,6,846.0
2026-06-14,115,SKU-10115,5,705.0
2026-06-15,115,SKU-10115,4,564.0
2026-06-16,115,SKU-10115,4,564.0
2026-06-17,115,SKU-10115,2,282.0
2026-06-18,115,SKU-10115,4,564.0
2026-06-19,115,SKU-10115,3,423.0
2026-06-20,115,SKU-10115,4,564.0
2026-06-21,115,SKU-10115,3,423.0
2026-06-22,115,SKU-10115,4,564.0
2026-06-23,115,SKU-10115,5,705.0
2026-06-24,115,SKU-10115,2,282.0
2026-06-25,115,SKU-10115,7,987.0
2026-06-26,115,SKU-10115,9,1269.0
2026-06-27,115,SKU-10115,5,705.0
2026-06-28,115,SKU-10115,6,846.0
2026-06-29,115,SKU-10115,0,0.0
2026-06-30,115,SKU-10115,4,564.0
2026-07-01,115,SKU-10115,4,564.0
2026-07-02,115,SKU-10115,4,564.0
2026-07-03,115,SKU-10115,1,141.0
2026-07-04,115,SKU-10115,5,705.0
2026-07-05,115,SKU-10115,6,846.0
2026-07-06,115,SKU-10115,5,705.0
2026-07-07,115,SKU-10115,3,423.0
2026-07-08,115,SKU-10115,5,705.0
2026-07-09,115,SKU-10115,4,564.0
2026-07-10,115,SKU-10115,4,564.0
2026-07-11,115,SKU-10115,1,141.0
2026-07-12,115,SKU-10115,3,423.0
2026-07-13,115,SKU-10115,2,282.0
2026-07-14,115,SKU-10115,5,705.0
2026-07-15,115,SKU-10115,7,987.0
2026-07-16,115,SKU-10115,3,423.0
2026-07-17,115,SKU-10115,9,1269.0
2026-07-18,115,SKU-10115,5,705.0
2026-07-19,115,SKU-10115,2,282.0
2026-07-20,115,SKU-10115,3,423.0
2026-07-21,115,SKU-10115,6,846.0
2026-07-22,115,SKU-10115,9,1269.0
2026-07-23,115,SKU-10115,4,564.0
2026-07-24,115,SKU-10115,5,705.0
2026-07-25,115,SKU-10115,4,564.0
2026-07-26,115,SKU-10115,5,705.0
2026-07-27,115,SKU-10115,0,0.0
2026-07-28,115,SKU-10115,5,705.0
2026-07-29,115,SKU-10115,5,705.0
2026-07-30,115,SKU-10115,3,423.0
2026-07-31,115,SKU-10115,5,705.0
2026-08-01,115,SKU-10115,3,423.0
2026-08-02,115,SKU-10115,2,282.0
2026-08-03,115,SKU-10115,2,282.0
2026-08-04,115,SKU-10115,3,423.0
2026-08-05,115,SKU-10115,3,423.0
2026-08-06,115,SKU-10115,4,564.0
2026-08-07,115,SKU-10115,4,564.0
2026-08-08,115,SKU-10115,5,705.0
2026-08-09,115,SKU-10115,4,564.0
2026-08-10,115,SKU-10115,7,987.0
2026-08-11,115,SKU-10115,3,423.0
2026-08-12,115,SKU-10115,3,423.0
2026-08-13,115,SKU-10115,2,282.0
2026-08-14,115,SKU-10115,6,846.0
2026-08-15,115,SKU-10115,5,705.0
2026-08-16,115,SKU-10115,5,705.0
2026-08-17,115,SKU-10115,4,564.0
2026-08-18,115,SKU-10115,3,423.0
2026-08-19,115,SKU-10115,3,423.0
2026-08-20,115,SKU-10115,3,423.0
2026-08-21,115,SKU-10115,10,1410.0
2026-08-22,115,SKU-10115,4,564.0
2026-08-23,115,SKU-10115,3,423.0
2026-08-24,115,SKU-10115,4,564.0
2026-08-25,115,SKU-10115,3,423.0
2026-08-26,115,SKU-10115,4,564.0
2026-05-29,116,SKU-10116,6,182.34
2026-05-30,116,SKU-10116,5,151.95
2026-05-31,116,SKU-10116,5,151.95
2026-06-01,116,SKU-10116,9,273.51
2026-06-02,116,SKU-10116,5,151.95
2026-06-03,116,SKU-10116,5,151.95
2026-06-04,116,SKU-10116,3,91.17
2026-06-05,116,SKU-10116,8,243.12
2026-06-06,116,SKU-10116,5,151.95
2026-06-07,116,SKU-10116,4,121.56
2026-06-08,116,SKU-10116,2,60.78
2026-06-09,116,SKU-10116,10,303.9
2026-06-10,116,SKU-10116,10,303.9
2026-06-11,116,SKU-10116,4,121.56
2026-06-12,116,SKU-10116,11,334.29
2026-06-13,116,SKU-10116,5,151.95
2026-06-14,116,SKU-10116,6,182.34
2026-06-15,116,SKU-10116,3,91.17
2026-06-16,116,SKU-10116,9,273.51
2026-06-17,116,SKU-10116,5,151.95
2026-06-18,116,SKU-10116,13,395.07
2026-06-19,116,SKU-10116,10,303.9
2026-06-20,116,SKU-10116,5,151.95
2026-06-21,116,SKU-10116,5,151.95
2026-06-22,116,SKU-10116,6,182.34
2026-06-23,116,SKU-10116,9,273.51
2026-06-24,116,SKU-10116,6,182.34
2026-06-25,116,SKU-10116,6,182.34
2026-06-26,116,SKU-10116,6,182.34
2026-06-27,116,SKU-10116,5,151.95
2026-06-28,116,SKU-10116,6,182.34
2026-06-29,116,SKU-10116,5,151.95
2026-06-30,116,SKU-10116,5,151.95
2026-07-01,116,SKU-10116,9,273.51
2026-07-02,116,SKU-10116,9,273.51
2026-07-03,116,SKU-10116,12,364.68
2026-07-04,116,SKU-10116,5,151.95
2026-07-05,116,SKU-10116,4,121.56
2026-07-06,116,SKU-10116,6,182.34
2026-07-07,116,SKU-10116,6,182.34
2026-07-08,116,SKU-10116,8,243.12
2026-07-09,116,SKU-10116,8,243.12
2026-07-10,116,SKU-10116,3,91.17
2026-07-11,116,SKU-10116,8,243.12
2026-07-12,116,SKU-10116,10,303.9
2026-07-13,116,SKU-10116,4,121.56
2026-07-14,116,SKU-10116,3,91.17
2026-07-15,116,SKU-10116,3,91.17
2026-07-16,116,SKU-10116,4,121.56
2026-07-17,116,SKU-10116,6,182.34
2026-07-18,116,SKU-10116,6,182.34
2026-07-19,116,SKU-10116,10,303.9
2026-07-20,116,SKU-10116,3,91.17
2026-07-21,116,SKU-10116,6,182.34
2026-07-22,116,SKU-10116,6,182.34
2026-07-23,116,SKU-10116,3,91.17
2026-07-24,116,SKU-10116,9,273.51
2026-07-25,116,SKU-10116,6,182.34
2026-07-26,116,SKU-10116,10,303.9
2026-07-27,116,SKU-10116,8,243.12
2026-07-28,116,SKU-10116,3,91.17
2026-07-29,116,SKU-10116,4,121.56
2026-07-30,116,SKU-10116,8,243.12
2026-07-31,116,SKU-10116,10,303.9
2026-08-01,116,SKU-10116,7,212.73
2026-08-02,116,SKU-10116,6,182.34
2026-08-03,116,SKU-10116,6,182.34
2026-08-04,116,SKU-10116,5,151.95
2026-08-05,116,SKU-10116,7,212.73
2026-08-06,116,SKU-10116,3,91.17
2026-08-07,116,SKU-10116,9,273.51
2026-08-08,116,SKU-10116,7,212.73
2026-08-09,116,SKU-10116,8,243.12
2026-08-10,116,SKU-10116,10,303.9
2026-08-11,116,SKU-10116,11,334.29
2026-08-12,116,SKU-10116,8,243.12
2026-08-13,116,SKU-10116,6,182.34
2026-08-14,116,SKU-10116,13,395.07
2026-08-15,116,SKU-10116,11,334.29
2026-08-16,116,SKU-10116,7,212.73
2026-08-17,116,SKU-10116,10,303.9
2026-08-18,116,SKU-10116,5,151.95
2026-08-19,116,SKU-10116,6,182.34
2026-08-20,116,SKU-10116,9,273.51
2026-08-21,116,SKU-10116,6,182.34
2026-08-22,116,SKU-10116,5,151.95
2026-08-23,116,SKU-10116,2,60.78
2026-08-24,116,SKU-10116,7,212.73
2026-08-25,116,SKU-10116,7,212.73
2026-08-26,116,SKU-10116,3,91.17
2026-05-29,117,SKU-10117,0,0.0
2026-05-30,117,SKU-10117,0,0.0
2026-05-31,117,SKU-10117,1,19.43
2026-06-01,117,SKU-10117,1,19.43
2026-06-02,117,SKU-10117,0,0.0
2026-06-03,117,SKU-10117,1,19.43
2026-06-04,117,SKU-10117,0,0.0
2026-06-05,117,SKU-10117,1,19.43
2026-06-06,117,SKU-10117,0,0.0
2026-06-07,117,SKU-10117,2,38.86
2026-06-08,117,SKU-10117,1,19.43
2026-06-09,117,SKU-10117,1,19.43
2026-06-10,117,SKU-10117,2,38.86
2026-06-11,117,SKU-10117,1,19.43
2026-06-12,117,SKU-10117,3,58.29
2026-06-13,117,SKU-10117,0,0.0
2026-06-14,117,SKU-10117,1,19.43
2026-06-15,117,SKU-10117,0,0.0
2026-06-16,117,SKU-10117,2,38.86
2026-06-17,117,SKU-10117,0,0.0
2026-06-18,117,SKU-10117,0,0.0
2026-06-19,117,SKU-10117,1,19.43
2026-06-20,117,SKU-10117,0,0.0
2026-06-21,117,SKU-10117,1,19.43
2026-06-22,117,SKU-10117,1,19.43
2026-06-23,117,SKU-10117,0,0.0
2026-06-24,117,SKU-10117,0,0.0
2026-06-25,117,SKU-10117,2,38.86
2026-06-26,117,SKU-10117,0,0.0
2026-06-27,117,SKU-10117,1,19.43
2026-06-28,117,SKU-10117,2,38.86
2026-06-29,117,SKU-10117,0,0.0
2026-06-30,117,SKU-10117,3,58.29
2026-07-01,117,SKU-10117,1,19.43
2026-07-02,117,SKU-10117,1,19.43
2026-07-03,117,SKU-10117,2,38.86
2026-07-04,117,SKU-10117,2,38.86
2026-07-05,117,SKU-10117,0,0.0
2026-07-06,117,SKU-10117,1,19.43
2026-07-07,117,SKU-10117,1,19.43
2026-07-08,117,SKU-10117,0,0.0
2026-07-09,117,SKU-10117,2,38.86
2026-07-10,117,SKU-10117,2,38.86
2026-07-11,117,SKU-10117,1,19.43
2026-07-12,117,SKU-10117,0,0.0
2026-07-13,117,SKU-10117,0,0.0
2026-07-14,117,SKU-10117,1,19.43
2026-07-15,117,SKU-10117,0,0.0
2026-07-16,117,SKU-10117,3,58.29
2026-07-17,117,SKU-10117,1,19.43
2026-07-18,117,SKU-10117,1,19.43
2026-07-19,117,SKU-10117,1,19.43
2026-07-20,117,SKU-10117,0,0.0
2026-07-21,117,SKU-10117,3,58.29
2026-07-22,117,SKU-10117,2,38.86
2026-07-23,117,SKU-10117,2,38.86
2026-07-24,117,SKU-10117,2,38.86
2026-07-25,117,SKU-10117,1,19.43
2026-07-26,117,SKU-10117,0,0.0
2026-07-27,117,SKU-10117,2,38.86
2026-07-28,117,SKU-10117,0,0.0
2026-07-29,117,SKU-10117,2,38.86
2026-07-30,117,SKU-10117,1,19.43
2026-07-31,117,SKU-10117,2,38.86
2026-08-01,117,SKU-10117,2,38.86
2026-08-02,117,SKU-10117,0,0.0
2026-08-03,117,SKU-10117,0,0.0
2026-08-04,117,SKU-10117,1,19.43
2026-08-05,117,SKU-10117,1,19.43
2026-08-06,117,SKU-10117,1,19.43
2026-08-07,117,SKU-10117,1,19.43
2026-08-08,117,SKU-10117,1,19.43
2026-08-09,117,SKU-10117,1,19.43
2026-08-10,117,SKU-10117,1,19.43
2026-08-11,117,SKU-10117,0,0.0
2026-08-12,117,SKU-10117,0,0.0
2026-08-13,117,SKU-10117,0,0.0
2026-08-14,117,SKU-10117,4,77.72
2026-08-15,117,SKU-10117,1,19.43
2026-08-16,117,SKU-10117,1,19.43
2026-08-17,117,SKU-10117,1,19.43
2026-08-18,117,SKU-10117,2,38.86
2026-08-19,117,SKU-10117,1,19.43
2026-08-20,117,SKU-10117,2,38.86
2026-08-21,117,SKU-10117,4,77.72
2026-08-22,117,SKU-10117,1,19.43
2026-08-23,117,SKU-10117,0,0.0
2026-08-24,117,SKU-10117,2,38.86
2026-08-25,117,SKU-10117,0,0.0
2026-08-26,117,SKU-10117,1,19.43
2026-05-29,118,SKU-10118,0,0.0
2026-05-30,118,SKU-10118,0,0.0
2026-05-31,118,SKU-10118,0,0.0
2026-06-01,118,SKU-10118,0,0.0
2026-06-02,118,SKU-10118,0,0.0
2026-06-03,118,SKU-10118,0,0.0
2026-06-04,118,SKU-10118,0,0.0
2026-06-05,118,SKU-10118,0,0.0
2026-06-06,118,SKU-10118,0,0.0
2026-06-07,118,SKU-10118,0,0.0
2026-06-08,118,SKU-10118,0,0.0
2026-06-09,118,SKU-10118,0,0.0
2026-06-10,118,SKU-10118,0,0.0
2026-06-11,118,SKU-10118,0,0.0
2026-06-12,118,SKU-10118,0,0.0
2026-06-13,118,SKU-10118,0,0.0
2026-06-14,118,SKU-10118,0,0.0
2026-06-15,118,SKU-10118,0,0.0
2026-06-16,118,SKU-10118,0,0.0
2026-06-17,118,SKU-10118,0,0.0
2026-06-18,118,SKU-10118,0,0.0
2026-06-19,118,SKU-10118,0,0.0
2026-06-20,118,SKU-10118,0,0.0
2026-06-21,118,SKU-10118,0,0.0
2026-06-22,118,SKU-10118,0,0.0
2026-06-23,118,SKU-10118,0,0.0
2026-06-24,118,SKU-10118,0,0.0
2026-06-25,118,SKU-10118,0,0.0
2026-06-26,118,SKU-10118,0,0.0
2026-06-27,118,SKU-10118,0,0.0
2026-06-28,118,SKU-10118,0,0.0
2026-06-29,118,SKU-10118,0,0.0
2026-06-30,118,SKU-10118,0,0.0
2026-07-01,118,SKU-10118,0,0.0
2026-07-02,118,SKU-10118,0,0.0
2026-07-03,118,SKU-10118,0,0.0
2026-07-04,118,SKU-10118,0,0.0
2026-07-05,118,SKU-10118,0,0.0
2026-07-06,118,SKU-10118,0,0.0
2026-07-07,118,SKU-10118,0,0.0
2026-07-08,118,SKU-10118,0,0.0
2026-07-09,118,SKU-10118,0,0.0
2026-07-10,118,SKU-10118,0,0.0
2026-07-11,118,SKU-10118,0,0.0
2026-07-12,118,SKU-10118,0,0.0
2026-07-13,118,SKU-10118,0,0.0
2026-07-14,118,SKU-10118,0,0.0
2026-07-15,118,SKU-10118,0,0.0
2026-07-16,118,SKU-10118,0,0.0
2026-07-17,118,SKU-10118,0,0.0
2026-07-18,118,SKU-10118,0,0.0
2026-07-19,118,SKU-10118,0,0.0
2026-07-20,118,SKU-10118,0,0.0
2026-07-21,118,SKU-10118,0,0.0
2026-07-22,118,SKU-10118,0,0.0
2026-07-23,118,SKU-10118,0,0.0
2026-07-24,118,SKU-10118,0,0.0
2026-07-25,118,SKU-10118,0,0.0
2026-07-26,118,SKU-10118,0,0.0
2026-07-27,118,SKU-10118,0,0.0
2026-07-28,118,SKU-10118,0,0.0
2026-07-29,118,SKU-10118,0,0.0
2026-07-30,118,SKU-10118,0,0.0
2026-07-31,118,SKU-10118,0,0.0
2026-08-01,118,SKU-10118,0,0.0
2026-08-02,118,SKU-10118,0,0.0
2026-08-03,118,SKU-10118,0,0.0
2026-08-04,118,SKU-10118,0,0.0
2026-08-05,118,SKU-10118,0,0.0
2026-08-06,118,SKU-10118,0,0.0
2026-08-07,118,SKU-10118,0,0.0
2026-08-08,118,SKU-10118,0,0.0
2026-08-09,118,SKU-10118,0,0.0
2026-08-10,118,SKU-10118,0,0.0
2026-08-11,118,SKU-10118,0,0.0
2026-08-12,118,SKU-10118,0,0.0
2026-08-13,118,SKU-10118,0,0.0
2026-08-14,118,SKU-10118,0,0.0
2026-08-15,118,SKU-10118,0,0.0
2026-08-16,118,SKU-10118,0,0.0
2026-08-17,118,SKU-10118,0,0.0
2026-08-18,118,SKU-10118,0,0.0
2026-08-19,118,SKU-10118,0,0.0
2026-08-20,118,SKU-10118,0,0.0
2026-08-21,118,SKU-10118,0,0.0
2026-08-22,118,SKU-10118,0,0.0
2026-08-23,118,SKU-10118,0,0.0
2026-08-24,118,SKU-10118,0,0.0
2026-08-25,118,SKU-10118,0,0.0
2026-08-26,118,SKU-10118,0,0.0
2026-05-29,119,SKU-10119,2,287.06
2026-05-30,119,SKU-10119,2,287.06
2026-05-31,119,SKU-10119,2,287.06
2026-06-01,119,SKU-10119,1,143.53
2026-06-02,119,SKU-10119,0,0.0
2026-06-03,119,SKU-10119,1,143.53
2026-06-04,119,SKU-10119,1,143.53
2026-06-05,119,SKU-10119,2,287.06
2026-06-06,119,SKU-10119,2,287.06
2026-06-07,119,SKU-10119,1,143.53
2026-06-08,119,SKU-10119,4,574.12
2026-06-09,119,SKU-10119,2,287.06
2026-06-10,119,SKU-10119,2,287.06
2026-06-11,119,SKU-10119,1,143.53
2026-06-12,119,SKU-10119,6,861.18
2026-06-13,119,SKU-10119,1,143.53
2026-06-14,119,SKU-10119,0,0.0
2026-06-15,119,SKU-10119,2,287.06
2026-06-16,119,SKU-10119,1,143.53
2026-06-17,119,SKU-10119,2,287.06
2026-06-18,119,SKU-10119,4,574.12
2026-06-19,119,SKU-10119,0,0.0
2026-06-20,119,SKU-10119,1,143.53
2026-06-21,119,SKU-10119,0,0.0
2026-06-22,119,SKU-10119,1,143.53
2026-06-23,119,SKU-10119,3,430.59
2026-06-24,119,SKU-10119,2,287.06
2026-06-25,119,SKU-10119,4,574.12
2026-06-26,119,SKU-10119,2,287.06
2026-06-27,119,SKU-10119,1,143.53
2026-06-28,119,SKU-10119,1,143.53
2026-06-29,119,SKU-10119,0,0.0
2026-06-30,119,SKU-10119,2,287.06
2026-07-01,119,SKU-10119,4,574.12
2026-07-02,119,SKU-10119,4,574.12
2026-07-03,119,SKU-10119,3,430.59
2026-07-04,119,SKU-10119,1,143.53
2026-07-05,119,SKU-10119,2,287.06
2026-07-06,119,SKU-10119,2,287.06
2026-07-07,119,SKU-10119,1,143.53
2026-07-08,119,SKU-10119,1,143.53
2026-07-09,119,SKU-10119,1,143.53
2026-07-10,119,SKU-10119,4,574.12
2026-07-11,119,SKU-10119,0,0.0
2026-07-12,119,SKU-10119,2,287.06
2026-07-13,119,SKU-10119,2,287.06
2026-07-14,119,SKU-10119,1,143.53
2026-07-15,119,SKU-10119,1,143.53
2026-07-16,119,SKU-10119,2,287.06
2026-07-17,119,SKU-10119,0,0.0
2026-07-18,119,SKU-10119,2,287.06
2026-07-19,119,SKU-10119,3,430.59
2026-07-20,119,SKU-10119,1,143.53
2026-07-21,119,SKU-10119,1,143.53
2026-07-22,119,SKU-10119,0,0.0
2026-07-23,119,SKU-10119,5,717.65
2026-07-24,119,SKU-10119,2,287.06
2026-07-25,119,SKU-10119,0,0.0
2026-07-26,119,SKU-10119,2,287.06
2026-07-27,119,SKU-10119,2,287.06
2026-07-28,119,SKU-10119,3,430.59
2026-07-29,119,SKU-10119,1,143.53
2026-07-30,119,SKU-10119,1,143.53
2026-07-31,119,SKU-10119,0,0.0
2026-08-01,119,SKU-10119,0,0.0
2026-08-02,119,SKU-10119,0,0.0
2026-08-03,119,SKU-10119,4,574.12
2026-08-04,119,SKU-10119,2,287.06
2026-08-05,119,SKU-10119,2,287.06
2026-08-06,119,SKU-10119,3,430.59
2026-08-07,119,SKU-10119,3,430.59
2026-08-08,119,SKU-10119,2,287.06
2026-08-09,119,SKU-10119,1,143.53
2026-08-10,119,SKU-10119,2,287.06
2026-08-11,119,SKU-10119,1,143.53
2026-08-12,119,SKU-10119,2,287.06
2026-08-13,119,SKU-10119,2,287.06
2026-08-14,119,SKU-10119,2,287.06
2026-08-15,119,SKU-10119,1,143.53
2026-08-16,119,SKU-10119,2,287.06
2026-08-17,119,SKU-10119,2,287.06
2026-08-18,119,SKU-10119,0,0.0
2026-08-19,119,SKU-10119,1,143.53
2026-08-20,119,SKU-10119,1,143.53
2026-08-21,119,SKU-10119,2,287.06
2026-08-22,119,SKU-10119,0,0.0
2026-08-23,119,SKU-10119,0,0.0
2026-08-24,119,SKU-10119,1,143.53
2026-08-25,119,SKU-10119,2,287.06
2026-08-26,119,SKU-10119,0,0.0
2026-05-29,120,SKU-10120,0,0.0
2026-05-30,120,SKU-10120,0,0.0
2026-05-31,120,SKU-10120,0,0.0
2026-06-01,120,SKU-10120,0,0.0
2026-06-02,120,SKU-10120,0,0.0
2026-06-03,120,SKU-10120,0,0.0
2026-06-04,120,SKU-10120,0,0.0
2026-06-05,120,SKU-10120,0,0.0
2026-06-06,120,SKU-10120,0,0.0
2026-06-07,120,SKU-10120,0,0.0
2026-06-08,120,SKU-10120,0,0.0
2026-06-09,120,SKU-10120,0,0.0
2026-06-10,120,SKU-10120,0,0.0
2026-06-11,120,SKU-10120,0,0.0
2026-06-12,120,SKU-10120,0,0.0
2026-06-13,120,SKU-10120,0,0.0
2026-06-14,120,SKU-10120,0,0.0
2026-06-15,120,SKU-10120,0,0.0
2026-06-16,120,SKU-10120,0,0.0
2026-06-17,120,SKU-10120,0,0.0
2026-06-18,120,SKU-10120,0,0.0
2026-06-19,120,SKU-10120,0,0.0
2026-06-20,120,SKU-10120,0,0.0
2026-06-21,120,SKU-10120,0,0.0
2026-06-22,120,SKU-10120,0,0.0
2026-06-23,120,SKU-10120,0,0.0
2026-06-24,120,SKU-10120,0,0.0
2026-06-25,120,SKU-10120,0,0.0
2026-06-26,120,SKU-10120,0,0.0
2026-06-27,120,SKU-10120,0,0.0
2026-06-28,120,SKU-10120,0,0.0
2026-06-29,120,SKU-10120,0,0.0
2026-06-30,120,SKU-10120,0,0.0
2026-07-01,120,SKU-10120,0,0.0
2026-07-02,120,SKU-10120,0,0.0
2026-07-03,120,SKU-10120,0,0.0
2026-07-04,120,SKU-10120,0,0.0
2026-07-05,120,SKU-10120,0,0.0
2026-07-06,120,SKU-10120,0,0.0
2026-07-07,120,SKU-10120,0,0.0
2026-07-08,120,SKU-10120,0,0.0
2026-07-09,120,SKU-10120,0,0.0
2026-07-10,120,SKU-10120,0,0.0
2026-07-11,120,SKU-10120,0,0.0
2026-07-12,120,SKU-10120,0,0.0
2026-07-13,120,SKU-10120,0,0.0
2026-07-14,120,SKU-10120,0,0.0
2026-07-15,120,SKU-10120,0,0.0
2026-07-16,120,SKU-10120,0,0.0
2026-07-17,120,SKU-10120,0,0.0
2026-07-18,120,SKU-10120,0,0.0
2026-07-19,120,SKU-10120,0,0.0
2026-07-20,120,SKU-10120,0,0.0
2026-07-21,120,SKU-10120,0,0.0
2026-07-22,120,SKU-10120,0,0.0
2026-07-23,120,SKU-10120,0,0.0
2026-07-24,120,SKU-10120,0,0.0
2026-07-25,120,SKU-10120,0,0.0
2026-07-26,120,SKU-10120,0,0.0
2026-07-27,120,SKU-10120,0,0.0
2026-07-28,120,SKU-10120,0,0.0
2026-07-29,120,SKU-10120,0,0.0
2026-07-30,120,SKU-10120,0,0.0
2026-07-31,120,SKU-10120,0,0.0
2026-08-01,120,SKU-10120,0,0.0
2026-08-02,120,SKU-10120,0,0.0
2026-08-03,120,SKU-10120,0,0.0
2026-08-04,120,SKU-10120,0,0.0
2026-08-05,120,SKU-10120,0,0.0
2026-08-06,120,SKU-10120,0,0.0
2026-08-07,120,SKU-10120,0,0.0
2026-08-08,120,SKU-10120,0,0.0
2026-08-09,120,SKU-10120,0,0.0
2026-08-10,120,SKU-10120,0,0.0
2026-08-11,120,SKU-10120,0,0.0
2026-08-12,120,SKU-10120,0,0.0
2026-08-13,120,SKU-10120,0,0.0
2026-08-14,120,SKU-10120,0,0.0
2026-08-15,120,SKU-10120,0,0.0
2026-08-16,120,SKU-10120,0,0.0
2026-08-17,120,SKU-10120,0,0.0
2026-08-18,120,SKU-10120,0,0.0
2026-08-19,120,SKU-10120,0,0.0
2026-08-20,120,SKU-10120,0,0.0
2026-08-21,120,SKU-10120,0,0.0
2026-08-22,120,SKU-10120,0,0.0
2026-08-23,120,SKU-10120,0,0.0
2026-08-24,120,SKU-10120,0,0.0
2026-08-25,120,SKU-10120,0,0.0
2026-08-26,120,SKU-10120,0,0.0
